movie_id,movie_name,genre,release_date,rating,box_office,imdb_rating,budget,multigenre,multilanguage,multicompany,multicountry,Country,Year,runtime,Nominations,Wins
8844,Jumanji,"Adventure, Fantasy, Family",1995-12-15,6.9,100476482.0,,65000000.0,yes,yes,yes,no,,,,,
31357,Waiting to Exhale,"Comedy, Drama, Romance",1995-12-22,6.1,,,16000000.0,yes,no,no,no,,,,,
949,Heat,"Action, Crime, Drama, Thriller",1995-12-15,7.7,67449619.0,,60000000.0,yes,yes,yes,no,,,,,
9091,Sudden Death,"Action, Adventure, Thriller",1995-12-22,5.5,,,35000000.0,yes,no,yes,no,,,,,
710,GoldenEye,"Adventure, Action, Thriller",1995-11-16,6.6,106430619.0,,58000000.0,yes,yes,yes,yes,,,,,
9087,The American President,"Comedy, Drama, Romance",1995-11-17,6.5,,,62000000.0,yes,no,yes,no,,,,,
1408,Cutthroat Island,"Action, Adventure",1995-12-22,5.7,,,98000000.0,yes,yes,yes,yes,,,,,
524,Casino,"Drama, Crime",1995-11-22,7.8,68972551.0,,52000000.0,yes,no,yes,yes,,,,,
4584,Sense and Sensibility,"Drama, Romance",1995-12-13,7.2,43184363.0,,16500000.0,yes,no,yes,yes,,,,,
5,Four Rooms,"Crime, Comedy",1995-12-09,6.5,,,4000000.0,yes,no,yes,no,,,,,
9273,Ace Ventura: When Nature Calls,"Crime, Comedy, Adventure",1995-11-10,6.1,,,30000000.0,yes,no,yes,no,,,,,
11517,Money Train,"Action, Comedy, Crime",1995-11-21,5.4,,,60000000.0,yes,no,no,no,,,,,
8012,Get Shorty,"Comedy, Thriller, Crime",1995-10-20,6.4,,,30250000.0,yes,no,yes,no,,,,,
9691,Assassins,"Action, Adventure, Crime, Thriller",1995-10-06,6.0,,,50000000.0,yes,yes,yes,yes,,,,,
451,Leaving Las Vegas,"Drama, Romance",1995-10-27,7.1,,,3600000.0,yes,no,yes,no,,,,,
9263,Now and Then,"Comedy, Drama, Family",1995-10-20,6.6,,,12000000.0,yes,no,no,no,,,,,
63,Twelve Monkeys,"Science Fiction, Thriller, Mystery",1995-12-29,7.4,,,29500000.0,yes,yes,yes,no,,,,,
687,Dead Man Walking,Drama,1995-12-29,7.3,,,11000000.0,no,no,yes,yes,,,,,
9312,Mortal Kombat,"Action, Fantasy",1995-08-18,5.4,70455286.0,,18000000.0,yes,no,yes,no,,,,,
577,To Die For,"Fantasy, Drama, Comedy, Thriller",1995-05-20,6.7,21284695.0,,20000000.0,yes,no,yes,no,,,,,
11861,How To Make An American Quilt,"Drama, Romance",1995-10-06,6.5,,,10000000.0,yes,no,yes,no,,,,,
807,Se7en,"Crime, Mystery, Thriller",1995-09-22,8.1,,,33000000.0,yes,no,yes,no,,,,,
629,The Usual Suspects,"Drama, Crime, Thriller",1995-07-19,8.1,,,6000000.0,yes,yes,yes,no,,,,,
11448,Mighty Aphrodite,"Comedy, Romance",1995-09-13,6.7,,,15000000.0,yes,no,yes,no,,,,,
10634,Friday,Comedy,1995-04-26,7.0,,,3500000.0,no,no,no,no,,,,,
755,From Dusk Till Dawn,"Horror, Action, Thriller, Crime",1996-01-19,6.9,25837269.0,,19000000.0,yes,yes,yes,no,,,,,
9102,Screamers,"Horror, Science Fiction",1995-09-08,6.1,,,20000000.0,yes,no,yes,yes,,,,,
400,Things to Do in Denver When You're Dead,"Drama, Crime",1995-12-01,6.7,,,8000000.0,yes,no,no,no,,,,,
10534,White Squall,"Action, Drama",1996-02-02,6.3,,,38000000.0,yes,yes,yes,no,,,,,
2086,Nick of Time,"Crime, Drama, Thriller",1995-11-22,6.1,,,8169363.0,yes,no,no,no,,,,,
9095,Mary Reilly,"Drama, Horror, Thriller, Romance",1996-02-23,5.7,,,47000000.0,yes,no,yes,no,,,,,
12158,Vampire in Brooklyn,"Comedy, Horror, Romance",1995-10-26,4.5,,,14000000.0,yes,no,no,no,,,,,
9208,Broken Arrow,"Action, Adventure, Drama, Thriller",1996-02-09,5.7,,,50000000.0,yes,no,yes,no,,,,,
13685,Bottle Rocket,"Comedy, Crime, Drama",1996-02-21,6.8,,,7000000.0,yes,yes,yes,no,,,,,
9614,Happy Gilmore,Comedy,1996-02-16,6.5,38824225.0,,12000000.0,no,no,yes,no,,,,,
688,The Bridges of Madison County,"Drama, Romance",1995-05-28,7.3,,,24000000.0,yes,no,yes,no,,,,,
197,Braveheart,"Action, Drama, History, War",1995-05-24,7.7,75610409.0,,72000000.0,yes,yes,yes,no,,,,,
103,Taxi Driver,"Crime, Drama",1976-02-07,8.1,,,1300000.0,yes,yes,yes,no,,,,,
78406,Steal Big Steal Little,"Comedy, Drama",1995-09-29,5.1,,,25000000.0,yes,no,no,no,,,,,
11066,Boomerang,"Comedy, Romance",1992-06-30,5.4,,,40000000.0,yes,yes,no,no,,,,,
2074,Flirting with Disaster,"Comedy, Romance",1996-03-22,6.3,,,7000000.0,yes,no,no,no,,,,,
11863,Jade,"Action, Thriller, Mystery, Romance",1995-10-13,5.1,,,50000000.0,yes,no,no,no,,,,,
11000,The Birdcage,Comedy,1996-03-08,6.7,124061638.0,,31000000.0,no,yes,no,no,,,,,
9737,Bad Boys,"Action, Comedy, Crime, Thriller",1995-04-07,6.5,,,19000000.0,yes,no,yes,no,,,,,
22279,An Awfully Big Adventure,"Romance, Drama, Comedy",1995-07-21,6.0,,,4000000.0,yes,no,yes,no,,,,,
568,Apollo 13,Drama,1995-06-30,7.3,223837411.0,,52000000.0,no,no,yes,no,,,,,
11780,Rob Roy,Adventure,1995-04-13,6.5,,,28000000.0,no,no,yes,yes,,,,,
414,Batman Forever,"Action, Crime, Fantasy",1995-06-16,5.2,,,100000000.0,yes,no,yes,yes,,,,,
1775,Canadian Bacon,"Action, Comedy",1995-06-08,5.9,,,11000000.0,yes,no,no,yes,,,,,
8839,Casper,"Fantasy, Comedy, Family",1995-05-26,6.0,,,50000000.0,yes,no,yes,no,,,,,
20649,Clockers,"Mystery, Crime, Drama",1995-09-15,6.8,,,25000000.0,yes,no,yes,no,,,,,
10329,Congo,"Action, Adventure, Drama, Mystery, Science Fiction, Thriller",1995-06-09,5.0,,,50000000.0,yes,yes,yes,no,,,,,
8963,Crimson Tide,"Action, Thriller, Drama",1995-05-12,7.0,,,53000000.0,yes,no,yes,no,,,,,
8068,Desperado,"Thriller, Action, Crime",1995-08-25,6.8,,,7000000.0,yes,no,yes,no,,,,,
8512,Devil in a Blue Dress,"Drama, Mystery, Thriller",1995-09-15,6.3,,,27000000.0,yes,no,yes,no,,,,,
1572,Die Hard: With a Vengeance,"Action, Thriller",1995-05-19,6.9,,,90000000.0,yes,yes,yes,no,,,,,
6520,First Knight,"Action, Adventure, Drama, Romance",1995-07-07,5.9,,,55000000.0,yes,yes,yes,no,,,,,
10428,Hackers,"Action, Crime, Thriller, Drama",1995-09-14,6.2,,,20000000.0,yes,yes,yes,no,,,,,
9886,Johnny Mnemonic,"Adventure, Action, Drama, Science Fiction, Thriller",1995-05-26,5.5,19077036.0,,25000000.0,yes,yes,yes,yes,,,,,
9482,Judge Dredd,Science Fiction,1995-06-30,5.4,,,90000000.0,no,no,yes,no,,,,,
9344,Kids,"Drama, Crime",1995-07-28,6.8,,,1500000.0,yes,no,no,no,,,,,
2293,Mallrats,"Romance, Comedy",1995-10-20,6.8,,,6000000.0,yes,no,yes,no,,,,,
9070,Mighty Morphin Power Rangers: The Movie,"Action, Adventure, Science Fiction, Family, Fantasy",1995-06-30,5.2,,,15000000.0,yes,no,yes,yes,,,,,
1642,The Net,"Crime, Drama, Mystery, Thriller, Action",1995-07-28,5.6,,,22000000.0,yes,yes,no,no,,,,,
36196,Party Girl,Comedy,1995-06-09,5.8,,,150000.0,no,no,no,no,,,,,
10533,The Scarlet Letter,"Drama, History, Romance",1995-10-13,5.5,,,50000000.0,yes,no,yes,no,,,,,
10802,Showgirls,Drama,1995-09-22,4.9,20353357.0,,45000000.0,no,no,yes,yes,,,,,
10149,Smoke,"Comedy, Drama",1995-06-09,7.2,,,7000000.0,yes,no,no,yes,,,,,
9348,Species,"Science Fiction, Horror, Action",1995-07-07,5.5,,,35000000.0,yes,no,no,no,,,,,
281,Strange Days,"Crime, Drama, Science Fiction, Thriller",1995-10-13,6.8,,,42000000.0,yes,no,no,no,,,,,
3512,Under Siege 2: Dark Territory,"Action, Thriller",1995-07-13,5.6,,,60000000.0,yes,no,yes,no,,,,,
9560,A Walk in the Clouds,"Drama, Romance",1995-08-11,6.5,,,20000000.0,yes,no,yes,no,,,,,
9804,Waterworld,"Adventure, Action",1995-07-28,5.9,88246905.0,,175000000.0,yes,yes,yes,no,,,,,
76,Before Sunrise,"Drama, Romance",1995-01-27,7.7,6112476.0,,2500000.0,yes,yes,yes,yes,,,,,
9382,Boys on the Side,"Comedy, Drama",1995-02-03,6.3,,,21000000.0,yes,no,yes,yes,,,,,
1909,Don Juan DeMarco,"Romance, Drama, Comedy",1994-10-01,6.3,,,25000000.0,yes,no,yes,no,,,,,
8984,Disclosure,"Drama, Thriller, Crime, Mystery, Romance",1994-12-09,5.9,,,55000000.0,yes,no,yes,no,,,,,
8467,Dumb and Dumber,Comedy,1994-12-16,6.5,127176610.0,,16000000.0,no,no,yes,no,,,,,
522,Ed Wood,"Comedy, Drama, History",1994-09-27,7.3,5887777.0,,18000000.0,yes,no,no,no,,,,,
27303,Hideaway,"Drama, Thriller",1995-03-03,5.0,,,15000000.0,yes,no,no,no,,,,,
14275,Hoop Dreams,Documentary,1994-09-12,7.7,,,700000.0,no,no,yes,no,,,,,
1024,Heavenly Creatures,"Drama, Fantasy",1994-09-02,6.9,3049950.0,,5000000.0,yes,no,yes,no,,,,,
628,Interview with the Vampire,"Horror, Romance",1994-11-11,7.2,105301104.0,,60000000.0,yes,yes,no,no,,,,,
87729,Jefferson in Paris,"Drama, Romance",1995-03-31,5.2,,,14000000.0,yes,no,yes,no,,,,,
6280,Junior,"Comedy, Family, Romance",1994-11-22,4.7,,,60000000.0,yes,no,yes,no,,,,,
11,Star Wars,"Adventure, Action, Science Fiction",1977-05-25,8.1,,,11000000.0,yes,no,yes,no,,,,,
4476,Legends of the Fall,"Adventure, Drama, Romance, War",1994-12-16,7.2,,,30000000.0,yes,yes,yes,no,,,,,
28313,Losing Isaiah,Drama,1995-03-17,6.4,,,17000000.0,no,no,no,no,,,,,
1945,Nell,"Drama, Thriller",1994-12-23,6.1,,,31000000.0,yes,no,yes,no,,,,,
241,Natural Born Killers,"Crime, Thriller, Drama",1994-08-25,6.9,50284761.0,,34000000.0,yes,yes,yes,no,,,,,
6950,Outbreak,"Action, Drama, Science Fiction, Thriller",1995-03-10,6.4,67659585.0,,50000000.0,yes,yes,yes,no,,,,,
63020,The Perez Family,"Comedy, Drama, Romance",1995-05-12,6.6,,,11000000.0,yes,no,no,no,,,,,
680,Pulp Fiction,"Thriller, Crime",1994-09-10,8.3,108052451.0,,8000000.0,yes,yes,yes,no,,,,,
25296,Pushing Hands,"Comedy, Drama",1992-02-01,6.1,,,400000.0,yes,yes,no,no,,,,,
12106,The Quick and the Dead,"Action, Western",1995-02-09,6.2,,,32000000.0,yes,no,no,yes,,,,,
161495,Roommates,"Drama, Comedy",1995-03-01,6.4,,,22000000.0,yes,no,yes,no,,,,,
2636,The Specialist,"Action, Thriller",1994-10-07,5.5,,,45000000.0,yes,no,yes,yes,,,,,
2164,Stargate,"Action, Adventure, Science Fiction",1994-10-27,6.8,71568987.0,,55000000.0,yes,yes,yes,yes,,,,,
11395,The Santa Clause,"Fantasy, Drama, Comedy, Family",1994-11-10,6.3,144833964.0,,22000000.0,yes,no,yes,no,,,,,
278,The Shawshank Redemption,"Drama, Crime",1994-09-23,8.5,28704136.0,,25000000.0,yes,no,yes,no,,,,,
9067,Tank Girl,"Action, Comedy, Fantasy, Science Fiction",1995-03-31,5.5,,,25000000.0,yes,no,no,no,,,,,
193,Star Trek: Generations,"Science Fiction, Action, Adventure, Thriller",1994-11-17,6.4,,,38000000.0,yes,no,no,no,,,,,
25066,Tales from the Hood,"Crime, Horror, Thriller",1995-05-24,5.4,,,6000000.0,yes,no,yes,no,,,,,
1587,What's Eating Gilbert Grape,"Romance, Drama",1993-12-17,7.5,,,11000000.0,yes,no,no,no,,,,,
9271,Virtuosity,"Action, Crime, Science Fiction, Thriller",1995-08-04,5.4,,,30000000.0,yes,no,no,no,,,,,
2064,While You Were Sleeping,"Comedy, Drama, Romance",1995-04-21,6.5,,,17000000.0,yes,no,yes,no,,,,,
236,Muriel's Wedding,"Drama, Comedy, Romance",1994-09-29,6.9,15482277.0,,3000000.0,yes,no,yes,yes,,,,,
10497,Bitter Moon,"Thriller, Drama, Romance",1992-09-02,7.0,,,5000000.0,yes,yes,yes,yes,,,,,
9331,Clear and Present Danger,"Action, Drama, Thriller",1994-08-03,6.4,,,62000000.0,yes,no,yes,no,,,,,
10731,The Client,"Drama, Thriller, Crime, Mystery",1994-07-20,6.4,,,45000000.0,yes,no,yes,no,,,,,
9495,The Crow,"Fantasy, Action, Thriller",1994-05-11,7.3,50710791.0,,15000000.0,yes,no,yes,no,,,,,
888,The Flintstones,"Fantasy, Comedy, Family",1994-05-26,5.0,,,46000000.0,yes,no,yes,no,,,,,
13,Forrest Gump,"Comedy, Drama, Romance",1994-07-06,8.2,329696009.0,,55000000.0,yes,no,no,no,,,,,
712,Four Weddings and a Funeral,"Comedy, Drama, Romance",1994-03-09,6.6,,,6000000.0,yes,no,yes,no,,,,,
10879,I Love Trouble,"Action, Comedy, Romance",1994-06-29,5.3,,,45000000.0,yes,yes,yes,no,,,,,
1689,Little Buddha,"Drama, History",1993-12-01,6.0,4885392.0,,35000000.0,yes,no,no,yes,,,,,
11596,New Nightmare,"Horror, Thriller, Mystery, Fantasy",1994-10-13,6.4,19721741.0,,14000000.0,yes,no,no,no,,,,,
854,The Mask,"Romance, Comedy, Crime, Fantasy",1994-07-29,6.6,119954466.0,,23000000.0,yes,yes,yes,no,,,,,
2788,Reality Bites,Drama,1994-02-18,6.5,20982763.0,,11500000.0,no,no,yes,no,,,,,
10427,Red Rock West,"Crime, Drama, Thriller",1993-07-08,6.4,,,8000000.0,yes,no,yes,no,,,,,
1637,Speed,"Action, Adventure, Crime",1994-06-09,6.8,121249797.0,,30000000.0,yes,no,no,no,,,,,
8831,Timecop,"Thriller, Science Fiction, Action, Crime",1994-09-15,5.5,44853868.0,,27000000.0,yes,no,yes,yes,,,,,
36955,True Lies,"Action, Thriller",1994-07-14,6.8,146283171.0,,115000000.0,yes,yes,yes,no,,,,,
26352,A Low Down Dirty Shame,"Action, Comedy, Crime",1994-11-23,6.0,,,10000000.0,yes,no,yes,no,,,,,
11667,Street Fighter,"Action, Adventure, Thriller",1994-12-22,4.1,99431786.0,,35000000.0,yes,yes,yes,yes,,,,,
2654,In the Mouth of Madness,"Horror, Mystery, Thriller",1994-12-12,7.1,8926413.0,,8000000.0,yes,no,no,no,,,,,
10436,The Age of Innocence,"Drama, Romance",1993-09-17,7.0,,,34000000.0,yes,yes,no,no,,,,,
46094,The Air Up There,"Comedy, Family",1994-01-07,5.1,,,17080000.0,yes,no,yes,no,,,,,
306,Beverly Hills Cop III,"Action, Comedy, Crime",1994-05-24,5.5,,,50000000.0,yes,no,yes,no,,,,,
1607,A Bronx Tale,"Drama, Crime",1993-09-14,7.4,,,22000000.0,yes,yes,yes,no,,,,,
6075,Carlito's Way,"Action, Crime, Drama, Thriller",1993-11-10,7.7,,,30000000.0,yes,yes,yes,no,,,,,
9350,Cliffhanger,"Action, Adventure, Thriller",1993-05-28,6.1,,,70000000.0,yes,no,yes,yes,,,,,
2124,Color of Night,"Drama, Mystery, Romance, Thriller",1994-08-19,5.4,,,40000000.0,yes,yes,yes,no,,,,,
9571,Dazed and Confused,"Comedy, Drama",1993-09-24,7.4,8145333.0,,6900000.0,yes,no,yes,no,,,,,
9739,Demolition Man,"Crime, Action, Science Fiction",1993-10-08,6.4,,,57000000.0,yes,no,yes,no,,,,,
9024,For Love or Money,"Comedy, Romance",1993-10-01,5.7,,,30000000.0,yes,no,yes,no,,,,,
37233,The Firm,"Drama, Mystery, Thriller",1993-06-30,6.6,,,42000000.0,yes,no,yes,no,,,,,
1634,Free Willy,"Family, Adventure",1993-07-16,6.0,,,20000000.0,yes,no,yes,yes,,,,,
5503,The Fugitive,"Adventure, Action, Thriller, Crime, Mystery",1993-08-06,7.2,183875799.0,,44000000.0,yes,no,no,no,,,,,
35588,Geronimo: An American Legend,"History, Action, Drama, Western",1993-12-10,5.9,,,35000000.0,yes,yes,no,no,,,,,
2019,Hard Target,"Action, Adventure, Crime, Thriller",1993-08-20,6.1,,,18000000.0,yes,no,yes,no,,,,,
9386,In the Line of Fire,"Action, Drama, Thriller, Crime, Mystery",1993-07-08,6.8,,,40000000.0,yes,no,yes,no,,,,,
7984,In the Name of the Father,Drama,1993-12-12,7.6,,,13000000.0,no,no,yes,yes,,,,,
329,Jurassic Park,"Adventure, Science Fiction",1993-06-11,7.6,978167947.0,,63000000.0,yes,yes,yes,no,,,,,
10909,Kalifornia,"Thriller, Crime",1993-09-01,6.5,,,9000000.0,yes,no,yes,no,,,,,
507,Killing Zoe,"Action, Crime, Drama, Thriller",1993-10-01,6.1,,,1500000.0,yes,yes,no,yes,,,,,
9593,Last Action Hero,"Adventure, Fantasy, Action, Comedy, Family",1993-06-18,6.1,,,85000000.0,yes,no,yes,no,,,,,
10440,Manhattan Murder Mystery,"Comedy, Mystery",1993-08-18,7.1,,,13500000.0,yes,no,no,no,,,,,
9516,Menace II Society,"Drama, Action, Crime",1993-05-26,7.2,,,3500000.0,yes,no,no,no,,,,,
2320,Executive Decision,"Action, Adventure, Drama, Thriller",1996-03-15,5.8,,,55000000.0,yes,no,yes,no,,,,,
788,Mrs. Doubtfire,"Comedy, Drama, Family",1993-11-24,7.0,219196147.0,,25000000.0,yes,no,yes,no,,,,,
11231,The Next Karate Kid,Adventure,1994-07-18,4.8,15876353.0,,12000000.0,no,no,no,no,,,,,
10447,No Escape,"Action, Drama, Science Fiction, Thriller",1994-04-29,6.1,54418872.0,,20000000.0,yes,no,yes,no,,,,,
9559,A Perfect World,"Crime, Drama, Thriller",1993-11-24,7.2,,,30000000.0,yes,no,yes,no,,,,,
9800,Philadelphia,Drama,1993-12-22,7.6,,,26000000.0,no,no,yes,no,,,,,
713,The Piano,"Drama, Romance",1993-05-19,7.1,,,7000000.0,yes,yes,yes,yes,,,,,
8291,Poetic Justice,"Drama, Romance",1993-07-23,6.9,,,14000000.0,yes,yes,no,no,,,,,
10872,The Ref,Comedy,1994-03-09,6.7,,,11000000.0,no,no,yes,no,,,,,
1245,The Remains of the Day,"Drama, Romance",1993-11-05,7.5,23240144.0,,11500000.0,yes,no,yes,yes,,,,,
11858,Renaissance Man,"Comedy, War",1994-06-03,5.9,,,40000000.0,yes,yes,yes,yes,,,,,
5550,RoboCop 3,"Action, Adventure, Crime, Science Fiction, Thriller",1993-04-17,4.2,,,22000000.0,yes,yes,no,no,,,,,
8005,Robin Hood: Men in Tights,Comedy,1993-07-28,6.4,,,20000000.0,no,no,yes,yes,,,,,
2088,Romeo Is Bleeding,"Action, Crime, Drama, Thriller",1993-09-13,5.7,,,11500000.0,yes,no,yes,yes,,,,,
47889,Ruby in Paradise,"Drama, Romance",1993-10-08,5.6,,,800000.0,yes,no,yes,no,,,,,
14534,Rudy,Drama,1993-09-17,7.2,,,12000000.0,no,yes,no,no,,,,,
11592,Serial Mom,"Comedy, Crime, Horror, Thriller",1994-04-13,6.4,7823437.0,,13000000.0,yes,no,yes,no,,,,,
8850,The Shadow,"Adventure, Fantasy, Action, Thriller, Science Fiction",1994-07-01,5.4,,,25000000.0,yes,no,no,no,,,,,
858,Sleepless in Seattle,"Comedy, Drama, Romance",1993-06-24,6.5,,,21000000.0,yes,no,no,no,,,,,
867,Sliver,"Drama, Thriller",1993-05-21,4.9,,,40000000.0,yes,no,yes,no,,,,,
78,Blade Runner,"Science Fiction, Drama, Thriller",1982-06-25,7.9,27601667.0,,28000000.0,yes,yes,yes,yes,,,,,
10442,So I Married an Axe Murderer,"Comedy, Crime, Romance",1993-07-30,6.1,,,20000000.0,yes,yes,no,no,,,,,
9607,Super Mario Bros.,"Adventure, Comedy, Family, Fantasy",1993-05-28,4.0,20916005.0,,48000000.0,yes,no,yes,yes,,,,,
17585,Surviving the Game,"Action, Adventure, Thriller, Crime",1994-04-15,6.1,,,7400000.0,yes,no,no,no,,,,,
9057,Terminal Velocity,"Action, Thriller",1994-09-23,5.0,,,50000000.0,yes,no,yes,no,,,,,
10057,The Three Musketeers,"Action, Adventure, Comedy",1993-11-11,6.2,132274484.0,,30000000.0,yes,no,yes,yes,,,,,
11969,Tombstone,"Action, Adventure, Drama, History, Western",1993-12-25,7.4,,,25000000.0,yes,yes,yes,no,,,,,
319,True Romance,"Action, Thriller, Crime, Romance",1993-09-09,7.5,13088778.0,,12500000.0,yes,yes,yes,no,,,,,
771,Home Alone,"Comedy, Family",1990-11-09,7.1,289012363.0,,18000000.0,yes,no,yes,no,,,,,
251,Ghost,"Fantasy, Drama, Thriller, Mystery, Romance",1990-07-12,6.9,217631670.0,,22000000.0,yes,no,no,no,,,,,
812,Aladdin,"Animation, Family, Comedy, Adventure, Fantasy, Romance",1992-11-25,7.4,1050693953.0,,28000000.0,yes,no,no,no,,,,,
280,Terminator 2: Judgment Day,"Action, Thriller, Science Fiction",1991-07-01,7.7,205074908.0,,100000000.0,yes,yes,yes,yes,,,,,
268,Batman,"Fantasy, Action",1989-06-23,7.0,401188924.0,,35000000.0,yes,yes,yes,yes,,,,,
274,The Silence of the Lambs,"Crime, Drama, Thriller",1991-02-01,8.1,130746887.0,,19000000.0,yes,no,yes,no,,,,,
114,Pretty Woman,"Romance, Comedy",1990-03-23,7.0,178464491.0,,14000000.0,yes,yes,yes,no,,,,,
576,The Wild Bunch,"Adventure, Western",1969-06-17,7.7,,,6244087.0,yes,yes,no,no,,,,,
275,Fargo,"Crime, Drama, Thriller",1996-04-05,7.7,24613816.0,,7000000.0,yes,no,yes,no,,,,,
1592,Primal Fear,"Crime, Drama, Mystery, Thriller",1996-04-03,7.4,,,30000000.0,yes,yes,no,no,,,,,
61752,Girl 6,Comedy,1996-03-22,5.7,,,12000000.0,no,no,yes,no,,,,,
10684,Courage Under Fire,"Drama, Thriller, Mystery, War",1996-07-04,6.2,,,46000000.0,yes,no,yes,no,,,,,
954,Mission: Impossible,"Adventure, Action, Thriller",1996-05-22,6.7,,,80000000.0,yes,yes,yes,no,,,,,
8840,DragonHeart,Fantasy,1996-05-31,6.4,,,57000000.0,no,no,no,no,,,,,
8069,Barbarella,Science Fiction,1968-10-10,5.7,,,9000000.0,no,no,yes,no,,,,,
40001,Mrs. Winterbourne,"Comedy, Romance, Drama",1996-04-19,5.5,,,25000000.0,yes,no,no,no,,,,,
9103,The Quest,"Action, Adventure",1996-04-19,5.3,,,30000000.0,yes,no,yes,yes,,,,,
36355,Flipper,"Adventure, Family",1996-05-17,5.3,,,25530000.0,yes,no,yes,no,,,,,
9100,The Craft,"Drama, Fantasy, Horror, Thriller",1996-05-03,6.3,24823851.0,,15000000.0,yes,no,no,no,,,,,
40507,Original Gangstas,"Action, Drama, Crime, Thriller",1996-05-10,5.5,,,4800000.0,yes,yes,no,no,,,,,
9802,The Rock,"Action, Adventure, Thriller",1996-06-06,6.9,,,75000000.0,yes,no,yes,no,,,,,
664,Twister,"Action, Adventure, Drama",1996-05-10,6.1,,,92000000.0,yes,no,yes,no,,,,,
10547,The Arrival,"Action, Mystery, Science Fiction, Thriller",1996-05-31,6.1,,,25000000.0,yes,no,yes,yes,,,,,
935,Dr. Strangelove or: How I Learned to Stop Worrying and Love the Bomb,"Drama, Comedy, War",1964-01-29,8.0,,,1800000.0,yes,no,yes,yes,,,,,
9826,The Phantom,"Adventure, Action",1996-06-06,4.7,,,45000000.0,yes,no,yes,yes,,,,,
9879,Striptease,"Drama, Thriller, Crime",1996-06-28,4.4,,,50000000.0,yes,no,yes,no,,,,,
7095,Jack,"Comedy, Drama, Science Fiction",1996-08-09,5.9,,,45000000.0,yes,no,yes,no,,,,,
627,Trainspotting,"Drama, Crime",1996-02-23,7.8,16493130.0,,4000000.0,yes,no,yes,no,,,,,
602,Independence Day,"Action, Adventure, Science Fiction",1996-06-25,6.7,306172558.0,,75000000.0,yes,no,yes,no,,,,,
9566,The Fan,"Drama, Mystery, Thriller",1996-08-15,5.7,,,55000000.0,yes,no,yes,no,,,,,
10545,The Hunchback of Notre Dame,"Drama, Animation, Family",1996-06-21,6.8,,,100000000.0,yes,yes,no,no,,,,,
9894,The Cable Guy,"Comedy, Drama, Thriller",1996-06-10,5.7,,,47000000.0,yes,no,no,no,,,,,
11543,Kingpin,Comedy,1996-07-04,6.7,,,27000000.0,no,no,yes,no,,,,,
9268,Eraser,"Action, Drama, Mystery, Thriller",1996-06-21,5.6,,,100000000.0,yes,no,yes,yes,,,,,
9327,The Nutty Professor,"Fantasy, Comedy, Romance, Science Fiction",1996-06-26,5.4,,,54000000.0,yes,no,yes,no,,,,,
11228,Daylight,"Action, Adventure, Thriller",1996-12-06,5.8,,,80000000.0,yes,no,yes,no,,,,,
10779,The Frighteners,"Horror, Comedy",1996-07-18,6.7,,,30000000.0,yes,no,yes,yes,,,,,
26748,Lone Star,"Drama, Mystery, Romance",1996-06-21,6.9,,,5000000.0,yes,yes,yes,no,,,,,
9294,Phenomenon,"Drama, Fantasy, Romance, Science Fiction",1996-07-05,6.2,,,32000000.0,yes,no,no,no,,,,,
11363,She's the One,"Comedy, Romance",1996-08-26,5.7,,,3500000.0,yes,yes,no,no,,,,,
1645,A Time to Kill,"Crime, Drama, Thriller",1996-07-24,7.0,,,40000000.0,yes,no,yes,no,,,,,
18550,Fled,"Action, Comedy, Thriller",1996-07-19,5.2,,,25000000.0,yes,no,no,no,,,,,
2925,The First Wives Club,Comedy,1996-09-20,6.5,,,26000000.0,no,no,no,no,,,,,
3595,Ransom,"Action, Thriller",1996-11-08,6.4,,,80000000.0,yes,no,yes,no,,,,,
12123,Chain Reaction,"Action, Drama, Science Fiction, Thriller",1996-08-02,5.3,,,50000000.0,yes,no,yes,no,,,,,
10830,Matilda,"Comedy, Family, Fantasy",1996-08-02,6.9,33460126.0,,36000000.0,yes,no,yes,no,,,,,
3573,Emma,"Drama, Comedy, Romance",1996-08-02,6.7,,,6000000.0,yes,no,yes,no,,,,,
47907,The Spitfire Grill,"Comedy, Drama",1996-08-23,6.8,,,6000000.0,yes,no,no,no,,,,,
10061,Escape from L.A.,"Action, Adventure, Science Fiction, Thriller",1996-08-09,5.6,,,50000000.0,yes,no,yes,no,,,,,
549,Basquiat,"Drama, History",1996-08-09,6.6,,,2962051.0,yes,yes,yes,no,,,,,
10478,Tin Cup,"Comedy, Drama, Romance",1996-08-16,5.9,,,45000000.0,yes,no,yes,no,,,,,
66634,Dingo,"Drama, Music",1991-06-02,6.0,,,200000.0,yes,no,no,yes,,,,,
238,The Godfather,"Drama, Crime",1972-03-14,8.5,,,6000000.0,yes,yes,yes,no,,,,,
9303,Bound,"Crime, Drama, Romance, Thriller",1996-09-13,6.9,,,4500000.0,yes,no,yes,no,,,,,
11015,The Relic,"Horror, Mystery, Thriller",1997-01-10,5.8,,,60000000.0,yes,no,yes,yes,,,,,
9306,The Island of Dr. Moreau,"Fantasy, Horror, Science Fiction",1996-08-23,4.6,,,40000000.0,yes,no,no,no,,,,,
872,Singin' in the Rain,"Comedy, Music, Romance",1952-04-10,7.9,,,2540800.0,yes,no,no,no,,,,,
2769,An American in Paris,"Drama, Comedy, Music, Romance",1951-08-08,6.9,,,2723903.0,yes,yes,yes,no,,,,,
164,Breakfast at Tiffany's,"Comedy, Drama, Romance",1961-10-05,7.6,,,2500000.0,yes,yes,yes,no,,,,,
426,Vertigo,"Mystery, Romance, Thriller",1958-05-09,8.0,,,2479000.0,yes,no,yes,no,,,,,
567,Rear Window,"Drama, Mystery, Thriller",1954-08-01,8.2,,,1000000.0,yes,no,no,no,,,,,
3078,It Happened One Night,"Comedy, Romance",1934-02-22,7.7,,,325000.0,yes,no,no,no,,,,,
213,North by Northwest,"Mystery, Thriller",1959-07-07,7.8,,,4000000.0,yes,no,no,no,,,,,
284,The Apartment,"Comedy, Drama, Romance",1960-06-15,8.1,,,3000000.0,yes,no,yes,no,,,,,
239,Some Like It Hot,"Comedy, Romance",1959-03-18,8.0,95721752.0,,2883848.0,yes,no,yes,no,,,,,
4808,Charade,"Comedy, Mystery, Romance, Thriller",1963-12-05,7.7,,,4000000.0,yes,yes,no,no,,,,,
289,Casablanca,"Drama, Romance",1942-11-26,7.9,,,878000.0,yes,yes,no,no,,,,,
963,The Maltese Falcon,"Mystery, Crime, Thriller",1941-11-18,7.8,,,375000.0,yes,no,no,no,,,,,
11113,My Fair Lady,"Drama, Family, Music, Romance",1964-10-21,7.4,,,17000000.0,yes,no,no,no,,,,,
6620,Sabrina,"Comedy, Drama, Romance",1954-09-28,7.4,53696278.0,,2238813.0,yes,yes,no,no,,,,,
804,Roman Holiday,"Comedy, Romance",1953-09-02,7.8,,,1500000.0,yes,yes,no,no,,,,,
630,The Wizard of Oz,"Adventure, Family, Fantasy",1939-08-15,7.4,,,2777000.0,yes,no,no,no,,,,,
599,Sunset Boulevard,Drama,1950-08-10,8.2,,,1752000.0,no,no,no,no,,,,,
15,Citizen Kane,"Mystery, Drama",1941-04-30,8.0,,,839727.0,yes,no,yes,no,,,,,
62,2001: A Space Odyssey,"Science Fiction, Mystery, Adventure",1968-04-10,7.9,,,10500000.0,yes,yes,yes,yes,,,,,
705,All About Eve,Drama,1950-11-09,8.0,,,1400000.0,no,yes,no,no,,,,,
22490,The Women,"Comedy, Drama",1939-01-01,6.4,50007546.0,,1688000.0,yes,yes,no,no,,,,,
223,Rebecca,"Drama, Mystery",1940-04-12,7.7,,,1288000.0,yes,yes,no,no,,,,,
303,Notorious,"Thriller, Drama, Romance",1946-08-15,7.8,44420316.0,,2000000.0,yes,no,no,no,,,,,
4174,Spellbound,"Drama, Mystery, Thriller",1945-12-28,7.3,,,1500000.0,yes,no,no,no,,,,,
381,To Catch a Thief,"Crime, Drama, Mystery, Romance, Thriller",1955-08-03,7.1,,,2500000.0,yes,yes,no,no,,,,,
1859,Ninotchka,"Comedy, Romance",1939-10-06,7.3,,,1365000.0,yes,no,no,no,,,,,
10907,The Adventures of Robin Hood,"Action, Adventure, Romance",1938-05-13,7.6,,,2033000.0,yes,no,no,no,,,,,
3080,Top Hat,"Comedy, Music, Romance",1935-09-06,7.4,,,609000.0,yes,yes,no,no,,,,,
3529,The Thin Man,"Comedy, Crime, Mystery",1934-05-25,7.4,,,226408.0,yes,no,no,no,,,,,
2897,Around the World in Eighty Days,"Adventure, Comedy, Family, Fantasy, Romance",1956-10-17,6.5,,,6000000.0,yes,yes,no,no,,,,,
1585,It's a Wonderful Life,"Drama, Family, Fantasy",1946-12-20,8.0,,,3180000.0,yes,no,yes,no,,,,,
3083,Mr. Smith Goes to Washington,"Comedy, Drama",1939-10-19,7.9,,,1500000.0,yes,no,no,no,,,,,
10331,Night of the Living Dead,Horror,1968-10-01,7.5,,,114000.0,no,no,yes,no,,,,,
488,The African Queen,"Adventure, War, Romance",1951-12-03,7.4,,,1300000.0,yes,yes,yes,yes,,,,,
261,Cat on a Hot Tin Roof,"Drama, Romance",1958-02-17,7.6,,,3000000.0,yes,no,yes,no,,,,,
10861,Maximum Risk,"Action, Adventure, Thriller",1996-09-13,5.3,,,25000000.0,yes,no,no,no,,,,,
1770,Michael Collins,"Drama, Thriller",1996-10-25,6.8,,,28000000.0,yes,no,yes,yes,,,,,
9333,Last Man Standing,"Action, Crime, Drama, Thriller",1996-09-20,6.2,,,67000000.0,yes,no,yes,no,,,,,
9400,Set It Off,"Drama, Action, Crime",1996-11-06,6.9,,,9000000.0,yes,no,no,no,,,,,
11306,Extreme Measures,"Drama, Thriller",1996-09-27,5.7,,,38000000.0,yes,no,yes,no,,,,,
6346,The Chamber,"Crime, Drama",1996-10-11,5.9,,,50000000.0,yes,yes,yes,no,,,,,
173,"20,000 Leagues Under the Sea","Adventure, Drama, Science Fiction",1954-12-23,6.9,,,5000000.0,yes,no,no,no,,,,,
864,Cool Runnings,Comedy,1993-09-30,6.8,68859986.0,,14000000.0,no,yes,no,no,,,,,
8367,Robin Hood: Prince of Thieves,Adventure,1991-06-14,6.6,,,48000000.0,no,no,yes,no,,,,,
433,Mary Poppins,"Comedy, Family, Fantasy",1964-08-27,7.4,,,6000000.0,yes,no,no,no,,,,,
12335,Bedknobs and Broomsticks,"Adventure, Fantasy, Animation, Comedy, Family, Music",1971-10-07,6.8,,,20000000.0,yes,no,no,no,,,,,
15121,The Sound of Music,"Drama, Family, Music, Romance",1965-03-02,7.4,,,8200000.0,yes,yes,yes,no,,,,,
562,Die Hard,"Action, Thriller",1988-07-15,7.5,83052633.0,,28000000.0,yes,yes,yes,no,,,,,
10163,The Lawnmower Man,"Horror, Thriller, Science Fiction",1992-03-05,5.4,,,10000000.0,yes,no,yes,yes,,,,,
11159,Secrets & Lies,Drama,1996-05-24,7.1,,,4500000.0,no,no,yes,yes,,,,,
41843,Surviving Picasso,"Drama, Romance",1996-09-04,5.3,,,16000000.0,yes,yes,no,no,,,,,
11412,The Long Kiss Goodnight,"Crime, Action, Mystery, Thriller",1996-10-11,6.4,,,65000000.0,yes,no,yes,no,,,,,
10586,The Ghost and the Darkness,Adventure,1996-10-11,6.4,,,50000000.0,no,no,yes,yes,,,,,
49471,Get on the Bus,Drama,1996-10-16,7.0,,,2400000.0,no,no,yes,no,,,,,
25147,Jude,"Drama, Romance",1996-02-06,6.6,,,7000000.0,yes,yes,yes,no,,,,,
454,Romeo + Juliet,"Drama, Romance",1996-10-31,6.7,46353582.0,,14500000.0,yes,no,yes,no,,,,,
10218,Swingers,"Comedy, Romance",1996-10-18,6.8,,,200000.0,yes,no,yes,no,,,,,
819,Sleepers,"Crime, Drama, Thriller",1996-10-18,7.3,,,44000000.0,yes,no,yes,no,,,,,
252,Willy Wonka & the Chocolate Factory,"Family, Fantasy",1971-06-29,7.4,,,3000000.0,yes,yes,yes,no,,,,,
623,A Fish Called Wanda,"Comedy, Crime",1988-07-15,7.1,,,7500000.0,yes,yes,yes,yes,,,,,
583,Life of Brian,Comedy,1979-08-17,7.7,,,4000000.0,no,no,yes,no,,,,,
11575,The Great Race,"Adventure, Comedy",1965-07-01,7.2,,,12000000.0,yes,yes,no,no,,,,,
475,Bonnie and Clyde,"Crime, Drama",1967-07-18,7.6,,,2500000.0,yes,no,yes,no,,,,,
521,Dial M for Murder,"Crime, Mystery, Thriller",1954-05-29,7.9,,,1400000.0,yes,no,no,no,,,,,
88,Dirty Dancing,"Drama, Music, Romance",1987-08-21,7.1,63464538.0,,6000000.0,yes,no,yes,no,,,,,
500,Reservoir Dogs,"Crime, Thriller",1992-09-02,8.1,2832697.0,,1200000.0,yes,no,yes,no,,,,,
792,Platoon,"Drama, War, Action",1986-12-18,7.5,138545632.0,,6000000.0,yes,yes,yes,yes,,,,,
8491,Weekend at Bernie's,Comedy,1989-07-05,6.4,,,6500000.0,no,no,no,no,,,,,
402,Basic Instinct,"Thriller, Mystery",1992-03-20,6.5,,,49000000.0,yes,no,yes,yes,,,,,
10537,The Doors,"Drama, Music",1991-03-01,6.7,34494884.0,,38000000.0,yes,no,yes,no,,,,,
11386,The Crying Game,"Romance, Crime, Drama, Thriller",1992-09-02,6.9,,,3705538.0,yes,no,yes,yes,,,,,
9504,Glengarry Glen Ross,"Crime, Drama, Mystery",1992-09-15,7.5,10726612.0,,12500000.0,yes,no,yes,no,,,,,
15764,Sophie's Choice,"Drama, Romance",1982-12-08,7.4,30036166.0,,12000000.0,yes,yes,yes,yes,,,,,
601,E.T. the Extra-Terrestrial,"Science Fiction, Adventure, Family, Fantasy",1982-04-03,7.3,359200799.0,,10500000.0,yes,no,yes,no,,,,,
2119,Days of Thunder,Adventure,1990-06-27,5.9,87163545.0,,60000000.0,no,no,yes,no,,,,,
744,Top Gun,"Action, Romance, War",1986-05-16,6.7,176915278.0,,15000000.0,yes,no,no,no,,,,,
702,A Streetcar Named Desire,Drama,1951-09-18,7.6,,,1800000.0,no,no,yes,no,,,,,
21612,The Funeral,"Crime, Drama",1996-01-26,7.3,,,12500000.0,yes,yes,no,no,,,,,
1630,The People vs. Larry Flynt,Drama,1996-10-12,6.8,,,36000000.0,no,no,no,no,,,,,
11843,The Return of the Pink Panther,"Mystery, Comedy, Crime",1975-05-21,6.7,,,5000000.0,yes,no,yes,no,,,,,
10379,Drop Dead Fred,"Comedy, Fantasy, Family",1991-04-19,5.9,13878564.0,,6788000.0,yes,no,no,yes,,,,,
2756,The Abyss,"Adventure, Action, Thriller, Science Fiction",1989-08-09,7.1,,,70000000.0,yes,no,yes,no,,,,,
1103,Escape from New York,"Science Fiction, Action",1981-05-22,6.9,,,6000000.0,yes,no,yes,no,,,,,
11298,The Howling,"Drama, Horror",1981-04-03,6.4,,,1000000.0,yes,no,yes,no,,,,,
762,Monty Python and the Holy Grail,"Adventure, Comedy, Fantasy",1975-03-13,7.8,,,400000.0,yes,yes,yes,no,,,,,
892,Delicatessen,"Comedy, Science Fiction, Fantasy",1991-04-17,7.4,,,4000000.0,yes,no,yes,no,,,,,
409,The English Patient,"Drama, Romance, War",1996-11-14,7.0,,,27000000.0,yes,yes,yes,yes,,,,,
10161,My Left Foot: The Story of Christy Brown,Drama,1989-07-21,7.5,,,645180.0,no,no,yes,yes,,,,,
10409,Strictly Ballroom,"Comedy, Drama, Romance",1992-08-20,6.2,11739220.0,,3000000.0,yes,yes,yes,no,,,,,
510,One Flew Over the Cuckoo's Nest,Drama,1975-11-18,8.3,,,3000000.0,no,no,yes,no,,,,,
1891,The Empire Strikes Back,"Adventure, Action, Science Fiction",1980-05-17,8.2,,,18000000.0,yes,no,yes,no,,,,,
2493,The Princess Bride,"Adventure, Family, Fantasy, Comedy, Romance",1987-09-18,7.6,30907117.0,,16000000.0,yes,no,yes,no,,,,,
85,Raiders of the Lost Ark,"Adventure, Action",1981-06-12,7.7,,,18000000.0,yes,yes,yes,no,,,,,
679,Aliens,"Horror, Action, Thriller, Science Fiction",1986-07-18,7.7,85175064.0,,18500000.0,yes,no,yes,yes,,,,,
389,12 Angry Men,Drama,1957-03-25,8.2,,,350000.0,no,no,yes,no,,,,,
185,A Clockwork Orange,"Science Fiction, Drama",1971-12-18,8.0,,,2200000.0,yes,no,yes,yes,,,,,
595,To Kill a Mockingbird,"Crime, Drama",1962-12-25,7.9,,,2000000.0,yes,no,no,no,,,,,
28,Apocalypse Now,"Drama, War",1979-08-15,8.0,78982176.0,,31500000.0,yes,yes,yes,no,,,,,
1892,Return of the Jedi,"Adventure, Action, Science Fiction",1983-05-23,7.9,,,32350000.0,yes,no,yes,no,,,,,
769,GoodFellas,"Drama, Crime",1990-09-12,8.2,,,25000000.0,yes,yes,no,no,,,,,
348,Alien,"Horror, Action, Thriller, Science Fiction",1979-05-25,7.9,78973058.0,,11000000.0,yes,yes,yes,yes,,,,,
539,Psycho,"Drama, Horror, Thriller",1960-06-16,8.3,37170655.0,,806948.0,yes,no,yes,no,,,,,
525,The Blues Brothers,"Music, Comedy, Action, Crime",1980-06-17,7.5,57239530.0,,27000000.0,yes,no,no,no,,,,,
600,Full Metal Jacket,"Drama, War",1987-06-26,7.9,50192113.0,,17000000.0,yes,yes,yes,yes,,,,,
279,Amadeus,"Drama, History, Music",1984-10-26,7.8,51570483.0,,18000000.0,yes,yes,no,no,,,,,
1578,Raging Bull,Drama,1980-11-14,7.7,23335868.0,,18000000.0,no,no,no,no,,,,,
703,Annie Hall,"Comedy, Drama, Romance",1977-04-19,7.8,38252415.0,,4000000.0,yes,yes,no,no,,,,,
387,Das Boot,"Action, Drama, History, War, Adventure",1981-09-16,7.9,10916352.0,,14000000.0,yes,yes,yes,no,,,,,
9277,The Sting,"Comedy, Crime, Drama",1973-12-25,7.9,,,5500000.0,yes,no,no,no,,,,,
218,The Terminator,"Action, Thriller, Science Fiction",1984-10-26,7.4,38383427.0,,6400000.0,yes,no,yes,yes,,,,,
763,Braindead,"Horror, Comedy",1992-08-13,7.4,,,3000000.0,yes,no,yes,no,,,,,
9665,Glory,War,1989-12-15,7.4,,,18000000.0,no,no,yes,no,,,,,
379,Miller's Crossing,"Drama, Thriller, Crime",1990-09-21,7.5,,,14000000.0,yes,yes,yes,no,,,,,
207,Dead Poets Society,Drama,1989-06-02,8.1,174999362.0,,16400000.0,no,no,yes,no,,,,,
37247,The Graduate,Drama,1967-12-21,7.6,,,3000000.0,no,no,no,no,,,,,
1480,Touch of Evil,"Drama, Thriller, Crime",1958-04-23,7.6,,,829000.0,yes,yes,no,no,,,,,
826,The Bridge on the River Kwai,"Drama, History, War",1957-10-02,7.7,,,3000000.0,yes,yes,yes,yes,,,,,
829,Chinatown,"Crime, Drama, Mystery, Thriller",1974-06-20,7.9,,,6000000.0,yes,yes,yes,no,,,,,
3090,The Treasure of the Sierra Madre,"Action, Adventure, Drama, Western",1948-01-24,7.9,,,3800000.0,yes,no,no,no,,,,,
694,The Shining,"Horror, Thriller",1980-05-22,8.1,44082273.0,,19000000.0,yes,no,yes,yes,,,,,
5925,The Great Escape,"Adventure, Drama, History, Thriller, War",1963-06-20,7.8,,,4000000.0,yes,yes,yes,no,,,,,
137,Groundhog Day,"Romance, Fantasy, Drama, Comedy",1993-02-11,7.4,70907146.0,,14600000.0,yes,yes,no,no,,,,,
33,Unforgiven,Western,1992-08-07,7.7,,,14000000.0,no,no,yes,no,,,,,
982,The Manchurian Candidate,"Mystery, Thriller",1962-10-24,7.7,96105910.0,,80000000.0,yes,no,yes,no,,,,,
105,Back to the Future,"Adventure, Comedy, Science Fiction, Family",1985-07-03,8.0,223338230.0,,19000000.0,yes,no,yes,no,,,,,
1633,Fried Green Tomatoes,"Drama, Comedy",1991-12-27,7.6,,,11000000.0,yes,no,no,no,,,,,
11202,Patton,"Drama, History, War",1970-01-25,7.3,,,12000000.0,yes,no,no,no,,,,,
8009,Highlander,"Adventure, Action, Fantasy",1986-03-07,6.8,,,16000000.0,yes,no,yes,yes,,,,,
903,Cool Hand Luke,"Crime, Drama",1967-06-22,7.7,,,3000000.0,yes,no,yes,no,,,,,
3034,Young Frankenstein,"Comedy, Science Fiction",1974-12-15,7.7,,,2800000.0,yes,yes,yes,no,,,,,
339,Night on Earth,"Comedy, Drama",1991-10-03,7.5,,,3500000.0,yes,yes,yes,yes,,,,,
914,The Great Dictator,Comedy,1940-10-15,8.1,,,2000000.0,no,yes,yes,no,,,,,
756,Fantasia,"Animation, Family, Music",1940-11-13,7.2,,,2280000.0,yes,no,no,no,,,,,
89,Indiana Jones and the Last Crusade,"Adventure, Action",1989-05-24,7.6,,,48000000.0,yes,yes,yes,no,,,,,
10644,The Unbearable Lightness of Being,"Comedy, Romance",1988-02-05,7.0,,,17000000.0,yes,no,no,no,,,,,
11257,A Room with a View,"Drama, Romance",1985-12-13,6.9,21044421.0,,3000000.0,yes,yes,yes,no,,,,,
12104,Pink Floyd: The Wall,Music,1982-07-14,7.7,22244537.0,,12000000.0,no,no,yes,no,,,,,
625,The Killing Fields,"War, Drama, History",1984-11-02,7.5,,,14400000.0,yes,yes,yes,no,,,,,
830,Forbidden Planet,"Adventure, Science Fiction, Action",1956-03-15,7.2,,,1900000.0,yes,no,no,no,,,,,
642,Butch Cassidy and the Sundance Kid,"History, Drama, Western, Crime",1969-09-23,7.4,,,6000000.0,yes,yes,yes,no,,,,,
655,"Paris, Texas",Drama,1984-05-19,7.7,2285120.0,,1746964.0,no,no,yes,yes,,,,,
639,When Harry Met Sally...,"Comedy, Romance, Drama",1989-07-21,7.3,92823674.0,,16000000.0,yes,no,yes,no,,,,,
814,An American Werewolf in London,"Horror, Comedy",1981-08-21,7.2,30702524.0,,10000000.0,yes,no,yes,yes,,,,,
571,The Birds,Horror,1963-03-28,7.3,,,2500000.0,no,no,no,no,,,,,
6114,Dracula,"Romance, Horror",1992-11-13,7.1,,,40000000.0,yes,yes,yes,no,,,,,
9529,Candyman,"Drama, Horror, Thriller",1992-10-16,6.2,,,6000000.0,yes,no,yes,no,,,,,
1598,Cape Fear,"Crime, Thriller",1991-11-15,7.0,,,35000000.0,yes,no,yes,no,,,,,
7340,Carrie,"Horror, Thriller",1976-11-03,7.0,84790678.0,,1800000.0,yes,no,no,no,,,,,
377,A Nightmare on Elm Street,Horror,1984-11-14,7.2,115694863.0,,1800000.0,no,no,yes,no,,,,,
794,The Omen,"Horror, Thriller",1976-06-06,7.2,119974972.0,,2800000.0,yes,yes,yes,yes,,,,,
199,Star Trek: First Contact,"Science Fiction, Action, Adventure, Thriller",1996-11-21,7.0,,,46000000.0,yes,no,yes,no,,,,,
12498,Sling Blade,Drama,1996-08-30,7.4,,,1000000.0,no,no,no,no,,,,,
21539,The Preacher's Wife,"Fantasy, Drama, Comedy, Science Fiction, Romance, Family",1996-12-13,5.4,,,40000000.0,yes,yes,no,no,,,,,
12709,Ridicule,"Comedy, Drama, Romance",1996-05-09,7.4,,,3000000.0,yes,no,no,no,,,,,
11674,101 Dalmatians,"Comedy, Family",1996-11-17,5.6,,,54000000.0,yes,no,yes,yes,,,,,
1573,Die Hard 2,"Action, Thriller",1990-07-02,6.6,117542606.0,,70000000.0,yes,yes,yes,no,,,,,
152,Star Trek: The Motion Picture,"Science Fiction, Adventure, Mystery",1979-12-06,6.2,82258612.0,,35000000.0,yes,no,no,no,,,,,
174,Star Trek VI: The Undiscovered Country,"Science Fiction, Action, Adventure, Thriller",1991-12-05,6.7,,,27000000.0,yes,no,no,no,,,,,
172,Star Trek V: The Final Frontier,"Science Fiction, Action, Adventure, Thriller",1989-06-09,5.6,,,30000000.0,yes,no,no,no,,,,,
154,Star Trek II: The Wrath of Khan,"Action, Adventure, Science Fiction, Thriller",1982-06-03,7.3,78913882.0,,12000000.0,yes,no,no,no,,,,,
157,Star Trek III: The Search for Spock,"Science Fiction, Action, Adventure, Thriller",1984-05-31,6.4,76551989.0,,18000000.0,yes,yes,no,no,,,,,
168,Star Trek IV: The Voyage Home,"Science Fiction, Adventure",1986-11-25,6.9,,,24000000.0,yes,yes,no,no,,,,,
364,Batman Returns,"Action, Fantasy",1992-06-19,6.6,266831698.0,,80000000.0,yes,no,yes,yes,,,,,
11967,Young Guns,"Crime, Action, Adventure, Drama, Western",1988-08-12,6.6,,,13000000.0,yes,no,yes,no,,,,,
621,Grease,Romance,1978-07-07,7.2,159989585.0,,6000000.0,no,no,yes,no,,,,,
9037,Grease 2,"Comedy, Drama, Family, Music, Romance",1982-06-11,4.9,,,13200000.0,yes,no,no,no,,,,,
10173,Marked for Death,"Action, Thriller",1990-10-05,5.6,,,12000000.0,yes,no,yes,no,,,,,
8845,Under Siege,"Action, Thriller",1992-10-08,6.1,,,35000000.0,yes,no,yes,yes,,,,,
578,Jaws,"Horror, Thriller, Adventure",1975-06-18,7.5,,,7000000.0,yes,no,yes,no,,,,,
579,Jaws 2,"Horror, Thriller",1978-06-16,5.9,,,20000000.0,yes,no,no,no,,,,,
17692,Jaws 3-D,"Thriller, Horror",1983-03-16,4.2,,,20500000.0,yes,no,yes,no,,,,,
75,Mars Attacks!,"Comedy, Fantasy, Science Fiction",1996-12-12,6.1,37771034.0,,70000000.0,yes,yes,no,no,,,,,
13891,Citizen Ruth,"Drama, Comedy",1996-12-13,6.8,,,3000000.0,yes,no,yes,no,,,,,
9390,Jerry Maguire,"Comedy, Drama, Romance",1996-12-06,6.7,153952627.0,,50000000.0,yes,yes,yes,no,,,,,
378,Raising Arizona,"Comedy, Crime",1987-03-01,7.2,22848427.0,,6000000.0,yes,no,yes,no,,,,,
9819,Marvin's Room,Drama,1996-12-18,6.6,,,23000000.0,no,yes,yes,no,,,,,
4232,Scream,"Crime, Horror, Mystery",1996-12-20,7.0,103086087.0,,14000000.0,yes,no,yes,no,,,,,
9361,The Last of the Mohicans,"Action, Adventure, Drama, History, Romance, War",1992-09-25,7.1,75506530.0,,40000000.0,yes,yes,no,no,,,,,
8818,Evita,"History, Drama, Music",1996-12-14,5.9,68265837.0,,55000000.0,yes,yes,yes,yes,,,,,
34314,Turbulence,"Action, Thriller, Crime",1997-01-09,5.2,,,55000000.0,yes,no,yes,no,,,,,
8860,Metro,"Action, Adventure, Comedy, Crime, Thriller",1997-01-16,5.3,,,55000000.0,yes,no,yes,no,,,,,
9619,Dante's Peak,"Action, Adventure, Thriller",1997-02-07,5.8,,,116000000.0,yes,no,yes,no,,,,,
26306,Prefontaine,"Drama, Romance",1997-01-24,6.7,,,8000000.0,yes,no,no,no,,,,,
66,Absolute Power,"Crime, Drama, Thriller",1997-02-14,6.4,,,50000000.0,yes,yes,yes,no,,,,,
11419,Vegas Vacation,Comedy,1997-02-13,6.0,,,25000000.0,no,no,yes,no,,,,,
638,Lost Highway,"Drama, Thriller, Mystery",1997-01-15,7.5,3756928.0,,15000000.0,yes,no,yes,no,,,,,
25624,Rosewood,"Drama, History",1997-02-21,6.7,,,30000000.0,yes,no,yes,no,,,,,
9366,Donnie Brasco,"Crime, Drama, Thriller",1997-02-27,7.4,,,35000000.0,yes,yes,yes,no,,,,,
28005,Kama Sutra - A Tale of Love,"Drama, History, Romance",1996-09-11,5.7,,,3000000.0,yes,no,yes,yes,,,,,
9403,Private Parts,"Comedy, Drama",1997-03-07,6.7,,,28000000.0,yes,no,yes,no,,,,,
10003,The Saint,"Thriller, Action, Romance, Science Fiction, Adventure",1997-04-03,5.9,,,68000000.0,yes,yes,yes,no,,,,,
16052,Selena,Drama,1997-03-21,7.1,,,20000000.0,no,yes,yes,no,,,,,
4477,The Devil's Own,"Crime, Thriller, Drama",1997-03-12,5.9,,,90000000.0,yes,no,no,no,,,,,
50512,Anna Karenina,"Drama, Romance",1997-04-04,6.4,68929150.0,,35000000.0,yes,no,yes,no,,,,,
816,Austin Powers: International Man of Mystery,"Science Fiction, Comedy, Crime",1997-05-02,6.5,53884336.0,,16500000.0,yes,no,yes,yes,,,,,
2163,Breakdown,"Drama, Action, Thriller",1997-05-02,6.6,,,36000000.0,yes,no,yes,no,,,,,
18,The Fifth Element,"Adventure, Fantasy, Action, Thriller, Science Fiction",1997-05-07,7.3,63826139.0,,90000000.0,yes,yes,yes,no,,,,,
64802,Love! Valour! Compassion!,Drama,1997-05-16,5.7,,,2000000.0,no,yes,no,no,,,,,
330,The Lost World: Jurassic Park,"Adventure, Action, Science Fiction",1997-05-23,6.2,,,73000000.0,yes,no,yes,no,,,,,
1701,Con Air,"Action, Thriller, Crime",1997-06-01,6.5,101142012.0,,75000000.0,yes,no,yes,no,,,,,
1639,Speed 2: Cruise Control,"Action, Adventure, Thriller",1997-06-13,4.1,164508066.0,,160000000.0,yes,yes,yes,no,,,,,
415,Batman & Robin,"Action, Crime, Fantasy",1997-06-20,4.2,238225195.0,,125000000.0,yes,no,yes,yes,,,,,
11970,Hercules,"Animation, Family, Fantasy, Adventure, Comedy, Romance",1997-06-26,7.3,244819862.0,,85000000.0,yes,yes,no,no,,,,,
8874,My Best Friend's Wedding,"Comedy, Romance",1997-06-19,6.4,127131755.0,,38000000.0,yes,yes,no,no,,,,,
754,Face/Off,"Action, Crime, Science Fiction, Thriller",1997-06-27,6.8,112277322.0,,80000000.0,yes,yes,yes,no,,,,,
607,Men in Black,"Action, Adventure, Comedy, Science Fiction",1997-07-02,6.9,,,90000000.0,yes,yes,yes,no,,,,,
686,Contact,"Drama, Science Fiction, Mystery",1997-07-11,7.2,,,90000000.0,yes,no,yes,no,,,,,
4421,G.I. Jane,"Action, Drama",1997-08-22,6.0,,,50000000.0,yes,no,yes,no,,,,,
9387,Conan the Barbarian,"Adventure, Fantasy, Action",1982-04-02,6.6,63523283.0,,20000000.0,yes,no,yes,no,,,,,
2142,Cop Land,"Action, Crime, Drama",1997-08-15,6.6,,,15000000.0,yes,no,yes,no,,,,,
8413,Event Horizon,"Horror, Science Fiction, Mystery",1997-08-15,6.4,26676116.0,,60000000.0,yes,yes,yes,yes,,,,,
10336,Spawn,"Action, Adventure, Fantasy, Horror, Science Fiction, Thriller",1997-07-31,5.0,,,40000000.0,yes,no,yes,no,,,,,
20737,Air Bud,"Comedy, Family, Drama",1997-08-01,5.3,,,3000000.0,yes,no,no,yes,,,,,
9413,Picture Perfect,"Comedy, Romance",1997-08-01,5.1,,,19000000.0,yes,yes,yes,no,,,,,
8834,Conspiracy Theory,"Action, Drama, Mystery, Thriller",1997-08-07,6.5,,,75000000.0,yes,no,yes,no,,,,,
4961,Mimic,"Fantasy, Horror, Thriller",1997-08-22,5.7,,,30000000.0,yes,yes,yes,no,,,,,
9772,Air Force One,"Action, Thriller",1997-07-25,6.2,,,85000000.0,yes,yes,yes,yes,,,,,
6072,One Eight Seven,"Drama, Thriller",1997-07-29,6.5,,,20000000.0,yes,yes,no,no,,,,,
1669,The Hunt for Red October,"Action, Adventure, Thriller",1990-03-02,7.2,,,30000000.0,yes,yes,yes,no,,,,,
2118,L.A. Confidential,"Crime, Drama, Mystery, Thriller",1997-09-19,7.7,,,35000000.0,yes,no,yes,no,,,,,
978,Seven Years in Tibet,"Adventure, Drama, History",1997-09-12,7.0,,,70000000.0,yes,no,yes,no,,,,,
9437,Kiss the Girls,"Drama, Mystery, Thriller, Crime",1997-10-03,6.2,,,27000000.0,yes,yes,yes,no,,,,,
10351,Wishmaster,Horror,1997-09-19,5.6,,,5000000.0,no,no,yes,no,,,,,
2649,The Game,"Drama, Thriller, Mystery",1997-09-12,7.5,48323859.0,,50000000.0,yes,yes,yes,no,,,,,
14289,Fire Down Below,"Action, Adventure, Crime, Thriller",1997-09-05,5.0,,,60000000.0,yes,no,yes,no,,,,,
10155,U Turn,Thriller,1997-10-03,6.5,,,19000000.0,no,no,yes,yes,,,,,
68924,The Ice Storm,Drama,1997-09-27,6.9,,,18000000.0,no,no,yes,yes,,,,,
2255,Chasing Amy,"Comedy, Drama, Romance",1997-04-04,6.7,,,250000.0,yes,no,yes,no,,,,,
9427,The Full Monty,Comedy,1997-08-13,6.9,114634325.0,,3500000.0,no,no,yes,no,,,,,
3597,I Know What You Did Last Summer,"Horror, Thriller, Mystery",1997-10-17,5.6,72587919.0,,17000000.0,yes,no,yes,no,,,,,
1813,The Devil's Advocate,"Drama, Horror, Mystery, Thriller",1997-10-17,7.2,,,57000000.0,yes,yes,yes,yes,,,,,
12628,Playing God,"Drama, Action, Thriller, Crime",1997-10-17,5.6,,,12000000.0,yes,yes,no,no,,,,,
782,Gattaca,"Thriller, Science Fiction, Mystery, Romance",1997-09-07,7.5,,,36000000.0,yes,yes,yes,no,,,,,
10871,Switchback,"Action, Adventure, Mystery, Thriller",1997-10-31,5.8,,,37000000.0,yes,no,yes,no,,,,,
10890,Stripes,"Action, Comedy",1981-06-25,6.5,,,10000000.0,yes,yes,no,no,,,,,
9770,Mad City,"Action, Drama, Thriller",1997-11-07,5.9,,,50000000.0,yes,no,yes,no,,,,,
12616,One Night Stand,Drama,1997-11-14,5.7,,,24000000.0,no,no,no,no,,,,,
11975,The Rainmaker,"Drama, Crime, Thriller",1997-11-18,6.7,,,40000000.0,yes,no,yes,no,,,,,
4995,Boogie Nights,Drama,1997-09-11,7.5,26402455.0,,15000000.0,no,no,yes,no,,,,,
9281,Witness,"Crime, Drama, Romance, Thriller",1985-02-08,7.0,,,12000000.0,yes,yes,no,no,,,,,
563,Starship Troopers,"Adventure, Action, Thriller, Science Fiction",1997-11-06,6.7,54815970.0,,105000000.0,yes,no,yes,no,,,,,
19931,The Joy Luck Club,Drama,1993-09-08,7.1,,,11000000.0,no,yes,no,yes,,,,,
10215,Sliding Doors,"Comedy, Drama, Fantasy, Romance",1998-04-23,6.6,,,6000000.0,yes,no,yes,yes,,,,,
9823,Mortal Kombat: Annihilation,"Action, Fantasy, Science Fiction",1997-11-21,3.8,,,30000000.0,yes,no,yes,no,,,,,
37165,The Truman Show,"Comedy, Drama",1998-06-04,7.8,264118201.0,,60000000.0,yes,no,yes,no,,,,,
4824,The Jackal,"Action, Thriller, Adventure, Crime",1997-11-14,6.1,,,60000000.0,yes,yes,yes,no,,,,,
9444,Anastasia,"Animation, Family",1997-11-20,7.4,,,53000000.0,yes,yes,yes,no,,,,,
9414,The Man Who Knew Too Little,"Comedy, Thriller, Crime, Action",1997-11-14,6.5,,,20000000.0,yes,no,yes,no,,,,,
8078,Alien: Resurrection,"Science Fiction, Horror, Action",1997-11-12,5.9,,,70000000.0,yes,no,yes,no,,,,,
11831,Amistad,"Drama, History, Mystery",1997-12-03,6.8,,,36000000.0,yes,yes,no,no,,,,,
2639,Deconstructing Harry,"Comedy, Drama",1997-08-26,7.3,,,20000000.0,yes,no,no,no,,,,,
9574,Flubber,"Comedy, Family, Science Fiction",1997-11-26,5.3,,,80000000.0,yes,no,yes,no,,,,,
10371,For Richer or Poorer,Comedy,1997-12-11,5.6,,,35000000.0,no,no,yes,no,,,,,
489,Good Will Hunting,Drama,1997-12-05,7.9,138435239.0,,10000000.0,no,no,yes,yes,,,,,
9714,Home Alone 3,"Comedy, Family",1997-12-12,5.1,,,32000000.0,yes,yes,yes,no,,,,,
8197,Midnight in the Garden of Good and Evil,"Crime, Drama, Mystery, Thriller",1997-11-21,6.3,,,35000000.0,yes,no,yes,no,,,,,
6283,MouseHunt,"Comedy, Family",1997-12-19,6.2,,,38000000.0,yes,no,no,no,,,,,
4233,Scream 2,"Horror, Mystery",1997-12-09,6.1,101363940.0,,24000000.0,yes,no,yes,no,,,,,
10217,The Sweet Hereafter,Drama,1997-05-14,6.8,,,5000000.0,no,yes,yes,no,,,,,
714,Tomorrow Never Dies,"Adventure, Action, Thriller",1997-12-11,6.0,125304452.0,,110000000.0,yes,yes,no,yes,,,,,
9922,The Postman,"Drama, Adventure",1997-12-25,6.1,,,80000000.0,yes,yes,yes,no,,,,,
547,The Horse Whisperer,"Drama, Romance",1998-05-14,6.7,186883563.0,,60000000.0,yes,no,yes,no,,,,,
184,Jackie Brown,"Comedy, Crime, Romance",1997-12-24,7.3,39691613.0,,12000000.0,yes,no,no,no,,,,,
9746,Kundun,Drama,1997-12-25,6.8,5684855.0,,28000000.0,no,yes,no,no,,,,,
115,The Big Lebowski,"Comedy, Crime",1998-03-06,7.8,47409582.0,,15000000.0,yes,yes,yes,yes,,,,,
9410,Great Expectations,"Comedy, Drama, Romance",1998-01-19,6.4,55494066.0,,25000000.0,yes,no,yes,no,,,,,
586,Wag the Dog,"Comedy, Drama",1997-12-25,6.7,,,15000000.0,yes,yes,yes,no,,,,,
2666,Dark City,"Mystery, Science Fiction",1998-02-27,7.2,27200316.0,,27000000.0,yes,no,yes,yes,,,,,
11258,Hard Rain,Thriller,1998-01-16,5.5,,,70000000.0,no,no,yes,yes,,,,,
25719,Shooting Fish,"Crime, Comedy, Romance",1997-08-22,7.0,,,3000000.0,yes,no,yes,no,,,,,
6116,Spice World,"Adventure, Fantasy, Drama, Comedy, Music",1997-12-19,4.7,29350792.0,,25000000.0,yes,no,no,no,,,,,
9457,Deep Rising,"Adventure, Action, Horror, Science Fiction",1998-01-30,6.0,,,45000000.0,yes,yes,yes,yes,,,,,
12238,The Night Flier,"Mystery, Horror, Fantasy",1997-04-30,5.7,,,1000000.0,yes,no,yes,yes,,,,,
11568,Blues Brothers 2000,"Music, Action, Comedy, Crime",1998-02-05,5.2,,,28000000.0,yes,yes,no,no,,,,,
11003,The Wedding Singer,"Romance, Comedy",1998-02-13,6.5,123306987.0,,18000000.0,yes,no,yes,no,,,,,
10153,Sphere,Science Fiction,1998-02-13,5.8,,,75000000.0,no,no,yes,no,,,,,
2898,As Good as It Gets,"Comedy, Romance",1997-12-19,7.2,,,50000000.0,yes,no,yes,no,,,,,
9558,King of New York,"Thriller, Crime",1990-07-18,6.5,,,1000000.0,yes,yes,yes,yes,,,,,
11808,U.S. Marshals,"Thriller, Crime, Action",1998-03-06,6.2,102367405.0,,60000000.0,yes,no,yes,no,,,,,
42807,The Newton Boys,"Crime, Action, Drama",1998-03-26,5.9,,,27000000.0,yes,no,yes,no,,,,,
617,Wild Things,Thriller,1998-03-20,6.3,,,20000000.0,no,no,no,no,,,,,
17127,The Object of My Affection,"Comedy, Drama, Romance",1998-04-17,5.6,46905889.0,,15000000.0,yes,no,no,no,,,,,
2157,Lost in Space,"Adventure, Family, Science Fiction",1998-04-03,5.0,136159423.0,,80000000.0,yes,no,yes,no,,,,,
29193,The Spanish Prisoner,"Crime, Drama, Mystery, Thriller",1997-09-08,7.1,,,10000000.0,yes,no,yes,no,,,,,
795,City of Angels,"Drama, Fantasy, Romance",1998-04-10,6.5,198685114.0,,55000000.0,yes,yes,yes,yes,,,,,
9469,He Got Game,Drama,1998-05-01,6.7,,,25000000.0,no,no,yes,no,,,,,
16148,Zero Effect,"Comedy, Crime, Mystery, Thriller",1998-01-30,6.0,,,5000000.0,yes,no,yes,no,,,,,
10216,Species II,"Science Fiction, Action, Horror",1998-04-10,4.5,,,35000000.0,yes,no,no,no,,,,,
9448,The Big Hit,"Action, Adventure, Comedy, Thriller",1998-04-24,6.1,,,13000000.0,yes,no,no,no,,,,,
8656,Deep Impact,"Action, Drama, Romance",1998-05-08,5.9,140694752.0,,75000000.0,yes,no,yes,no,,,,,
929,Godzilla,"Science Fiction, Action, Thriller",1998-05-20,5.3,524976069.0,,130000000.0,yes,yes,yes,no,,,,,
9452,Bulworth,"Comedy, Drama",1998-05-15,6.3,29202884.0,,30000000.0,yes,no,no,no,,,,,
1878,Fear and Loathing in Las Vegas,"Adventure, Drama, Comedy",1998-05-22,7.2,,,18500000.0,yes,no,yes,no,,,,,
1965,A Perfect Murder,"Crime, Thriller, Drama",1998-06-05,6.3,128038368.0,,60000000.0,yes,yes,yes,no,,,,,
6068,Six Days Seven Nights,"Action, Adventure, Comedy, Romance",1998-06-12,5.6,164839294.0,,70000000.0,yes,yes,yes,no,,,,,
15037,Can't Hardly Wait,"Comedy, Drama, Romance",1998-06-12,6.1,,,10000000.0,yes,no,no,no,,,,,
846,The X Files,"Mystery, Science Fiction, Thriller",1998-06-19,6.6,87535637.0,,66000000.0,yes,no,yes,yes,,,,,
1389,Out of Sight,"Romance, Comedy, Crime",1998-06-26,6.5,77745568.0,,48000000.0,yes,no,yes,no,,,,,
95,Armageddon,"Action, Thriller, Science Fiction, Adventure",1998-07-01,6.5,553709788.0,,140000000.0,yes,yes,yes,no,,,,,
944,Lethal Weapon 4,"Action, Adventure, Comedy, Crime, Thriller",1998-07-10,6.3,285444603.0,,140000000.0,yes,yes,yes,no,,,,,
11551,Small Soldiers,"Comedy, Adventure, Fantasy, Science Fiction, Action",1998-07-10,6.2,,,40000000.0,yes,yes,yes,no,,,,,
544,There's Something About Mary,"Romance, Comedy",1998-07-15,6.5,369884651.0,,23000000.0,yes,no,no,no,,,,,
65203,The Broadway Melody,"Drama, Music, Romance",1929-02-08,5.0,,,379000.0,yes,no,no,no,,,,,
33680,Grand Hotel,"Drama, Romance",1932-05-25,6.5,,,700000.0,yes,no,no,no,,,,,
12311,Mutiny on the Bounty,"Adventure, Drama, History, Romance",1935-11-08,7.1,,,1950000.0,yes,yes,no,no,,,,,
34106,You Can't Take It With You,"Comedy, Romance",1938-08-23,7.2,,,1644736.0,yes,yes,no,no,,,,,
43266,How Green Was My Valley,Drama,1941-10-28,6.9,,,1250000.0,no,yes,no,no,,,,,
27367,Mrs. Miniver,"Drama, Romance, War",1942-06-04,6.7,,,1344000.0,yes,yes,no,no,,,,,
28580,The Lost Weekend,Drama,1945-11-25,7.4,,,1250000.0,no,no,no,no,,,,,
887,The Best Years of Our Lives,"Drama, History, Romance",1946-12-25,7.6,,,2100000.0,yes,no,no,no,,,,,
33667,Gentleman's Agreement,"Drama, Romance",1947-11-11,6.8,,,2000000.0,yes,no,no,no,,,,,
27191,The Greatest Show on Earth,"Action, Drama, Romance",1952-01-10,6.6,,,4000000.0,yes,yes,no,no,,,,,
11426,From Here to Eternity,"War, Drama, Romance",1953-08-28,7.2,,,1650000.0,yes,no,no,no,,,,,
654,On the Waterfront,"Crime, Drama",1954-06-22,8.0,,,910000.0,yes,no,yes,no,,,,,
15919,Marty,"Drama, Romance",1955-04-11,7.2,,,343000.0,yes,no,yes,no,,,,,
1725,West Side Story,"Crime, Drama, Music",1961-10-18,7.0,,,6000000.0,yes,no,yes,no,,,,,
5769,Tom Jones,"Adventure, Comedy, History, Romance",1963-10-06,6.1,,,1000000.0,yes,no,no,no,,,,,
874,A Man for All Seasons,"Drama, History",1966-12-12,7.5,,,3900000.0,yes,yes,yes,no,,,,,
10633,In the Heat of the Night,"Crime, Drama, Mystery, Thriller",1967-08-02,7.5,,,2000000.0,yes,no,yes,no,,,,,
17917,Oliver!,"Drama, Family, Music",1968-09-26,7.0,,,10000000.0,yes,no,yes,no,,,,,
3116,Midnight Cowboy,Drama,1969-05-25,7.4,,,3600000.0,no,yes,yes,no,,,,,
1051,The French Connection,"Action, Crime, Thriller",1971-10-09,7.4,,,1800000.0,yes,yes,yes,no,,,,,
1366,Rocky,Drama,1976-11-21,7.5,,,1000000.0,no,no,no,no,,,,,
12102,Kramer vs. Kramer,Drama,1979-12-18,7.4,,,8000000.0,no,no,no,no,,,,,
9443,Chariots of Fire,"Drama, History",1981-05-15,6.9,,,5500000.0,yes,yes,yes,no,,,,,
606,Out of Africa,Drama,1985-12-20,7.0,225526205.0,,31000000.0,no,yes,yes,no,,,,,
746,The Last Emperor,"Drama, History",1987-10-21,7.4,43985340.0,,23000000.0,yes,yes,yes,yes,,,,,
380,Rain Man,Drama,1988-12-11,7.6,172835580.0,,25000000.0,no,yes,yes,no,,,,,
403,Driving Miss Daisy,"Comedy, Drama",1989-12-13,7.0,,,7500000.0,yes,yes,yes,no,,,,,
13820,Repo Man,"Comedy, Crime, Science Fiction, Thriller",1984-02-20,6.7,,,1500000.0,yes,no,no,no,,,,,
13597,Labyrinth,"Adventure, Family, Fantasy",1986-06-27,7.1,12921386.0,,25000000.0,yes,no,yes,yes,,,,,
2108,The Breakfast Club,"Comedy, Drama",1985-02-15,7.8,45876558.0,,1000000.0,yes,no,yes,no,,,,,
10072,A Nightmare on Elm Street 3: Dream Warriors,"Horror, Thriller",1987-02-27,6.5,,,5000000.0,yes,no,yes,no,,,,,
10131,A Nightmare on Elm Street 4: The Dream Master,"Horror, Thriller",1988-08-19,5.8,,,7000000.0,yes,no,no,no,,,,,
4488,Friday the 13th,Horror,1980-05-09,6.4,91509154.0,,550000.0,no,no,yes,no,,,,,
9728,Friday the 13th Part III,"Horror, Thriller",1982-08-13,5.7,,,4000000.0,yes,no,yes,no,,,,,
9730,Friday the 13th: The Final Chapter,"Horror, Thriller",1984-04-13,5.9,32982894.0,,2600000.0,yes,yes,yes,no,,,,,
9731,Friday the 13th: A New Beginning,"Horror, Thriller",1985-03-22,5.1,,,2200000.0,yes,no,yes,no,,,,,
10283,Friday the 13th Part VIII: Jason Takes Manhattan,"Horror, Thriller",1989-07-28,4.8,,,5000000.0,yes,no,yes,no,,,,,
948,Halloween,"Horror, Thriller",1978-10-25,7.4,255485178.0,,300000.0,yes,no,yes,no,,,,,
11281,Halloween II,"Horror, Thriller",1981-10-30,6.4,39421467.0,,2500000.0,yes,no,no,no,,,,,
10676,Halloween III: Season of the Witch,"Horror, Mystery, Science Fiction",1982-10-22,5.0,,,2500000.0,yes,no,no,no,,,,,
11361,Halloween 5: The Revenge of Michael Myers,"Horror, Thriller",1989-10-12,5.3,,,5000000.0,yes,no,no,no,,,,,
36599,Prom Night,"Horror, Mystery, Thriller",1980-07-18,6.0,57197876.0,,1000000.0,yes,no,yes,no,,,,,
11187,Child's Play 3,"Thriller, Horror, Action",1991-08-30,5.5,,,13000000.0,yes,yes,no,yes,,,,,
609,Poltergeist,Horror,1982-06-04,7.1,95437994.0,,10700000.0,no,no,yes,no,,,,,
11133,Poltergeist II: The Other Side,"Horror, Thriller",1986-05-23,5.8,40998097.0,,19000000.0,yes,no,no,no,,,,,
10306,Poltergeist III,"Horror, Thriller",1988-06-10,4.6,,,10500000.0,yes,no,no,no,,,,,
9552,The Exorcist,"Drama, Horror, Thriller",1973-12-26,7.5,,,8000000.0,yes,yes,yes,no,,,,,
11586,Exorcist II: The Heretic,"Horror, Thriller, Fantasy",1977-06-17,4.5,,,14000000.0,yes,yes,no,no,,,,,
941,Lethal Weapon,"Adventure, Action, Comedy, Thriller, Crime",1987-03-06,7.0,65207187.0,,15000000.0,yes,no,yes,no,,,,,
942,Lethal Weapon 2,"Action, Adventure, Comedy, Crime, Thriller",1989-07-07,6.7,,,25000000.0,yes,yes,yes,no,,,,,
943,Lethal Weapon 3,"Adventure, Action, Comedy, Thriller, Crime",1992-05-15,6.4,,,35000000.0,yes,no,yes,no,,,,,
927,Gremlins,"Fantasy, Horror, Comedy",1984-06-07,6.9,148171538.0,,11000000.0,yes,yes,yes,no,,,,,
928,Gremlins 2: The New Batch,"Comedy, Horror, Fantasy",1990-06-15,6.3,,,50000000.0,yes,no,yes,no,,,,,
9340,The Goonies,"Adventure, Comedy, Family",1985-06-06,7.4,61414121.0,,19000000.0,yes,yes,yes,no,,,,,
9342,The Mask of Zorro,"Action, Adventure",1998-07-16,6.3,250288523.0,,95000000.0,yes,no,yes,no,,,,,
19,Metropolis,"Drama, Science Fiction",1927-01-10,8.0,,,92620000.0,yes,no,yes,no,,,,,
165,Back to the Future Part II,"Adventure, Comedy, Family, Science Fiction",1989-11-20,7.4,118550294.0,,40000000.0,yes,no,yes,no,,,,,
196,Back to the Future Part III,"Adventure, Comedy, Family, Science Fiction",1990-05-25,7.1,,,40000000.0,yes,no,yes,no,,,,,
551,The Poseidon Adventure,"Action, Adventure",1972-12-01,7.3,,,5000000.0,yes,no,yes,no,,,,,
859,Dangerous Liaisons,"Drama, Romance",1988-12-16,7.1,,,14000000.0,yes,no,yes,yes,,,,,
841,Dune,"Action, Science Fiction, Adventure",1984-12-14,6.5,30928421.0,,40000000.0,yes,yes,no,no,,,,,
11051,The Last Temptation of Christ,Drama,1988-08-12,7.0,,,7000000.0,no,no,yes,yes,,,,,
242,The Godfather: Part III,"Crime, Drama, Thriller",1990-12-24,7.1,,,54000000.0,yes,yes,no,yes,,,,,
1411,The Rapture,"Mystery, Drama",1991-10-04,6.4,,,1227401.0,yes,no,no,no,,,,,
9769,Lolita,"Drama, Romance",1997-09-27,7.0,,,62000000.0,yes,no,yes,yes,,,,,
857,Saving Private Ryan,"Drama, History, War",1998-07-24,7.9,481840909.0,,70000000.0,yes,yes,yes,no,,,,,
9570,The Black Hole,"Adventure, Family, Science Fiction, Action",1979-12-18,6.1,,,20000000.0,yes,no,no,no,,,,,
10439,Hocus Pocus,"Comedy, Family, Fantasy",1993-07-16,6.5,39524070.0,,28000000.0,yes,no,no,no,,,,,
9354,"Honey, I Shrunk the Kids","Adventure, Comedy, Family, Science Fiction",1989-06-22,6.1,,,32000000.0,yes,no,no,no,,,,,
9631,The Negotiator,"Action, Adventure, Crime, Drama, Mystery, Thriller",1998-07-29,6.8,,,50000000.0,yes,no,yes,yes,,,,,
1779,Roger & Me,"Documentary, History",1989-09-01,7.4,,,160000.0,yes,no,yes,no,,,,,
11974,The 'Burbs,"Comedy, Horror, Thriller",1989-02-17,6.6,36602268.0,,18000000.0,yes,no,no,no,,,,,
793,Blue Velvet,"Crime, Drama, Mystery, Thriller",1986-08-01,7.7,8553817.0,,6000000.0,yes,no,no,no,,,,,
10414,The Mighty Ducks,"Comedy, Family",1992-10-01,6.4,50753220.0,,10000000.0,yes,no,no,no,,,,,
13155,Return to Oz,"Adventure, Family, Fantasy",1985-06-21,6.6,,,25000000.0,yes,no,yes,yes,,,,,
10249,The Rocketeer,"Action, Adventure, Science Fiction, Family",1991-06-21,6.3,,,42000000.0,yes,no,no,no,,,,,
24808,Something Wicked This Way Comes,"Fantasy, Mystery, Thriller",1983-04-29,6.6,,,19000000.0,yes,no,yes,no,,,,,
2619,Splash,"Comedy, Fantasy, Romance",1984-03-09,6.1,,,8000000.0,yes,yes,no,no,,,,,
97,Tron,"Science Fiction, Action, Adventure",1982-07-09,6.6,33001374.0,,17000000.0,yes,no,yes,no,,,,,
227,The Outsiders,"Crime, Drama",1983-03-25,6.9,,,10000000.0,yes,no,yes,no,,,,,
87,Indiana Jones and the Temple of Doom,"Adventure, Action",1984-05-23,7.1,179877399.0,,28000000.0,yes,yes,yes,no,,,,,
123,The Lord of the Rings,"Fantasy, Drama, Animation, Adventure",1978-11-15,6.1,30474857.0,,4000000.0,yes,no,yes,no,,,,,
11336,The Dead Zone,"Horror, Science Fiction, Thriller",1983-10-21,6.9,,,10000000.0,yes,yes,yes,no,,,,,
9980,Maximum Overdrive,"Action, Drama, Horror, Science Fiction",1986-07-25,5.5,,,10000000.0,yes,no,no,no,,,,,
10489,Cujo,"Horror, Thriller",1983-08-10,5.7,,,5000000.0,yes,yes,yes,no,,,,,
10823,Children of the Corn,"Drama, Fantasy, Horror, Thriller",1984-03-09,5.6,,,800000.0,yes,yes,yes,no,,,,,
2907,The Addams Family,"Horror, Comedy, Fantasy",1991-11-22,6.7,203044905.0,,30000000.0,yes,no,yes,no,,,,,
8688,Snake Eyes,"Crime, Mystery",1998-08-07,5.8,103891409.0,,73000000.0,yes,yes,yes,yes,,,,,
23954,Atlantic City,"Crime, Drama, Romance",1980-09-02,6.7,,,7200000.0,yes,yes,yes,yes,,,,,
396,Who's Afraid of Virginia Woolf?,Drama,1966-06-21,7.8,,,7500000.0,no,yes,no,no,,,,,
16081,Doctor Dolittle,"Adventure, Fantasy, Comedy, Family, Music, Romance",1967-12-19,6.0,294456605.0,,18000000.0,yes,yes,yes,no,,,,,
11639,The Dark Crystal,Fantasy,1982-12-17,7.3,43569899.0,,15000000.0,no,yes,yes,yes,,,,,
11976,Legend,"Adventure, Fantasy",1985-07-19,6.2,42972994.0,,25000000.0,yes,yes,yes,yes,,,,,
15144,Sixteen Candles,"Comedy, Romance",1984-05-04,6.9,,,6500000.0,yes,no,no,no,,,,,
8393,The Gods Must Be Crazy,"Action, Comedy",1980-09-10,7.1,,,5000000.0,yes,yes,yes,yes,,,,,
33644,How Stella Got Her Groove Back,"Comedy, Drama, Romance",1998-08-14,6.0,39278722.0,,20000000.0,yes,no,no,no,,,,,
805,Rosemary's Baby,"Horror, Drama, Mystery",1968-06-12,7.5,,,3200000.0,yes,no,yes,no,,,,,
34584,The Neverending Story,"Drama, Family, Fantasy, Adventure",1984-04-05,7.0,,,27000000.0,yes,no,yes,yes,,,,,
77469,Your Friends & Neighbors,"Drama, Comedy",1998-02-04,5.9,,,5000000.0,yes,no,yes,no,,,,,
36647,Blade,"Horror, Action",1998-08-21,6.5,131183530.0,,45000000.0,yes,yes,yes,no,,,,,
4011,Beetlejuice,"Fantasy, Comedy",1988-02-29,7.1,73719756.0,,15000000.0,yes,no,yes,no,,,,,
5854,Family Plot,"Comedy, Crime, Thriller",1976-04-09,6.7,,,2000000.0,yes,no,no,no,,,,,
573,Frenzy,"Crime, Drama, Mystery, Thriller",1972-05-25,7.2,,,3500000.0,yes,no,no,no,,,,,
2370,Topaz,"Action, Drama, Mystery, Thriller",1969-12-18,6.1,,,4000000.0,yes,yes,no,no,,,,,
5780,Torn Curtain,"Mystery, Thriller",1966-07-13,6.4,,,3000000.0,yes,yes,no,no,,,,,
506,Marnie,"Crime, Drama, Mystery, Thriller",1964-07-09,7.2,,,2135161.0,yes,yes,no,no,,,,,
22527,The Wrong Man,"Crime, Drama, Mystery",1956-12-22,6.9,,,1200000.0,yes,yes,no,no,,,,,
574,The Man Who Knew Too Much,"Adventure, Crime, Drama, Mystery, Thriller",1956-06-01,7.3,,,2500000.0,yes,yes,no,no,,,,,
11219,The Trouble with Harry,"Comedy, Mystery, Thriller",1955-10-03,6.9,,,1200000.0,yes,no,yes,no,,,,,
845,Strangers on a Train,"Crime, Drama, Thriller",1951-06-18,7.6,,,1200000.0,yes,yes,no,no,,,,,
3682,54,"Music, Drama",1998-08-28,5.5,,,13000000.0,yes,no,yes,no,,,,,
847,Willow,"Adventure, Drama, Action",1988-05-01,6.9,,,35000000.0,yes,no,yes,no,,,,,
117,The Untouchables,"Crime, Drama, History, Thriller",1987-06-02,7.6,,,25000000.0,yes,no,no,no,,,,,
11462,Suspicion,"Mystery, Thriller",1941-11-14,7.1,,,1103000.0,yes,no,no,no,,,,,
10220,Rounders,"Drama, Crime",1998-09-11,6.9,,,12000000.0,yes,yes,yes,no,,,,,
431,Cube,"Thriller, Science Fiction, Mystery",1997-09-09,6.9,,,250000.0,yes,yes,yes,no,,,,,
22796,Simon Birch,"Comedy, Drama, Family",1998-09-11,6.5,,,20000000.0,yes,no,yes,no,,,,,
22256,Without Limits,Drama,1998-09-11,6.4,,,25000000.0,no,no,yes,no,,,,,
12626,Broadcast News,"Comedy, Drama, Romance",1987-12-16,6.8,51249461.0,,20000000.0,yes,no,yes,no,,,,,
3525,Working Girl,"Comedy, Drama, Romance",1988-12-20,6.5,,,28000000.0,yes,yes,no,no,,,,,
2321,Married to the Mob,"Comedy, Crime, Romance",1988-08-19,5.8,,,10000000.0,yes,no,yes,no,,,,,
11933,Nothing but Trouble,"Comedy, Adventure",1991-02-14,5.0,,,40000000.0,yes,no,yes,no,,,,,
881,A Few Good Men,Drama,1992-12-11,7.1,141354048.0,,40000000.0,no,no,no,no,,,,,
4478,Indecent Proposal,Drama,1993-04-07,5.8,,,38000000.0,no,no,no,no,,,,,
2109,Rush Hour,"Action, Comedy, Crime, Thriller",1998-09-18,6.8,244386864.0,,33000000.0,yes,no,no,no,,,,,
24746,Six-String Samurai,"Action, Adventure, Science Fiction",1998-09-18,5.8,,,2000000.0,yes,no,no,no,,,,,
8195,Ronin,"Action, Thriller, Crime, Adventure",1998-09-25,6.8,,,55000000.0,yes,yes,yes,yes,,,,,
9877,Urban Legend,"Horror, Thriller",1998-09-25,5.6,72527595.0,,14000000.0,yes,yes,yes,yes,,,,,
24016,The Sheltering Sky,"Adventure, Drama, Romance",1990-10-24,6.4,,,25000000.0,yes,yes,no,yes,,,,,
1091,The Thing,"Horror, Mystery, Science Fiction",1982-06-25,7.8,31505287.0,,15000000.0,yes,yes,yes,no,,,,,
10403,The Player,"Comedy, Drama",1992-04-03,6.9,,,8000000.0,yes,no,yes,no,,,,,
162,Edward Scissorhands,"Fantasy, Drama, Romance",1990-12-05,7.5,56363185.0,,20000000.0,yes,no,no,no,,,,,
12159,What Dreams May Come,"Drama, Fantasy, Romance",1998-10-02,6.8,,,85000000.0,yes,no,no,yes,,,,,
10156,History of the World: Part I,Comedy,1981-06-12,6.5,,,11000000.0,no,yes,yes,no,,,,,
10377,My Cousin Vinny,"Comedy, Drama",1992-03-13,7.3,,,11000000.0,yes,no,yes,no,,,,,
4437,2010,"Thriller, Science Fiction",1984-12-06,6.6,,,28000000.0,yes,yes,no,no,,,,,
1955,The Elephant Man,"Drama, History",1980-10-02,7.9,26011470.0,,5000000.0,yes,no,no,yes,,,,,
6435,Practical Magic,"Drama, Fantasy, Comedy",1998-10-16,6.3,46733898.0,,75000000.0,yes,no,yes,no,,,,,
10683,Happiness,"Comedy, Drama",1998-10-16,7.4,2982321.0,,3000000.0,yes,yes,yes,no,,,,,
9425,Soldier,"Action, War, Science Fiction",1998-10-23,6.1,,,75000000.0,yes,no,yes,no,,,,,
20701,Tales from the Darkside: The Movie,"Thriller, Comedy, Fantasy, Horror",1990-05-03,5.8,,6.2,3500000.0,yes,no,yes,no,United States,1990,93,0.0,1.0
73,American History X,Drama,1998-10-30,8.2,23875127.0,,20000000.0,no,no,yes,no,,,,,
46889,Living Out Loud,"Comedy, Drama, Romance",1998-10-30,5.4,15610299.0,,12000000.0,yes,no,yes,no,,,,,
3033,Gods and Monsters,Drama,1998-01-21,6.8,,,10000000.0,no,yes,yes,yes,,,,,
9882,The Siege,"Drama, Action, Thriller, Crime",1998-11-06,6.1,116672912.0,,70000000.0,yes,yes,yes,no,,,,,
10663,The Waterboy,Comedy,1998-11-06,5.9,185991646.0,,23000000.0,no,no,no,no,,,,,
4518,Elizabeth,"Drama, History",1998-09-13,7.2,82150642.0,,30000000.0,yes,yes,yes,no,,,,,
3600,I Still Know What You Did Last Summer,"Horror, Mystery, Thriller",1998-11-13,5.1,,,65000000.0,yes,no,yes,no,,,,,
297,Meet Joe Black,"Fantasy, Drama, Mystery",1998-11-12,6.9,142940100.0,,90000000.0,yes,no,yes,no,,,,,
11893,Runaway Train,"Action, Thriller",1985-11-15,7.0,,,9000000.0,yes,no,yes,yes,,,,,
14924,Sid & Nancy,"Drama, Music, Romance",1986-11-07,7.0,,,4000000.0,yes,no,yes,no,,,,,
9798,Enemy of the State,"Action, Drama, Thriller",1998-11-20,6.7,250849789.0,,90000000.0,yes,no,yes,no,,,,,
9487,A Bug's Life,"Adventure, Animation, Comedy, Family",1998-11-25,6.8,363258859.0,,120000000.0,yes,no,yes,no,,,,,
244,King Kong,"Action, Adventure, Drama, Horror",1933-04-07,7.7,556906378.0,,672000.0,yes,no,no,no,,,,,
10730,King Kong,"Adventure, Drama",1976-09-08,5.9,556906378.0,,23000000.0,yes,no,yes,no,,,,,
8130,Desperately Seeking Susan,Comedy,1985-03-29,6.0,,,5000000.0,no,no,no,no,,,,,
9749,Fletch,"Comedy, Crime, Mystery",1985-05-31,6.8,,,8000000.0,yes,no,no,no,,,,,
14628,Fletch Lives,"Comedy, Crime, Mystery",1989-03-17,5.8,,,8045760.0,yes,no,yes,no,,,,,
10466,The Money Pit,"Comedy, Romance",1986-03-15,6.2,,,10000000.0,yes,no,yes,no,,,,,
707,A View to a Kill,"Adventure, Action, Thriller",1985-05-24,6.0,50328158.0,,30000000.0,yes,no,no,yes,,,,,
9336,Police Academy,"Comedy, Crime",1984-03-22,6.5,,,4500000.0,yes,no,yes,no,,,,,
9447,Babe: Pig in the City,"Adventure, Comedy, Drama, Family, Fantasy",1998-11-25,5.3,69131860.0,,90000000.0,yes,no,no,no,,,,,
10029,Very Bad Things,"Comedy, Crime, Thriller",1998-09-11,6.2,,,30000000.0,yes,no,yes,no,,,,,
11252,Psycho,"Horror, Mystery, Thriller",1998-12-04,4.8,37170655.0,,60000000.0,yes,no,yes,no,,,,,
200,Star Trek: Insurrection,"Science Fiction, Action, Adventure, Thriller",1998-12-10,6.3,112587658.0,,70000000.0,yes,no,no,no,,,,,
9837,The Prince of Egypt,"Adventure, Animation, Drama, Family, Music",1998-12-15,6.9,218613188.0,,70000000.0,yes,yes,yes,no,,,,,
11545,Rushmore,"Comedy, Drama",1998-09-17,7.5,,,9000000.0,yes,yes,no,no,,,,,
1934,Shakespeare in Love,"Romance, History",1998-12-11,6.8,289317794.0,,25000000.0,yes,no,yes,no,,,,,
13764,Santa Claus: The Movie,"Family, Fantasy, Adventure, Science Fiction, Comedy",1985-10-29,6.1,,,50000000.0,yes,no,yes,no,,,,,
1369,Rambo: First Blood Part II,"Action, Adventure, Thriller, War",1985-05-21,6.3,,,44000000.0,yes,yes,yes,no,,,,,
1368,First Blood,"Action, Adventure, Thriller, War",1982-10-22,7.2,,,15000000.0,yes,no,no,no,,,,,
1370,Rambo III,"Action, Adventure, Thriller, War",1988-05-24,5.7,,,63000000.0,yes,yes,yes,no,,,,,
10303,The Jewel of the Nile,"Action, Adventure, Comedy, Romance",1985-12-04,6.0,,,25000000.0,yes,yes,yes,no,,,,,
9326,Romancing the Stone,"Action, Adventure, Comedy, Romance",1984-03-30,6.6,76572547.0,,10000000.0,yes,yes,yes,yes,,,,,
11285,Cocoon: The Return,"Comedy, Drama, Science Fiction",1988-09-13,5.4,,,17500000.0,yes,no,yes,no,,,,,
1367,Rocky II,Drama,1979-06-15,6.9,,,7000000.0,no,no,no,no,,,,,
1371,Rocky III,Drama,1982-05-28,6.6,,,17000000.0,no,no,no,no,,,,,
1374,Rocky IV,Drama,1985-11-21,6.6,127891353.0,,31000000.0,no,no,no,no,,,,,
1375,Rocky V,Drama,1990-10-18,5.3,,,42000000.0,no,no,no,no,,,,,
15196,Clue,"Comedy, Thriller, Crime, Mystery",1985-12-13,7.1,,,15000000.0,yes,yes,yes,no,,,,,
1885,The Karate Kid,Drama,1984-06-22,6.9,359126022.0,,8000000.0,no,no,yes,no,,,,,
5825,National Lampoon's Christmas Vacation,Comedy,1989-12-01,7.1,71321010.0,,27000000.0,no,no,yes,no,,,,,
9489,You've Got Mail,"Comedy, Romance",1998-12-17,6.3,250821495.0,,65000000.0,yes,no,no,no,,,,,
8741,The Thin Red Line,"Drama, History, War",1998-12-25,7.2,39873298.0,,52000000.0,yes,yes,yes,yes,,,,,
9276,The Faculty,"Horror, Mystery, Science Fiction",1998-12-25,6.2,,,15000000.0,yes,no,yes,no,,,,,
10312,Patch Adams,"Comedy, Drama",1998-12-25,7.0,202292902.0,,50000000.0,yes,no,yes,no,,,,,
9422,A Civil Action,Drama,1998-03-05,6.1,,,70000000.0,no,no,yes,no,,,,,
10368,Tea with Mussolini,"Comedy, Drama, War",1999-03-25,5.8,,,12000000.0,yes,yes,yes,yes,,,,,
31662,Affliction,Drama,1997-08-28,5.8,,,6000000.0,no,no,no,no,,,,,
825,Playing by Heart,Drama,1998-12-30,6.6,,,20000000.0,no,no,yes,no,,,,,
9423,Virus,"Horror, Action, Science Fiction",1999-01-14,5.0,30652005.0,,75000000.0,yes,yes,yes,yes,,,,,
10658,Howard the Duck,"Comedy, Fantasy, Science Fiction",1986-08-01,5.1,,,37000000.0,yes,yes,yes,no,,,,,
11815,The Fly,"Drama, Horror, Science Fiction",1958-07-16,6.9,40460371.0,,700000.0,yes,yes,no,no,,,,,
9426,The Fly,"Horror, Science Fiction",1986-08-15,7.1,40460371.0,,15000000.0,yes,no,yes,yes,,,,,
16337,The Texas Chainsaw Massacre 2,Horror,1986-08-22,5.8,,,4700000.0,no,no,no,no,,,,,
192,The Name of the Rose,"Drama, Thriller, Mystery",1986-09-24,7.2,,,20000000.0,yes,yes,yes,yes,,,,,
10013,Peggy Sue Got Married,"Comedy, Drama, Fantasy, Romance",1986-10-05,5.9,,,18000000.0,yes,no,yes,no,,,,,
9671,Crocodile Dundee,"Adventure, Comedy",1986-09-26,6.3,,,5000000.0,yes,no,yes,no,,,,,
11873,The Color of Money,Drama,1986-10-07,6.7,,,13800000.0,no,yes,yes,no,,,,,
10015,Heartbreak Ridge,"Action, Comedy, Drama, War",1986-12-15,6.5,,,15000000.0,yes,yes,yes,no,,,,,
10314,She's All That,"Comedy, Romance",1999-01-29,5.7,103166989.0,,10000000.0,yes,no,yes,no,,,,,
11167,Peeping Tom,"Horror, Thriller",1960-04-06,7.6,,,150000.0,yes,no,yes,no,,,,,
2112,Payback,"Drama, Action, Thriller, Crime",1999-02-05,6.7,161626121.0,,90000000.0,yes,no,yes,no,,,,,
16172,Simply Irresistible,Comedy,1999-02-05,5.5,,,6000000.0,no,yes,yes,no,,,,,
11622,Blast from the Past,"Comedy, Romance",1999-02-12,6.3,40263020.0,,35000000.0,yes,yes,yes,no,,,,,
10207,Message in a Bottle,"Romance, Drama",1999-02-22,5.9,118880016.0,,80000000.0,yes,no,yes,no,,,,,
9849,My Favorite Martian,"Comedy, Drama, Family, Science Fiction",1999-02-11,5.1,,,65000000.0,yes,yes,no,no,,,,,
15256,200 Cigarettes,"Comedy, Drama, Romance",1999-02-26,6.1,,,6000000.0,yes,no,no,no,,,,,
8224,8MM,"Thriller, Crime, Mystery",1999-02-26,6.1,96618699.0,,40000000.0,yes,no,yes,no,,,,,
8913,Pet Sematary,"Drama, Horror",1989-04-21,6.4,113118226.0,,11500000.0,yes,no,no,no,,,,,
10906,Pet Sematary II,Horror,1992-08-28,5.0,,,8000000.0,no,no,yes,no,,,,,
10671,Airport,"Action, Drama, Thriller",1970-03-05,6.2,,,10000000.0,yes,yes,yes,no,,,,,
27932,Airport 1975,"Action, Adventure, Drama, Thriller",1974-10-18,5.5,,,3000000.0,yes,yes,no,no,,,,,
7227,Airport '77,"Action, Adventure, Drama, Thriller",1977-03-11,5.8,,,6000000.0,yes,yes,no,no,,,,,
5919,The Towering Inferno,"Action, Thriller",1974-12-14,7.1,,,14000000.0,yes,no,yes,no,,,,,
10803,Logan's Run,"Adventure, Action, Romance, Science Fiction",1976-06-23,6.6,,,9000000.0,yes,no,no,no,,,,,
871,Planet of the Apes,"Science Fiction, Adventure, Drama, Action",1968-02-07,7.5,362211740.0,,5800000.0,yes,no,yes,no,,,,,
1685,Beneath the Planet of the Apes,"Adventure, Science Fiction, Mystery",1970-05-01,6.2,,,3000000.0,yes,no,yes,no,,,,,
1705,Battle for the Planet of the Apes,"Action, Science Fiction",1973-06-15,5.5,,,1700000.0,yes,no,yes,no,,,,,
1687,Escape from the Planet of the Apes,"Action, Science Fiction",1971-05-20,6.3,,,2500000.0,yes,no,yes,no,,,,,
11123,Earthquake,"Action, Drama, Thriller",1974-11-15,5.6,,,7000000.0,yes,no,yes,no,,,,,
9535,Analyze This,"Comedy, Crime",1999-03-05,6.4,176885658.0,,80000000.0,yes,no,yes,yes,,,,,
9455,The Corruptor,"Action, Crime, Mystery, Thriller",1999-03-12,6.1,24493601.0,,25000000.0,yes,yes,yes,no,,,,,
796,Cruel Intentions,"Drama, Romance, Thriller",1999-03-05,6.6,75902208.0,,10500000.0,yes,yes,yes,no,,,,,
100,"Lock, Stock and Two Smoking Barrels","Comedy, Crime",1998-03-05,7.5,,,1350000.0,yes,no,yes,no,,,,,
30943,The Deep End of the Ocean,"Drama, Mystery",1999-03-12,6.0,28121100.0,,38000000.0,yes,no,yes,no,,,,,
7341,The Rage: Carrie 2,"Horror, Thriller, Science Fiction",1999-03-11,5.1,,,21000000.0,yes,no,yes,no,,,,,
9540,Dead Ringers,"Drama, Horror, Thriller",1988-09-23,7.0,8038722.0,,13000000.0,yes,no,yes,yes,,,,,
1641,Forces of Nature,"Romance, Comedy",1999-03-12,5.1,93900680.0,,75000000.0,yes,no,yes,no,,,,,
16520,The King and I,"Drama, Music, Romance",1956-06-29,7.3,,,4550000.0,yes,yes,no,no,,,,,
603,The Matrix,"Action, Science Fiction",1999-03-30,7.9,463517383.0,,63000000.0,yes,no,yes,yes,,,,,
4951,10 Things I Hate About You,"Comedy, Romance, Drama",1999-03-30,7.3,53478166.0,,16000000.0,yes,yes,yes,no,,,,,
8970,The Out-of-Towners,Comedy,1999-04-02,5.1,,,75000000.0,no,no,yes,no,,,,,
9430,Go,"Crime, Comedy, Thriller",1999-04-09,7.0,28451622.0,,6500000.0,yes,no,no,no,,,,,
11355,Never Been Kissed,"Romance, Comedy, Drama",1999-04-09,5.8,84565230.0,,25000000.0,yes,no,yes,no,,,,,
9465,Cookie's Fortune,"Comedy, Drama, Thriller",1999-01-22,6.2,,,10000000.0,yes,no,yes,no,,,,,
6522,Life,"Comedy, Crime",1999-04-16,6.4,100541806.0,,80000000.0,yes,no,yes,no,,,,,
1946,eXistenZ,"Action, Thriller, Science Fiction, Horror",1999-04-14,6.7,,,15000000.0,yes,no,yes,yes,,,,,
1844,Entrapment,"Romance, Drama, Mystery",1999-04-29,6.0,212404396.0,,66000000.0,yes,no,yes,yes,,,,,
6552,Idle Hands,"Thriller, Comedy, Horror",1999-04-30,6.1,4152523.0,,25000000.0,yes,no,yes,no,,,,,
3309,Mildred Pierce,"Crime, Drama",1945-09-24,7.4,,,1453000.0,yes,yes,no,no,,,,,
18462,Night of the Comet,"Comedy, Horror, Science Fiction",1984-11-16,6.1,,,3000000.0,yes,no,yes,no,,,,,
8592,Dick Tracy,"Adventure, Action, Comedy, Thriller, Crime",1990-06-15,5.9,,,47000000.0,yes,no,no,no,,,,,
564,The Mummy,"Adventure, Action, Fantasy",1999-04-16,6.6,409231607.0,,80000000.0,yes,yes,yes,no,,,,,
4927,Edge of Seventeen,"Comedy, Drama, Romance",1998-05-14,5.7,,,1500000.0,yes,no,no,no,,,,,
1893,Star Wars: Episode I - The Phantom Menace,"Adventure, Action, Science Fiction",1999-05-19,6.4,924305084.0,,115000000.0,yes,no,no,no,,,,,
1924,Superman,"Action, Adventure, Fantasy, Science Fiction",1978-12-13,6.9,134220479.0,,55000000.0,yes,no,yes,yes,,,,,
8536,Superman II,"Action, Adventure, Fantasy, Science Fiction",1980-12-04,6.5,216385706.0,,54000000.0,yes,no,yes,yes,,,,,
9531,Superman III,"Comedy, Action, Adventure, Fantasy, Science Fiction",1983-06-17,5.3,80250623.0,,39000000.0,yes,yes,yes,yes,,,,,
11411,Superman IV: The Quest for Peace,"Action, Adventure, Science Fiction",1987-07-23,4.1,30281020.0,,17000000.0,yes,yes,yes,yes,,,,,
36685,The Rocky Horror Picture Show,"Comedy, Horror, Music, Science Fiction",1975-08-14,7.4,,,1200000.0,yes,no,yes,yes,,,,,
509,Notting Hill,"Romance, Comedy, Drama",1999-05-13,7.0,363889678.0,,42000000.0,yes,yes,yes,yes,,,,,
1090,The Thirteenth Floor,"Thriller, Science Fiction, Mystery",1999-04-16,6.8,18564088.0,,16000000.0,yes,no,yes,no,,,,,
817,Austin Powers: The Spy Who Shagged Me,"Adventure, Comedy, Crime, Science Fiction",1999-06-08,6.1,206756403.0,,33000000.0,yes,yes,yes,no,,,,,
14283,The Red Violin,"Drama, Thriller, Mystery, Music, Romance",1998-09-10,7.2,,,18000000.0,yes,yes,yes,yes,,,,,
2275,The General's Daughter,"Crime, Drama, Mystery, Thriller",1999-06-18,6.1,149705852.0,,60000000.0,yes,no,yes,yes,,,,,
24137,An Ideal Husband,"Drama, Comedy, Romance",1999-04-15,6.3,,,14000000.0,yes,no,yes,yes,,,,,
9032,Big Daddy,"Comedy, Drama",1999-06-25,6.2,234801895.0,,34200000.0,yes,yes,no,no,,,,,
6488,Arachnophobia,"Comedy, Horror",1990-08-09,6.2,,,31000000.0,yes,yes,yes,no,,,,,
8487,Wild Wild West,"Action, Adventure, Comedy, Science Fiction, Western",1999-06-29,5.1,222104681.0,,170000000.0,yes,no,yes,no,,,,,
2105,American Pie,"Comedy, Romance",1999-07-09,6.4,235483004.0,,11000000.0,yes,no,yes,no,,,,,
345,Eyes Wide Shut,"Mystery, Drama",1999-07-14,7.1,162091208.0,,65000000.0,yes,no,yes,yes,,,,,
16158,The Wood,"Comedy, Drama, Romance",1999-07-16,7.1,,,6000000.0,yes,no,no,no,,,,,
620,Ghostbusters,"Comedy, Fantasy",1984-06-07,7.3,229379150.0,,30000000.0,yes,no,yes,no,,,,,
2978,Ghostbusters II,"Comedy, Fantasy",1989-06-15,6.3,112495514.0,,37000000.0,yes,no,no,no,,,,,
10490,Drop Dead Gorgeous,Comedy,1999-07-23,6.5,,,10000000.0,no,no,yes,no,,,,,
11618,The Haunting,"Horror, Thriller, Fantasy, Mystery",1999-07-23,5.2,177311151.0,,80000000.0,yes,no,yes,no,,,,,
8914,Deep Blue Sea,"Action, Science Fiction, Thriller",1999-07-28,5.6,164648142.0,,60000000.0,yes,no,yes,yes,,,,,
9824,Mystery Men,"Adventure, Fantasy, Action, Comedy, Science Fiction",1999-08-06,5.7,33461011.0,,68000000.0,yes,no,yes,no,,,,,
4806,Runaway Bride,"Comedy, Romance",1999-07-30,5.8,309460292.0,,70000000.0,yes,no,yes,no,,,,,
802,Lolita,"Drama, Romance",1962-06-13,7.3,,,2000000.0,yes,no,yes,yes,,,,,
21185,Vibes,"Romance, Action, Comedy",1988-08-05,6.0,,,1884000.0,yes,no,yes,yes,,,,,
10136,The Golden Child,"Action, Adventure, Comedy",1986-12-12,5.6,,,25000000.0,yes,yes,no,no,,,,,
873,The Color Purple,Drama,1985-12-18,7.7,,,15000000.0,no,no,yes,no,,,,,
11416,The Mission,"Adventure, Drama, Action, History",1986-09-29,7.1,,,24500000.0,yes,yes,yes,yes,,,,,
10776,Little Shop of Horrors,"Horror, Comedy, Music",1986-12-19,6.7,38752302.0,,25000000.0,yes,no,yes,no,,,,,
16406,Dick,Comedy,1999-08-04,5.7,6263172.0,,13000000.0,no,yes,no,yes,,,,,
745,The Sixth Sense,"Mystery, Thriller, Drama",1999-08-06,7.7,672806292.0,,40000000.0,yes,yes,yes,no,,,,,
913,The Thomas Crown Affair,"Drama, Crime, Romance",1999-08-06,6.7,124305181.0,,48000000.0,yes,no,yes,no,,,,,
17707,Brokedown Palace,"Drama, Thriller",1999-08-13,6.2,,,25000000.0,yes,yes,yes,no,,,,,
9781,Detroit Rock City,"Comedy, Music",1999-08-13,6.7,,,6500000.0,yes,no,yes,no,,,,,
10766,Damien: Omen II,"Action, Drama, Horror, Thriller",1978-06-09,6.1,,,6800000.0,yes,no,yes,no,,,,,
9406,An American Werewolf in Paris,"Horror, Comedy",1997-12-25,5.3,,,22000000.0,yes,yes,yes,yes,,,,,
11153,National Lampoon's Vacation,"Comedy, Adventure, Romance",1983-07-28,7.1,,,15000000.0,yes,no,no,no,,,,,
2280,Big,"Fantasy, Drama, Comedy, Romance, Family",1988-06-03,6.9,114968970.0,,18000000.0,yes,no,yes,no,,,,,
9944,The Pelican Brief,"Drama, Mystery, Thriller, Crime",1993-12-16,6.3,,,45000000.0,yes,no,no,no,,,,,
10342,Teaching Mrs. Tingle,"Comedy, Thriller",1999-08-11,5.3,,,13000000.0,yes,yes,yes,no,,,,,
22314,In Too Deep,"Drama, Action, Thriller, Crime",1999-08-25,6.3,,,7000000.0,yes,yes,no,no,,,,,
1911,The 13th Warrior,"Adventure, Fantasy, Action",1999-08-27,6.4,61698899.0,,160000000.0,yes,yes,no,no,,,,,
2900,The Astronaut's Wife,"Drama, Science Fiction, Thriller",1999-08-26,5.5,19598588.0,,75000000.0,yes,no,yes,no,,,,,
2162,Chill Factor,"Action, Comedy, Thriller",1999-09-01,5.3,11788676.0,,70000000.0,yes,no,yes,no,,,,,
14578,Outside Providence,"Romance, Comedy, Drama",1999-08-16,5.6,,,7000000.0,yes,no,yes,no,,,,,
10307,Stigmata,Horror,1999-09-10,6.0,89446268.0,,29000000.0,no,yes,yes,no,,,,,
11601,Stir of Echoes,"Horror, Mystery, Thriller",1999-09-10,6.5,,,12000000.0,yes,no,no,no,,,,,
26522,A Soldier's Story,"Drama, Mystery, War",1984-09-14,6.2,,,6000000.0,yes,yes,yes,no,,,,,
14,American Beauty,Drama,1999-09-15,7.9,356296601.0,,15000000.0,no,no,yes,no,,,,,
11001,Blue Streak,"Action, Comedy, Crime",1999-09-17,6.1,117758500.0,,65000000.0,yes,no,no,yes,,,,,
9453,Caligola,"Drama, History, Romance",1979-01-21,5.3,,,17500000.0,yes,yes,yes,yes,,,,,
24153,The Buddy Holly Story,Drama,1978-05-18,7.5,,,1200000.0,no,no,yes,no,,,,,
11797,Fright Night,Horror,1985-08-02,6.9,41002607.0,,9000000.0,no,no,yes,no,,,,,
10669,Deliverance,"Drama, Adventure, Thriller",1972-07-30,7.2,,,2000000.0,yes,no,yes,no,,,,,
11527,Excalibur,"Fantasy, Adventure",1981-04-10,7.1,,,11000000.0,yes,no,yes,yes,,,,,
11326,Tommy,"Drama, Music",1975-03-19,6.5,,,5000000.0,yes,no,yes,no,,,,,
10398,Double Jeopardy,"Crime, Drama, Mystery, Thriller",1999-09-24,6.2,177841558.0,,70000000.0,yes,no,no,yes,,,,,
60994,Guinevere,"Drama, Romance",1999-09-04,5.9,,,2600000.0,yes,no,yes,no,,,,,
14429,Drive Me Crazy,"Drama, Comedy, Romance, Family",1999-10-01,5.8,22593409.0,,8000000.0,yes,no,yes,no,,,,,
15198,"Mystery, Alaska","Drama, Comedy",1999-10-01,6.0,,,28000000.0,yes,no,no,yes,,,,,
6415,Three Kings,"Action, Adventure, Comedy",1999-09-27,6.6,107752036.0,,75000000.0,yes,yes,yes,no,,,,,
24066,"Happy, Texas","Comedy, Crime",1999-12-03,5.5,,,1700000.0,yes,no,yes,no,,,,,
10349,The Dark Half,"Mystery, Horror",1993-04-23,5.4,,,15000000.0,yes,no,yes,no,,,,,
29787,Monkey Shines,"Thriller, Drama, Horror, Science Fiction",1988-07-29,6.2,,,7000000.0,yes,no,no,no,,,,,
10576,Psycho II,"Horror, Mystery, Thriller",1983-06-03,6.0,,,5000000.0,yes,no,yes,no,,,,,
12618,Random Hearts,"Drama, Romance",1999-10-08,5.3,74608570.0,,64000000.0,yes,no,no,no,,,,,
226,Boys Don't Cry,"Crime, Drama",1999-09-02,7.2,,,2000000.0,yes,no,yes,no,,,,,
9346,Risky Business,"Comedy, Romance",1983-08-05,6.4,,,6200000.0,yes,yes,no,no,,,,,
861,Total Recall,"Action, Adventure, Science Fiction",1990-06-01,7.1,198467168.0,,65000000.0,yes,no,yes,no,,,,,
9377,Ferris Bueller's Day Off,Comedy,1986-06-11,7.5,70721034.0,,6000000.0,no,no,no,no,,,,,
11541,The Year of Living Dangerously,"War, Drama, Romance",1982-12-17,6.8,,,6000000.0,yes,no,yes,yes,,,,,
11901,High Plains Drifter,Western,1973-04-19,7.4,,,5500000.0,no,no,yes,no,,,,,
4929,Hang 'em High,Western,1968-07-31,6.7,,,1800000.0,no,no,no,no,,,,,
19997,Niagara,"Crime, Drama, Thriller",1953-01-26,6.7,,,1250000.0,yes,no,no,no,,,,,
17352,South Pacific,"Music, Romance, War",1958-03-18,6.3,,,6000000.0,yes,yes,yes,no,,,,,
535,Flashdance,"Drama, Music, Romance",1983-04-14,6.1,,,4000000.0,yes,yes,no,no,,,,,
1654,The Dirty Dozen,"Action, Adventure, War",1967-06-15,7.5,,,5400000.0,yes,yes,yes,yes,,,,,
658,Goldfinger,"Adventure, Action, Thriller",1964-09-17,7.2,,,2500000.0,yes,yes,yes,yes,,,,,
657,From Russia with Love,"Action, Thriller, Adventure",1963-10-11,6.9,,,2000000.0,yes,yes,yes,no,,,,,
646,Dr. No,"Adventure, Action, Thriller",1962-10-04,6.9,,,950000.0,yes,yes,yes,no,,,,,
5689,The Blue Lagoon,"Romance, Adventure, Drama",1980-07-05,5.8,,,4500000.0,yes,no,no,no,,,,,
8052,Hard Eight,"Drama, Thriller",1996-02-28,6.8,,,3000000.0,yes,no,yes,no,,,,,
772,Home Alone 2: Lost in New York,"Comedy, Family, Adventure, Crime",1992-11-19,6.3,173595300.0,,18000000.0,yes,yes,yes,no,,,,,
31650,Someone to Watch Over Me,"Crime, Drama, Romance, Thriller",1987-10-09,5.8,,,17000000.0,yes,no,no,no,,,,,
550,Fight Club,Drama,1999-10-15,8.3,100853753.0,,63000000.0,no,no,yes,yes,,,,,
12220,The Story of Us,"Comedy, Drama, Romance",1999-10-13,5.9,58900031.0,,50000000.0,yes,yes,yes,no,,,,,
36819,Time Bandits,"Family, Fantasy, Science Fiction, Adventure, Comedy",1981-07-13,6.6,,,5000000.0,yes,no,no,no,,,,,
11562,Crimes and Misdemeanors,"Comedy, Drama",1989-10-13,7.4,,,19000000.0,yes,no,yes,no,,,,,
16162,The Best Man,"Drama, Comedy",1999-10-22,6.8,34573780.0,,9000000.0,yes,no,yes,no,,,,,
5548,RoboCop,"Action, Thriller, Science Fiction",1987-07-17,7.1,242688965.0,,13000000.0,yes,no,no,no,,,,,
5549,RoboCop 2,"Action, Adventure, Crime, Science Fiction, Thriller",1990-06-22,5.6,,,35000000.0,yes,no,no,no,,,,,
856,Who Framed Roger Rabbit,"Fantasy, Animation, Comedy, Crime, Family",1988-06-21,7.2,238092487.0,,70000000.0,yes,no,yes,no,,,,,
699,For Your Eyes Only,"Adventure, Action, Thriller",1981-06-23,6.3,54812948.0,,28000000.0,yes,yes,yes,yes,,,,,
709,Licence to Kill,"Adventure, Action, Thriller",1989-07-07,5.9,34667388.0,,32000000.0,yes,yes,no,yes,,,,,
253,Live and Let Die,"Adventure, Action, Thriller",1973-07-05,6.4,,,7000000.0,yes,yes,yes,no,,,,,
660,Thunderball,"Adventure, Action, Thriller",1965-12-16,6.5,,,5500000.0,yes,yes,yes,yes,,,,,
11377,House on Haunted Hill,"Horror, Mystery, Thriller",1999-10-29,5.5,42593455.0,,19000000.0,yes,no,yes,no,,,,,
26149,Music of the Heart,Drama,1999-10-29,6.3,,,27000000.0,no,yes,yes,no,,,,,
492,Being John Malkovich,"Fantasy, Drama, Comedy",1999-09-30,7.3,23106795.0,,13000000.0,yes,yes,yes,no,,,,,
9481,The Bone Collector,"Drama, Mystery, Thriller, Crime",1999-11-04,6.5,151493655.0,,73000000.0,yes,no,yes,no,,,,,
9008,The Insider,"Drama, Thriller",1999-10-28,7.3,60289912.0,,90000000.0,yes,yes,yes,no,,,,,
16281,Creepshow,"Horror, Comedy, Fantasy",1982-11-12,6.7,21031312.0,,8000000.0,yes,yes,yes,no,,,,,
16288,Creepshow 2,Horror,1987-05-01,5.9,,,3500000.0,no,no,yes,no,,,,,
476,Drugstore Cowboy,"Crime, Drama",1989-09-09,7.0,,,2500000.0,yes,no,no,no,,,,,
37094,Falling Down,"Crime, Drama, Thriller",1993-02-26,7.2,,,25000000.0,yes,yes,yes,no,,,,,
21610,Nighthawks,"Action, Crime, Thriller",1981-03-17,6.4,,,5000000.0,yes,yes,yes,no,,,,,
957,Spaceballs,"Comedy, Science Fiction",1987-06-24,6.7,,,22700000.0,yes,no,yes,no,,,,,
11040,Little Big Man,"Adventure, Western, History",1970-12-14,7.5,,,15000000.0,yes,no,yes,no,,,,,
1621,Trading Places,Comedy,1983-06-07,7.1,,,40600000.0,no,yes,yes,no,,,,,
21349,Anywhere But Here,"Drama, Comedy, Romance",1999-11-12,5.9,23631929.0,,23000000.0,yes,no,yes,no,,,,,
1832,Dogma,"Fantasy, Comedy, Adventure",1999-11-12,6.8,31119037.0,,10000000.0,yes,no,yes,no,,,,,
9289,The Longest Day,"Action, Drama, History, War",1962-09-25,7.3,,,10000000.0,yes,yes,yes,no,,,,,
11165,Tora! Tora! Tora!,"History, Action, Drama, Adventure, War",1970-01-26,6.9,,,25485000.0,yes,yes,no,yes,,,,,
24226,The Verdict,Drama,1982-12-08,7.4,,,16000000.0,no,no,no,no,,,,,
2668,Sleepy Hollow,"Drama, Fantasy, Thriller, Mystery",1999-11-18,6.9,206071502.0,,100000000.0,yes,no,yes,yes,,,,,
36643,The World Is Not Enough,"Adventure, Action, Thriller",1999-11-08,6.0,126943746.0,,135000000.0,yes,yes,yes,yes,,,,,
11393,The Natural,Drama,1984-05-11,7.0,,,28000000.0,no,no,no,no,,,,,
10998,Fatal Attraction,"Romance, Drama, Thriller, Horror, Mystery",1987-09-11,6.6,156645756.0,,14000000.0,yes,no,no,no,,,,,
36094,Stanley & Iris,"Drama, Romance",1990-02-09,5.7,,,23000000.0,yes,no,yes,no,,,,,
9013,Midnight Run,"Adventure, Comedy, Crime",1988-07-20,7.2,,,30000000.0,yes,yes,yes,no,,,,,
2924,Backdraft,"Action, Crime, Drama, Mystery, Thriller",1991-05-24,6.4,,,75000000.0,yes,no,yes,no,,,,,
177,The Fisher King,"Comedy, Drama",1991-09-09,7.2,,,24000000.0,yes,no,no,no,,,,,
38557,The River,Drama,1984-12-01,6.5,,,18000000.0,no,no,no,no,,,,,
9946,End of Days,"Action, Fantasy, Horror, Mystery",1999-11-24,5.5,211989043.0,,100000000.0,yes,yes,no,no,,,,,
863,Toy Story 2,"Animation, Comedy, Family",1999-10-30,7.3,487059677.0,,90000000.0,yes,no,no,no,,,,,
22267,Ride with the Devil,"Drama, War, Romance, Western",1999-11-24,6.6,,,38000000.0,yes,no,yes,no,,,,,
55123,Tumbleweeds,"Comedy, Drama",1999-11-28,6.2,,,312000.0,yes,no,no,no,,,,,
20024,The End of the Affair,Drama,1999-12-03,6.6,,,23000000.0,no,yes,no,yes,,,,,
9586,The Bonfire of the Vanities,"Comedy, Drama",1990-12-21,5.3,,,47000000.0,yes,no,no,no,,,,,
32669,The Two Jakes,"Crime, Drama, Mystery",1990-08-10,6.2,,,19000000.0,yes,no,no,no,,,,,
1715,The Cider House Rules,Drama,1999-12-17,6.9,88545092.0,,24000000.0,no,no,yes,no,,,,,
25188,The Last Picture Show,Drama,1971-10-03,7.6,,,1300000.0,no,no,yes,no,,,,,
2277,Bicentennial Man,"Comedy, Science Fiction",1999-12-17,6.9,87423861.0,,100000000.0,yes,no,yes,yes,,,,,
30237,Onegin,"Drama, Romance",1999-12-22,5.8,,,14000000.0,yes,no,yes,yes,,,,,
50116,Simpatico,"Comedy, Drama",1999-09-15,5.3,,,10000000.0,yes,no,yes,yes,,,,,
9563,Any Given Sunday,Drama,1999-12-16,6.8,100230832.0,,55000000.0,no,no,yes,no,,,,,
1850,Man on the Moon,"Comedy, Drama, Romance",1999-12-22,6.9,47434430.0,,82000000.0,yes,no,no,no,,,,,
926,Galaxy Quest,"Comedy, Family, Science Fiction",1999-12-23,6.9,90683916.0,,45000000.0,yes,no,yes,no,,,,,
1213,The Talented Mr. Ripley,"Thriller, Crime, Drama",1999-12-25,7.1,128798265.0,,40000000.0,yes,yes,yes,no,,,,,
10471,Next Friday,Comedy,2000-01-12,6.5,59827328.0,,11000000.0,no,no,no,no,,,,,
10400,The Hurricane,Drama,1999-09-17,7.2,73956241.0,,50000000.0,no,no,yes,no,,,,,
20761,Play It to the Bone,"Comedy, Drama",1999-12-25,5.7,8678812.0,,24000000.0,yes,yes,no,no,,,,,
10384,Supernova,"Horror, Science Fiction, Thriller",2000-01-14,4.9,14828081.0,,90000000.0,yes,no,yes,yes,,,,,
5924,Papillon,"Crime, Drama",1973-12-13,7.8,,,12000000.0,yes,yes,yes,no,,,,,
10493,Dead Calm,"Crime, Thriller, Horror, Drama",1989-04-07,6.6,7825135.0,,10000000.0,yes,yes,no,yes,,,,,
13342,Fast Times at Ridgemont High,Comedy,1982-08-13,7.0,,,4500000.0,no,no,yes,no,,,,,
35119,A Cry in the Dark,Drama,1988-11-11,6.4,,,15000000.0,no,no,yes,yes,,,,,
2005,Sister Act,"Music, Comedy",1992-05-28,6.5,139607519.0,,31000000.0,yes,no,no,no,,,,,
6279,Sister Act 2: Back in the Habit,"Music, Comedy",1993-12-09,5.9,,,38000000.0,yes,no,no,no,,,,,
11087,The Hand that Rocks the Cradle,Thriller,1992-01-10,6.5,,,11700000.0,no,yes,yes,no,,,,,
7305,Alive,"Action, Adventure, Drama, Thriller",1993-01-15,6.7,,,32000000.0,yes,yes,yes,no,,,,,
9475,Scent of a Woman,Drama,1992-12-23,7.3,,,31000000.0,no,yes,yes,no,,,,,
8872,Wayne's World,"Music, Comedy",1992-02-14,6.5,121697862.0,,20000000.0,yes,yes,no,no,,,,,
11287,A League of Their Own,Comedy,1992-07-01,6.8,107535154.0,,40000000.0,no,no,yes,no,,,,,
9869,Patriot Games,"Drama, Action, Thriller, Crime",1992-06-04,6.4,,,45000000.0,yes,no,yes,no,,,,,
619,The Bodyguard,"Thriller, Action, Drama, Music, Romance",1992-11-25,6.2,,,25000000.0,yes,no,yes,no,,,,,
9374,Death Becomes Her,"Fantasy, Comedy",1992-07-30,6.3,58423992.0,,55000000.0,yes,no,no,no,,,,,
11259,Far and Away,"Adventure, Drama, Romance, Western",1992-05-22,6.3,,,60000000.0,yes,no,yes,no,,,,,
1923,Twin Peaks: Fire Walk with Me,"Drama, Mystery",1992-06-03,7.3,,,10000000.0,yes,no,yes,no,,,,,
12143,Bad Lieutenant,"Crime, Drama",1992-09-16,6.9,2019469.0,,1000000.0,yes,yes,no,no,,,,,
4234,Scream 3,"Horror, Mystery",2000-02-03,5.7,161834276.0,,40000000.0,yes,no,yes,no,,,,,
9605,Single White Female,Thriller,1992-08-14,6.0,,,16000000.0,no,yes,no,no,,,,,
8374,The Boondock Saints,"Action, Thriller, Crime",1999-01-22,7.2,,,6000000.0,yes,yes,yes,yes,,,,,
29076,Gun Shy,"Action, Comedy, Romance, Thriller",2000-02-04,5.4,3221280.0,,10000000.0,yes,no,yes,no,,,,,
1907,The Beach,"Drama, Adventure, Romance, Thriller",2000-02-11,6.3,144056873.0,,40000000.0,yes,yes,no,yes,,,,,
14181,Boiler Room,"Crime, Drama, Thriller",2000-02-18,6.5,28780255.0,,26000000.0,yes,yes,no,no,,,,,
10385,Hanging Up,"Comedy, Drama",2000-02-16,5.0,51880044.0,,40000000.0,yes,no,yes,yes,,,,,
2787,Pitch Black,"Thriller, Science Fiction, Action",2000-02-18,6.7,53187659.0,,23000000.0,yes,no,no,no,,,,,
2069,The Whole Nine Yards,"Comedy, Crime",2000-02-18,6.3,106371651.0,,41300000.0,yes,yes,yes,yes,,,,,
2155,Reindeer Games,Thriller,2000-02-25,5.3,32168970.0,,42000000.0,no,no,yes,no,,,,,
25166,Drowning Mona,"Comedy, Crime, Mystery",2000-03-03,5.4,15906764.0,,16000000.0,yes,no,yes,no,,,,,
14271,Beyond the Mat,Documentary,1999-10-22,7.8,,,2053648.0,no,no,yes,no,,,,,
11296,Birdy,"Drama, History",1984-12-14,6.9,,,12000000.0,yes,no,no,no,,,,,
2067,Mission to Mars,Science Fiction,2000-03-10,5.7,110983407.0,,90000000.0,no,no,yes,no,,,,,
622,The Ninth Gate,"Horror, Mystery, Thriller",1999-08-24,6.3,,,38000000.0,yes,yes,yes,yes,,,,,
20283,Breaking Away,"Drama, Comedy",1979-05-24,7.4,,,2300000.0,yes,no,no,no,,,,,
5693,Hoosiers,"Drama, Family",1986-11-14,7.1,,,9000000.0,yes,no,yes,no,,,,,
287,Bull Durham,"Comedy, Romance",1988-06-15,6.6,,,7000000.0,yes,yes,yes,no,,,,,
968,Dog Day Afternoon,"Crime, Drama, Thriller",1975-08-11,7.6,,,1800000.0,yes,no,yes,no,,,,,
838,American Graffiti,"Comedy, Drama",1973-08-01,6.9,,,777000.0,yes,no,yes,no,,,,,
918,Blind Date,"Comedy, Romance",1987-03-27,5.6,,,18000000.0,yes,no,yes,no,,,,,
16535,Titanic,"Drama, Action, Romance",1953-04-11,6.2,1843373318.0,,1805000.0,yes,yes,no,no,,,,,
462,Erin Brockovich,Drama,2000-03-17,7.1,256271286.0,,52000000.0,no,yes,no,no,,,,,
9532,Final Destination,Horror,2000-03-16,6.4,112880294.0,,23000000.0,no,yes,yes,no,,,,,
1541,Thelma & Louise,"Drama, Thriller, Crime, Adventure",1991-05-24,7.2,45455013.0,,16000000.0,yes,no,yes,no,,,,,
8469,Animal House,Comedy,1978-07-27,7.0,,,2700000.0,no,no,yes,no,,,,,
925,Do the Right Thing,Drama,1989-06-30,7.6,27546968.0,,6500000.0,no,no,yes,no,,,,,
41823,Mo' Better Blues,"Drama, Romance",1990-08-03,6.3,,,10000000.0,yes,no,yes,no,,,,,
1713,Jungle Fever,"Drama, Romance",1991-06-07,6.0,,,14000000.0,yes,no,yes,no,,,,,
13939,Death Wish,"Action, Crime, Drama, Thriller",1974-07-24,7.0,49562710.0,,3000000.0,yes,yes,no,no,,,,,
24873,Death Wish 3,"Action, Crime, Drama, Thriller",1985-11-01,6.1,,,9000000.0,yes,no,no,no,,,,,
34746,Death Wish 5: The Face of Death,"Action, Crime, Drama, Thriller",1994-01-14,5.0,,,5000000.0,yes,no,yes,yes,,,,,
996,Double Indemnity,"Drama, Mystery, Thriller",1944-04-24,8.0,,,927262.0,yes,no,no,no,,,,,
1498,Teenage Mutant Ninja Turtles,"Science Fiction, Action, Adventure, Comedy, Family",1990-03-30,6.5,485004754.0,,13500000.0,yes,yes,yes,yes,,,,,
1499,Teenage Mutant Ninja Turtles III,"Action, Adventure, Comedy, Family, Fantasy, Science Fiction",1993-03-17,5.1,,,21000000.0,yes,no,yes,yes,,,,,
1880,Red Dawn,"Action, Thriller",1984-08-10,6.4,50950296.0,,4200000.0,yes,yes,yes,no,,,,,
33762,Band of the Hand,"Action, Crime, Drama",1986-04-11,6.9,,,8700000.0,yes,no,yes,no,,,,,
11690,Bloodsport,Action,1988-02-26,6.6,,,1500000.0,no,no,no,no,,,,,
29143,Eyes of Laura Mars,"Drama, Horror, Mystery, Thriller",1978-08-02,5.7,,,7000000.0,yes,no,no,no,,,,,
801,"Good Morning, Vietnam","Comedy, Drama, War",1987-12-23,7.1,123922578.0,,13000000.0,yes,no,yes,no,,,,,
1879,Guess Who's Coming to Dinner,"Comedy, Drama, Romance",1967-12-11,7.6,,,4000000.0,yes,no,no,no,,,,,
2085,Romeo Must Die,"Action, Crime, Thriller",2000-03-20,6.0,91036760.0,,25000000.0,yes,yes,yes,no,,,,,
16222,Whatever It Takes,"Drama, Comedy, Romance",2000-03-31,5.1,9902115.0,,15000000.0,yes,no,no,no,,,,,
37722,Waking the Dead,"Drama, Romance",2000-03-23,6.5,,,8500000.0,yes,no,yes,yes,,,,,
24748,Hud,"Action, Drama, Western",1963-05-29,7.4,,,2500000.0,yes,no,no,no,,,,,
990,The Hustler,Drama,1961-09-25,7.6,,,2000000.0,no,no,yes,no,,,,,
840,Close Encounters of the Third Kind,"Science Fiction, Drama",1977-11-16,7.2,116395662.0,,20000000.0,yes,yes,yes,no,,,,,
2291,Jacob's Ladder,"Drama, Mystery, Horror",1990-11-02,7.3,,,25000000.0,yes,no,yes,no,,,,,
16620,La Bamba,"Drama, Music",1987-07-24,6.8,,,6500000.0,yes,no,yes,no,,,,,
526,Ladyhawke,"Adventure, Drama, Fantasy, Romance",1985-03-27,6.8,,,20000000.0,yes,no,yes,no,,,,,
13346,Lucas,"Comedy, Drama, Romance",1986-03-28,6.4,,,6000000.0,yes,no,no,no,,,,,
243,High Fidelity,"Comedy, Drama, Romance, Music",2000-03-17,7.0,47126295.0,,30000000.0,yes,yes,yes,yes,,,,,
11478,The Skulls,"Crime, Drama, Thriller",2000-03-31,5.7,50802120.0,,15000000.0,yes,no,yes,yes,,,,,
6644,El Dorado,Western,1966-12-17,7.2,,,4653000.0,no,yes,yes,no,,,,,
879,Hook,"Adventure, Fantasy, Comedy, Family",1991-12-11,6.7,119655099.0,,70000000.0,yes,no,yes,no,,,,,
11327,Midnight Express,"Drama, Crime",1978-09-12,7.6,,,2300000.0,yes,yes,yes,yes,,,,,
1700,Misery,"Drama, Thriller",1990-11-28,7.6,,,20000000.0,yes,no,yes,no,,,,,
34322,Murphy's Romance,"Comedy, Romance",1985-12-25,5.7,,,13000000.0,yes,yes,no,no,,,,,
10774,Network,Drama,1976-11-01,7.8,,,3800000.0,no,yes,yes,no,,,,,
10083,No Way Out,"Action, Drama, Thriller",1987-08-14,6.9,,,15000000.0,yes,yes,no,no,,,,,
10747,The Outlaw Josey Wales,"Drama, Western",1976-06-30,7.4,,,3700000.0,yes,yes,yes,no,,,,,
10559,Frequency,"Crime, Drama, Science Fiction, Thriller",2000-04-28,7.0,68106245.0,,31000000.0,yes,no,no,no,,,,,
2621,Return to Me,"Romance, Comedy, Drama",2000-04-07,6.1,36609995.0,,24000000.0,yes,yes,yes,no,,,,,
10479,Rules of Engagement,"Action, Adventure, Drama, History, War",2000-04-07,6.0,71732303.0,,60000000.0,yes,yes,yes,no,,,,,
17339,Force 10 from Navarone,"Action, Adventure, War, Thriller",1978-11-01,6.4,,,5000000.0,yes,yes,no,no,,,,,
13665,Arthur,"Comedy, Drama, Romance",1981-07-17,6.5,,,7000000.0,yes,no,no,no,,,,,
12309,Bachelor Party,Comedy,1984-06-29,5.8,,,6000000.0,no,yes,yes,no,,,,,
106,Predator,"Science Fiction, Action, Adventure, Thriller",1987-06-11,7.3,59742555.0,,18000000.0,yes,yes,yes,no,,,,,
10333,The Prince of Tides,"Drama, Romance",1991-12-25,5.9,,,30000000.0,yes,no,no,no,,,,,
1359,American Psycho,"Thriller, Drama, Crime",2000-04-13,7.3,34266564.0,,7000000.0,yes,yes,yes,yes,,,,,
4967,Keeping the Faith,Comedy,2000-04-14,5.9,59945183.0,,30000000.0,no,yes,yes,no,,,,,
10557,East Is East,Comedy,1999-05-14,6.5,,,3800000.0,no,yes,yes,no,,,,,
10518,Marathon Man,Thriller,1976-10-05,7.2,,,6500000.0,no,yes,no,no,,,,,
11977,Caddyshack,Comedy,1980-07-25,6.7,,,6000000.0,no,no,yes,no,,,,,
18041,Gossip,"Drama, Mystery, Thriller",2000-04-21,5.6,12591270.0,,14000000.0,yes,yes,yes,no,,,,,
14736,Love & Basketball,"Action, Comedy, Drama, Romance",2000-04-21,7.5,27728118.0,,20000000.0,yes,yes,no,no,,,,,
3536,U-571,"Action, Drama, Thriller, War",2000-04-20,6.1,127666415.0,,62000000.0,yes,yes,yes,yes,,,,,
1443,The Virgin Suicides,"Drama, Romance",1999-04-21,7.1,10409377.0,,6000000.0,yes,no,no,no,,,,,
10424,Jennifer Eight,"Crime, Drama, Mystery",1992-11-06,5.8,,,20000000.0,yes,no,no,no,,,,,
889,The Flintstones in Viva Rock Vegas,"Science Fiction, Comedy, Family, Romance",2000-04-28,4.4,59468275.0,,83000000.0,yes,no,yes,no,,,,,
10564,Where the Heart Is,"Comedy, Drama, Romance",2000-04-27,6.9,40863718.0,,15000000.0,yes,no,yes,no,,,,,
15723,The Big Kahuna,"Comedy, Drama",2000-04-28,6.8,3728888.0,,7000000.0,yes,no,yes,no,,,,,
98,Gladiator,"Action, Drama, Adventure",2000-05-01,7.9,460583960.0,,103000000.0,yes,no,yes,yes,,,,,
11129,Human Traffic,"Comedy, Drama",1999-06-04,6.8,,,600000.0,yes,no,yes,yes,,,,,
5491,Battlefield Earth,"Action, Science Fiction, War",2000-05-10,3.0,29725663.0,,44000000.0,yes,yes,yes,no,,,,,
10560,Center Stage,"Drama, Music",2000-05-12,6.8,26385941.0,,18000000.0,yes,no,no,no,,,,,
10688,Hamlet,Drama,2000-05-12,6.0,,,2000000.0,no,no,yes,no,,,,,
5683,Pee-wee's Big Adventure,"Adventure, Comedy",1985-07-26,6.6,,,6000000.0,yes,no,yes,no,,,,,
9285,Road Trip,"Comedy, Adventure",2000-05-19,5.9,119754278.0,,16000000.0,yes,no,yes,no,,,,,
21879,The Hollywood Knights,Comedy,1980-05-30,6.4,,,2500000.0,no,no,yes,no,,,,,
955,Mission: Impossible II,"Adventure, Action, Thriller",2000-05-24,5.9,546388108.0,,125000000.0,yes,no,yes,yes,,,,,
8584,Shanghai Noon,"Adventure, Action, Comedy, Western",2000-05-26,6.2,99274467.0,,55000000.0,yes,yes,yes,yes,,,,,
962,The Gold Rush,"Adventure, Comedy, Drama",1925-06-25,7.7,,,923000.0,yes,no,no,no,,,,,
668,On Her Majesty's Secret Service,"Adventure, Action, Thriller",1969-12-12,6.5,,,6500000.0,yes,yes,yes,yes,,,,,
691,The Spy Who Loved Me,"Adventure, Action, Thriller",1977-07-07,6.6,46839295.0,,14000000.0,yes,yes,yes,yes,,,,,
698,Moonraker,"Action, Adventure, Thriller, Science Fiction",1979-06-26,5.9,70308533.0,,34000000.0,yes,yes,yes,yes,,,,,
682,The Man with the Golden Gun,"Adventure, Action, Thriller",1974-12-01,6.4,,,7000000.0,yes,yes,yes,yes,,,,,
9600,Big Momma's House,"Crime, Comedy",2000-05-31,5.6,173959438.0,,30000000.0,yes,no,yes,yes,,,,,
2768,American Gigolo,"Thriller, Drama, Crime, Romance",1980-02-08,5.9,,,4800000.0,yes,yes,no,no,,,,,
10911,The Guns of Navarone,"Action, Adventure, Drama, War",1961-04-27,7.3,,,6000000.0,yes,yes,yes,yes,,,,,
11072,Blazing Saddles,"Western, Comedy",1974-02-07,7.2,,,2600000.0,yes,yes,yes,no,,,,,
1551,Flatliners,"Drama, Horror, Science Fiction, Thriller",1990-08-09,6.3,,,26000000.0,yes,yes,yes,no,,,,,
10246,Porky's,Comedy,1981-11-13,6.1,,,4000000.0,no,no,yes,yes,,,,,
19698,Porky's II: The Next Day,Comedy,1983-06-24,5.2,,,6500000.0,no,no,yes,yes,,,,,
23919,Porky's Revenge,Comedy,1985-03-22,5.0,,,9000000.0,no,no,yes,yes,,,,,
169,Predator 2,"Science Fiction, Action, Thriller",1990-11-20,6.0,,,35000000.0,yes,no,yes,no,,,,,
865,The Running Man,"Action, Science Fiction",1987-11-13,6.4,38123906.0,,27000000.0,yes,no,yes,no,,,,,
9663,Starman,"Action, Adventure, Romance, Science Fiction",1984-12-13,6.6,,,22000000.0,yes,no,yes,no,,,,,
10128,Alien Nation,"Crime, Science Fiction, Thriller",1988-10-07,5.9,,,16000000.0,yes,no,yes,no,,,,,
9659,Mad Max,"Adventure, Action, Thriller, Science Fiction",1979-04-12,6.6,,,400000.0,yes,no,yes,no,,,,,
9355,Mad Max Beyond Thunderdome,"Action, Adventure, Science Fiction",1985-06-29,5.9,36230925.0,,12305523.0,yes,no,no,no,,,,,
635,Angel Heart,"Horror, Mystery, Thriller",1987-03-06,7.0,,,17000000.0,yes,yes,yes,no,,,,,
10068,Nine 1/2 Weeks,"Drama, Romance",1986-02-14,5.8,,,17000000.0,yes,no,yes,no,,,,,
11495,Firestarter,"Fantasy, Drama, Horror, Action, Thriller",1984-05-11,5.9,,,15000000.0,yes,yes,yes,no,,,,,
9679,Gone in Sixty Seconds,"Action, Crime, Thriller",2000-06-09,6.1,,,90000000.0,yes,no,yes,no,,,,,
51333,Love's Labour's Lost,"Comedy, Music, Romance",2000-03-31,5.4,,,13000000.0,yes,no,yes,yes,,,,,
482,Shaft,"Adventure, Action, Thriller, Crime",1971-07-02,6.5,107196498.0,,4000000.0,yes,no,yes,no,,,,,
592,The Conversation,"Crime, Drama, Mystery",1974-04-07,7.5,,,1600000.0,yes,no,yes,no,,,,,
12611,The Fury,"Horror, Science Fiction, Thriller",1978-03-10,6.2,,,5500000.0,yes,no,yes,no,,,,,
9040,Serpico,"Crime, Drama, History",1973-12-05,7.5,,,3000000.0,yes,yes,yes,yes,,,,,
25364,Ace in the Hole,Drama,1951-06-29,7.9,,,1821052.0,no,yes,no,no,,,,,
5121,The Sugarland Express,"Crime, Drama",1974-04-05,6.4,,,3000000.0,yes,no,yes,no,,,,,
6978,Big Trouble in Little China,"Action, Adventure, Comedy, Fantasy",1986-05-30,7.1,11101439.0,,25000000.0,yes,yes,yes,no,,,,,
10571,Boys and Girls,"Comedy, Drama, Romance",2000-06-16,5.4,25850615.0,,16000000.0,yes,no,no,no,,,,,
479,Shaft,"Action, Adventure, Crime, Thriller",2000-06-15,5.5,107196498.0,,46000000.0,yes,yes,yes,yes,,,,,
7450,Titan A.E.,"Animation, Action, Science Fiction, Family, Adventure",2000-06-16,6.3,36754634.0,,75000000.0,yes,yes,yes,no,,,,,
2123,"Me, Myself & Irene",Comedy,2000-06-22,6.1,149270999.0,,51000000.0,no,yes,yes,no,,,,,
2024,The Patriot,"Drama, History, War, Action",2000-06-28,6.8,215294342.0,,110000000.0,yes,no,yes,yes,,,,,
2133,The Perfect Storm,Drama,2000-03-15,6.2,328718434.0,,120000000.0,no,no,yes,no,,,,,
15379,Missing in Action,"Action, Adventure, Thriller, War",1984-11-16,5.2,,,1500000.0,yes,yes,no,no,,,,,
12764,Missing in Action 2: The Beginning,"Action, Adventure, War",1985-03-01,5.0,,,2410000.0,yes,yes,yes,no,,,,,
16094,House Party,"Comedy, Drama",1990-03-09,6.1,,,2500000.0,yes,no,no,no,,,,,
494,Shaft in Africa,"Adventure, Action, Thriller, Crime, Mystery",1973-06-14,5.4,,,2142000.0,yes,no,yes,no,,,,,
493,Shaft's Big Score!,"Action, Adventure, Crime, Mystery",1972-06-08,6.1,,,1978000.0,yes,no,yes,no,,,,,
4244,The Kid,"Fantasy, Comedy, Family",2000-07-07,6.0,110317580.0,,65000000.0,yes,no,no,no,,,,,
1788,Footloose,"Drama, Family, Music, Romance",1984-02-17,6.4,80038660.0,,8200000.0,yes,no,yes,no,,,,,
32275,Duel in the Sun,Western,1946-12-31,6.2,,,6000000.0,no,no,yes,no,,,,,
36657,X-Men,"Adventure, Action, Science Fiction",2000-07-13,6.8,296339528.0,,75000000.0,yes,no,yes,no,,,,,
2655,What Lies Beneath,"Drama, Horror, Mystery, Thriller",2000-07-21,6.3,291420351.0,,100000000.0,yes,no,yes,no,,,,,
11940,Sinbad and the Eye of the Tiger,"Action, Adventure, Family, Fantasy, Science Fiction",1977-07-15,6.3,,,3500000.0,yes,no,yes,no,,,,,
10276,What About Bob?,Comedy,1991-05-17,6.7,,,35000000.0,no,no,yes,no,,,,,
12107,Nutty Professor II: The Klumps,"Fantasy, Comedy, Romance, Science Fiction",2000-07-27,4.7,166339890.0,,84000000.0,yes,no,yes,no,,,,,
6282,Coyote Ugly,"Comedy, Drama, Music, Romance",2000-07-30,5.8,113916474.0,,45000000.0,yes,no,yes,no,,,,,
9383,Hollow Man,"Action, Science Fiction, Thriller",2000-08-04,5.6,190213455.0,,95000000.0,yes,no,yes,yes,,,,,
5551,Space Cowboys,"Action, Adventure, Thriller",2000-07-31,6.3,128884132.0,,65000000.0,yes,no,yes,no,,,,,
2360,Saving Grace,"Crime, Comedy",2000-01-24,6.3,26330482.0,,10000000.0,yes,yes,yes,yes,,,,,
11589,Kelly's Heroes,"Adventure, Comedy, War",1970-06-22,7.2,,,4000000.0,yes,yes,yes,yes,,,,,
15158,Phantasm II,"Action, Horror, Science Fiction, Thriller",1988-07-08,6.3,,,3000000.0,yes,no,yes,no,,,,,
39473,Silent Fall,"Drama, Thriller, Mystery",1994-10-28,5.2,,,30000000.0,yes,no,yes,no,,,,,
8843,The Cell,"Horror, Science Fiction, Thriller",2000-08-17,6.0,104155843.0,,33000000.0,yes,no,yes,yes,,,,,
3110,Shane,"Drama, Western",1953-04-23,7.3,,,3100000.0,yes,no,no,no,,,,,
9651,Supergirl,"Adventure, Fantasy, Action, Science Fiction",1984-11-19,4.7,,,35000000.0,yes,no,yes,yes,,,,,
11398,The Art of War,"Crime, Action, Adventure",2000-08-23,5.6,40400425.0,,40000000.0,yes,no,yes,yes,,,,,
1588,Bring It On,Comedy,2000-08-25,5.8,90449929.0,,28000000.0,no,no,no,no,,,,,
786,Almost Famous,"Drama, Music",2000-09-15,7.4,47383689.0,,60000000.0,yes,no,yes,no,,,,,
10562,Under Suspicion,"Mystery, Thriller",2000-09-24,6.4,,,25000000.0,yes,yes,yes,no,,,,,
12212,Urban Legends: Final Cut,Horror,2000-09-19,4.4,38574362.0,,14000000.0,no,no,yes,yes,,,,,
16,Dancer in the Dark,"Drama, Crime, Music",2000-05-17,7.7,40031879.0,,12800000.0,yes,no,yes,yes,,,,,
10637,Remember the Titans,Drama,2000-09-29,7.4,136706683.0,,30000000.0,no,no,yes,no,,,,,
9003,Hellraiser,Horror,1987-09-11,6.9,14564875.0,,1000000.0,no,no,yes,no,,,,,
9064,Hellbound: Hellraiser II,"Horror, Thriller",1988-12-23,6.3,,,3000000.0,yes,no,yes,no,,,,,
11569,Hellraiser III: Hell on Earth,"Horror, Thriller, War",1992-09-11,5.3,,,5000000.0,yes,no,yes,yes,,,,,
2160,Voyage to the Bottom of the Sea,"Adventure, Drama, Science Fiction",1961-07-12,5.4,,,1580000.0,yes,yes,yes,no,,,,,
2161,Fantastic Voyage,"Adventure, Science Fiction",1966-08-24,6.7,,,5115000.0,yes,no,no,no,,,,,
10461,Get Carter,"Action, Drama, Thriller, Crime",2000-10-06,4.8,19412993.0,,63600000.0,yes,no,yes,no,,,,,
1597,Meet the Parents,"Comedy, Romance",2000-10-06,6.6,330444045.0,,55000000.0,yes,no,yes,no,,,,,
641,Requiem for a Dream,"Crime, Drama",2000-10-27,7.9,7390108.0,,4500000.0,yes,no,no,no,,,,,
71,Billy Elliot,"Drama, Comedy, Music",2000-05-18,7.4,109280263.0,,5000000.0,yes,no,yes,yes,,,,,
1636,Bedazzled,"Fantasy, Comedy, Romance",2000-10-19,5.6,90383208.0,,48000000.0,yes,yes,yes,no,,,,,
10647,Pay It Forward,"Drama, Romance",2000-10-12,7.0,55707411.0,,40000000.0,yes,no,yes,no,,,,,
24100,The Little Vampire,"Family, Horror",2000-10-27,6.0,27965865.0,,22000000.0,yes,yes,no,yes,,,,,
4327,Charlie's Angels,"Action, Adventure, Comedy, Crime, Thriller",2000-11-02,5.6,264105545.0,,92000000.0,yes,yes,no,no,,,,,
4958,The Legend of Bagger Vance,"Fantasy, Drama",2000-11-02,6.4,39459427.0,,80000000.0,yes,no,yes,no,,,,,
11978,Men of Honor,Drama,2000-09-13,7.0,82343495.0,,32000000.0,no,no,no,no,,,,,
8870,Red Planet,"Thriller, Action, Science Fiction",2000-11-10,5.4,33463969.0,,80000000.0,yes,no,yes,yes,,,,,
681,Diamonds Are Forever,"Adventure, Action, Thriller",1971-12-13,6.3,,,7200000.0,yes,yes,yes,yes,,,,,
8452,The 6th Day,Science Fiction,2000-11-17,5.7,96085477.0,,82000000.0,no,no,no,no,,,,,
10862,Bounce,"Drama, Romance",2000-11-15,5.5,53425292.0,,35000000.0,yes,no,no,no,,,,,
8871,How the Grinch Stole Christmas,"Family, Comedy, Fantasy",2000-11-17,6.2,345842198.0,,123000000.0,yes,no,yes,yes,,,,,
10481,102 Dalmatians,"Comedy, Family",2000-10-07,5.1,183611771.0,,85000000.0,yes,no,yes,no,,,,,
10876,Quills,Drama,2000-11-22,6.8,17989227.0,,13500000.0,no,no,yes,yes,,,,,
9741,Unbreakable,"Science Fiction, Thriller, Drama",2000-11-13,6.9,248118121.0,,75000000.0,yes,no,yes,no,,,,,
11849,Dungeons & Dragons,"Action, Adventure, Fantasy, Science Fiction",2000-12-08,3.9,33978694.0,,35000000.0,yes,yes,yes,yes,,,,,
11678,Vertical Limit,"Action, Adventure, Thriller",2000-12-08,5.9,215663859.0,,75000000.0,yes,yes,yes,yes,,,,,
2669,The Bounty,"Action, Drama, History",1984-05-04,6.5,,,25000000.0,yes,no,no,yes,,,,,
708,The Living Daylights,"Action, Adventure, Thriller",1987-06-29,6.2,51186196.0,,40000000.0,yes,yes,yes,yes,,,,,
10673,Wall Street,"Crime, Drama",1987-12-10,7.0,,,15000000.0,yes,no,no,no,,,,,
2604,Born on the Fourth of July,"Drama, War",1989-12-20,6.7,,,14000000.0,yes,yes,yes,no,,,,,
10132,Talk Radio,Drama,1988-12-21,6.7,,,4000000.0,no,no,yes,yes,,,,,
11064,Brewster's Millions,Comedy,1985-05-22,6.5,,,20000000.0,no,no,yes,no,,,,,
107,Snatch,"Thriller, Crime",2000-09-01,7.7,83557872.0,,10000000.0,yes,yes,yes,yes,,,,,
40820,Punchline,"Comedy, Drama",1988-10-07,5.1,,,15000000.0,yes,no,no,no,,,,,
392,Chocolat,"Comedy, Drama, Romance",2000-12-14,6.8,152699946.0,,25000000.0,yes,yes,yes,yes,,,,,
3981,What Women Want,"Comedy, Romance",2000-12-15,6.1,374111707.0,,70000000.0,yes,yes,yes,no,,,,,
711,Finding Forrester,Drama,2000-12-21,7.0,80049764.0,,43000000.0,no,no,yes,no,,,,,
2046,The Gift,"Horror, Drama, Thriller, Mystery",2000-12-22,6.4,58978653.0,,10000000.0,yes,no,yes,no,,,,,
8358,Cast Away,"Adventure, Drama",2000-12-22,7.5,429632142.0,,90000000.0,yes,yes,yes,no,,,,,
25520,The House of Mirth,"Drama, Romance",2000-09-23,6.4,5164404.0,,10000000.0,yes,yes,yes,yes,,,,,
1493,Miss Congeniality,"Comedy, Crime, Action",2000-12-14,6.1,212742720.0,,45000000.0,yes,yes,yes,no,,,,,
134,"O Brother, Where Art Thou?","Action, Adventure, Comedy",2000-08-30,7.3,71868327.0,,26000000.0,yes,no,yes,yes,,,,,
10577,Dracula 2000,"Thriller, Horror",2000-12-22,4.6,47053625.0,,28000000.0,yes,no,yes,no,,,,,
11973,Thirteen Days,"Drama, Thriller",2000-12-24,6.9,66579890.0,,80000000.0,yes,yes,yes,no,,,,,
1900,Traffic,"Thriller, Drama, Crime",2000-12-27,6.9,207515725.0,,48000000.0,yes,yes,yes,yes,,,,,
10873,Shadow of the Vampire,"Drama, Horror",2000-05-15,6.6,11155214.0,,8000000.0,yes,yes,no,no,,,,,
15739,Annie,"Comedy, Drama, Family, Music",1982-06-18,6.2,136853506.0,,50000000.0,yes,no,yes,no,,,,,
15413,Don't Tell Mom the Babysitter's Dead,"Comedy, Family",1991-06-07,5.8,,,10000000.0,yes,no,yes,no,,,,,
11209,The Alamo,"Action, Adventure, Drama, History, Western",1960-10-23,6.5,25819961.0,,12000000.0,yes,yes,yes,no,,,,,
13715,At Close Range,"Crime, Drama",1986-04-18,6.7,,,6500000.0,yes,no,no,no,,,,,
9989,Antitrust,"Action, Crime, Drama",2001-01-12,5.8,18195610.0,,30000000.0,yes,no,yes,yes,,,,,
9816,Save the Last Dance,"Drama, Family, Romance, Music",2001-01-12,6.3,131706809.0,,13000000.0,yes,no,yes,no,,,,,
5955,The Pledge,"Crime, Drama, Mystery, Thriller",2001-01-09,6.6,29419291.0,,35000000.0,yes,no,yes,no,,,,,
2018,The Wedding Planner,Comedy,2001-01-26,5.4,94728529.0,,35000000.0,no,no,yes,no,,,,,
10937,Barfly,"Comedy, Drama, Romance",1987-09-02,7.3,,,3000000.0,yes,no,yes,no,,,,,
96,Beverly Hills Cop II,"Action, Comedy, Crime",1987-05-18,6.1,,,20000000.0,yes,no,yes,no,,,,,
90,Beverly Hills Cop,"Action, Comedy, Crime",1984-11-29,6.8,234760538.0,,15000000.0,yes,no,yes,no,,,,,
12919,Can't Buy Me Love,"Drama, Comedy, Romance, Family",1987-08-14,6.7,,,1800000.0,yes,no,yes,no,,,,,
15785,Cherry 2000,Science Fiction,1987-11-12,6.0,,,10000000.0,no,no,yes,no,,,,,
10110,Empire of the Sun,"Drama, History, War",1987-12-09,7.3,,,35000000.0,yes,yes,yes,no,,,,,
18935,Ernest Goes to Camp,"Comedy, Family",1987-05-22,5.5,,,3000000.0,yes,no,yes,no,,,,,
1547,The Lost Boys,"Horror, Comedy",1987-07-31,6.8,32226159.0,,8500000.0,yes,no,no,no,,,,,
11649,Masters of the Universe,"Action, Fantasy, Science Fiction, Adventure, Thriller",1987-08-07,5.1,17336683.0,,22000000.0,yes,no,yes,no,,,,,
9740,Hannibal,"Crime, Drama, Thriller, Horror",2001-02-08,6.4,351692268.0,,87000000.0,yes,no,yes,yes,,,,,
10878,Saving Silverman,"Comedy, Crime, Romance",2001-02-09,5.4,26086706.0,,22000000.0,yes,yes,yes,no,,,,,
1921,Sweet November,"Drama, Romance",2001-02-16,6.4,65754228.0,,40000000.0,yes,no,yes,no,,,,,
12138,3000 Miles to Graceland,"Action, Adventure, Comedy, Thriller, Crime",2001-02-23,5.8,18720175.0,,62000000.0,yes,no,yes,no,,,,,
6073,The Mexican,"Action, Comedy, Crime, Romance",2001-03-01,5.8,147845033.0,,57000000.0,yes,yes,yes,yes,,,,,
2749,15 Minutes,"Action, Crime, Thriller",2001-03-01,5.7,56359980.0,,60000000.0,yes,yes,yes,yes,,,,,
22013,Elmer Gantry,Drama,1960-06-19,7.3,,,3000000.0,no,no,no,no,,,,,
14460,Battle Beyond the Stars,Science Fiction,1980-09-08,5.9,,,2000000.0,no,no,no,no,,,,,
17466,Death Warrant,"Action, Crime, Drama, Mystery, Thriller",1990-09-14,5.4,,,4000000.0,yes,no,yes,yes,,,,,
9594,Double Impact,"Thriller, Action, Crime, Drama",1991-07-31,5.3,,,15000000.0,yes,no,no,no,,,,,
2453,Harley Davidson and the Marlboro Man,"Action, Thriller",1991-08-23,6.1,,,23000000.0,yes,no,yes,no,,,,,
4587,Mermaids,"Comedy, Drama, Romance",1990-12-14,6.5,,,31000000.0,yes,no,no,no,,,,,
11454,Manhunter,"Crime, Horror, Thriller",1986-08-14,6.8,8621544.0,,15000000.0,yes,no,yes,no,,,,,
4192,Death on the Nile,Mystery,1978-10-06,6.7,,,7920000.0,no,yes,yes,no,,,,,
4985,The Longest Yard,"Crime, Comedy, Drama",1974-08-21,6.4,191466556.0,,2900000.0,yes,no,no,no,,,,,
853,Enemy at the Gates,War,2001-03-13,7.2,96976270.0,,68000000.0,no,yes,yes,yes,,,,,
10877,Exit Wounds,"Action, Crime, Thriller",2001-03-13,5.3,79958599.0,,50000000.0,yes,no,yes,yes,,,,,
77,Memento,"Mystery, Thriller",2000-10-11,8.1,39723096.0,,9000000.0,yes,no,yes,no,,,,,
2575,The Tailor of Panama,"Drama, Thriller",2001-02-11,6.2,28008462.0,,21000000.0,yes,yes,yes,yes,,,,,
55,Amores perros,"Drama, Thriller",2000-06-16,7.6,,,2000000.0,yes,no,yes,no,,,,,
2043,Along Came a Spider,"Crime, Mystery, Thriller, Action",2001-04-06,6.1,105178561.0,,60000000.0,yes,yes,yes,yes,,,,,
4133,Blow,"Crime, Drama",2001-04-04,7.4,83282296.0,,53000000.0,yes,no,no,no,,,,,
26791,Brigham City,"Crime, Drama, Mystery, Thriller",2001-03-30,7.3,,,1000000.0,yes,no,no,no,,,,,
634,Bridget Jones's Diary,"Comedy, Romance, Drama",2001-04-13,6.6,281929795.0,,25000000.0,yes,no,yes,yes,,,,,
10956,Joe Dirt,"Mystery, Adventure, Comedy, Romance, Drama",2001-04-10,5.5,30987695.0,,17700000.0,yes,no,yes,no,,,,,
9290,Crocodile Dundee in Los Angeles,"Adventure, Comedy",2001-04-12,4.7,39438674.0,,21150000.0,yes,no,yes,yes,,,,,
111,Scarface,"Action, Crime, Drama, Thriller",1983-12-08,8.0,45231462.0,,25000000.0,yes,yes,no,no,,,,,
10477,Driven,Action,2001-04-27,4.5,54744738.0,,94000000.0,no,yes,yes,yes,,,,,
1734,The Mummy Returns,"Adventure, Action, Fantasy",2001-04-28,6.0,433013274.0,,98000000.0,yes,yes,yes,no,,,,,
849,Krull,"Fantasy, Action, Adventure",1983-07-29,5.8,,,27000000.0,yes,no,yes,yes,,,,,
11307,The World According to Garp,Comedy,1982-08-13,6.9,,,17000000.0,no,no,yes,no,,,,,
78133,A Home of Our Own,"Comedy, Drama",1993-11-05,7.0,,,12000000.0,yes,no,yes,no,,,,,
25221,For the Boys,"Music, Drama",1991-11-22,6.5,,,40000000.0,yes,no,no,no,,,,,
9062,Love Story,"Drama, Romance",1970-12-16,6.6,,,2200000.0,yes,yes,no,no,,,,,
9476,A Knight's Tale,"Adventure, Drama, Romance, Action",2001-05-11,6.6,117487473.0,,65000000.0,yes,no,yes,no,,,,,
5852,Angel Eyes,"Drama, Romance, Thriller",2001-05-15,5.5,29715606.0,,53000000.0,yes,no,yes,no,,,,,
808,Shrek,"Adventure, Animation, Comedy, Family, Fantasy",2001-05-16,7.3,484596038.0,,60000000.0,yes,no,yes,no,,,,,
824,Moulin Rouge!,"Drama, Music, Romance",2001-03-09,7.4,179213434.0,,52500000.0,yes,yes,yes,yes,,,,,
22414,Postcards from the Edge,"Comedy, Drama",1990-09-12,6.3,,,22000000.0,yes,no,no,no,,,,,
1406,City Slickers,"Action, Adventure, Comedy, Drama, Western",1991-06-07,6.2,,,27000000.0,yes,yes,yes,no,,,,,
1632,Mississippi Burning,"Thriller, Crime, Drama",1988-12-08,7.4,,,15000000.0,yes,no,no,no,,,,,
966,The Magnificent Seven,Western,1960-10-22,7.4,162360636.0,,2000000.0,no,yes,yes,no,,,,,
9397,Evolution,"Action, Comedy, Science Fiction",2001-06-08,5.7,98376292.0,,80000000.0,yes,no,yes,no,,,,,
9705,Swordfish,"Action, Crime, Thriller",2001-06-07,6.1,147080413.0,,102000000.0,yes,yes,yes,yes,,,,,
10364,Catch-22,"War, Comedy, Drama",1970-06-24,6.7,,,18000000.0,yes,yes,yes,no,,,,,
1089,Point Break,"Action, Thriller, Crime",1991-07-12,6.9,133782481.0,,24000000.0,yes,no,yes,no,,,,,
17494,Unlawful Entry,"Crime, Thriller",1992-06-26,5.8,,,23000000.0,yes,yes,yes,yes,,,,,
9576,Tootsie,"Comedy, Romance",1982-12-16,6.9,,,21000000.0,yes,no,yes,no,,,,,
10865,Atlantis: The Lost Empire,"Animation, Family, Adventure, Science Fiction",2001-06-02,6.7,186053725.0,,120000000.0,yes,yes,yes,no,,,,,
1995,Lara Croft: Tomb Raider,"Adventure, Fantasy, Action, Thriller",2001-06-11,5.7,274703340.0,,115000000.0,yes,no,yes,no,,,,,
9799,The Fast and the Furious,"Action, Crime, Thriller",2001-06-22,6.6,207283925.0,,38000000.0,yes,no,yes,yes,,,,,
644,A.I. Artificial Intelligence,"Drama, Science Fiction, Adventure",2001-06-29,6.8,235926552.0,,100000000.0,yes,no,yes,no,,,,,
16161,Baby Boy,"Crime, Drama, Romance",2001-06-27,7.3,29381649.0,,16000000.0,yes,no,yes,no,,,,,
10691,Crazy/Beautiful,"Drama, Romance",2001-06-29,6.6,19937988.0,,13000000.0,yes,yes,yes,no,,,,,
2140,Kiss of the Dragon,"Action, Crime, Thriller",2001-07-06,6.4,64437847.0,,25000000.0,yes,yes,yes,yes,,,,,
11286,The Cannonball Run,Comedy,1981-06-19,6.2,,,18000000.0,no,yes,no,no,,,,,
15875,Donovan's Reef,"Adventure, Comedy, Romance",1963-06-12,6.0,,,2686000.0,yes,yes,no,no,,,,,
11697,The Man Who Shot Liberty Valance,Western,1962-04-22,7.4,,,3200000.0,no,no,yes,no,,,,,
11536,The Misfits,"Drama, Action, Romance",1961-01-01,6.8,,,4000000.0,yes,no,yes,no,,,,,
10339,Moby Dick,"Adventure, Drama",1956-06-27,6.9,,,4500000.0,yes,no,yes,no,,,,,
13938,The Last Dragon,"Action, Adventure, Comedy",1985-03-22,6.4,25755277.0,,10000000.0,yes,no,yes,no,,,,,
10540,Outland,Science Fiction,1981-05-22,6.2,,,16000000.0,no,no,yes,no,,,,,
2114,Final Fantasy: The Spirits Within,"Adventure, Action, Animation, Fantasy, Science Fiction, Thriller",2001-07-02,5.9,85131830.0,,137000000.0,yes,no,yes,yes,,,,,
8835,Legally Blonde,Comedy,2001-07-13,6.2,141774679.0,,18000000.0,no,no,yes,no,,,,,
11371,The Score,"Action, Crime, Thriller",2001-07-13,6.7,113579918.0,,68000000.0,yes,yes,yes,yes,,,,,
15745,Made,"Action, Comedy, Thriller",2001-07-13,6.3,5480653.0,,5000000.0,yes,no,no,no,,,,,
9395,Above the Law,"Action, Adventure, Drama, Thriller",1988-04-08,5.9,,,7500000.0,yes,yes,no,yes,,,,,
14506,The Adventures of Baron Munchausen,"Action, Adventure, Comedy, Fantasy",1988-12-07,6.9,,,46630000.0,yes,no,yes,yes,,,,,
19382,Biloxi Blues,"Comedy, Drama, Romance",1988-03-25,6.4,,,20000000.0,yes,no,yes,no,,,,,
9599,The Blob,"Horror, Science Fiction",1988-08-05,6.3,,,19000000.0,yes,no,yes,no,,,,,
110428,Camille Claudel 1915,Drama,2013-03-13,7.0,,,3512454.0,no,no,yes,no,,,,,
7520,Cocktail,"Drama, Romance",1988-07-29,5.7,,,20000000.0,yes,yes,no,no,,,,,
10126,Colors,"Action, Crime, Drama",1988-04-15,6.6,,,6000000.0,yes,yes,no,no,,,,,
9602,Coming to America,"Comedy, Romance",1988-06-28,6.5,128152333.0,,39000000.0,yes,no,yes,no,,,,,
10675,Frantic,"Crime, Drama, Mystery, Thriller",1988-02-16,6.6,,,20000000.0,yes,yes,yes,yes,,,,,
2617,The Great Outdoors,Comedy,1988-06-17,6.4,,,24000000.0,no,no,yes,no,,,,,
11347,The Lair of the White Worm,"Comedy, Horror",1988-09-14,5.8,,,2500000.0,yes,no,no,no,,,,,
13704,License to Drive,"Comedy, Family",1988-07-06,6.1,,,8000000.0,yes,no,yes,no,,,,,
12120,My Stepmother is an Alien,"Comedy, Science Fiction",1988-12-09,5.3,,,20000000.0,yes,no,yes,no,,,,,
38617,Off Limits,"Action, Crime, Drama, Mystery, Thriller",1988-03-11,5.6,,,12000000.0,yes,no,yes,no,,,,,
9604,Red Heat,"Action, Crime",1988-06-17,5.8,,,29000000.0,yes,yes,yes,no,,,,,
10925,The Return of the Living Dead,"Comedy, Horror",1985-05-15,7.3,14240081.0,,4000000.0,yes,no,yes,no,,,,,
24266,The Man from Snowy River,"Family, Drama, Action, Western, Romance",1982-03-02,6.9,20661099.0,,3500000.0,yes,no,yes,no,,,,,
11503,The Serpent and the Rainbow,"Horror, Thriller",1988-02-05,6.2,,,7000000.0,yes,no,no,no,,,,,
38560,Sunset,"Action, Comedy, Crime, Mystery, Thriller",1988-04-29,5.6,,,16000000.0,yes,yes,yes,yes,,,,,
8337,They Live,"Action, Horror, Science Fiction, Thriller",1988-11-23,7.1,,,4000000.0,yes,no,yes,no,,,,,
9493,Twins,Comedy,1988-12-09,5.7,,,15000000.0,no,no,no,no,,,,,
11352,Always,"Fantasy, Drama, Romance",1989-12-22,6.0,,,31000000.0,yes,no,yes,no,,,,,
12500,American Ninja,"Action, Adventure",1985-08-30,5.5,,,1000000.0,yes,no,yes,no,,,,,
45225,The Big Picture,"Comedy, Drama, Romance",1989-09-15,5.9,,,5000000.0,yes,no,no,no,,,,,
1648,Bill & Ted's Excellent Adventure,"Adventure, Comedy, Science Fiction",1989-02-17,6.7,40486714.0,,10000000.0,yes,yes,no,no,,,,,
4105,Black Rain,"Action, Thriller, Crime",1989-09-22,6.2,46212140.0,,30000000.0,yes,yes,yes,no,,,,,
10142,Casualties of War,"Drama, History, War",1989-08-18,6.8,,,22500000.0,yes,no,no,yes,,,,,
21291,Dad,"Drama, Comedy",1989-10-27,5.6,,,19000000.0,yes,no,yes,no,,,,,
2210,Earth Girls Are Easy,"Music, Comedy, Drama, Romance, Science Fiction",1988-09-08,5.5,,,10000000.0,yes,no,yes,yes,,,,,
20713,Farewell to the King,"War, Adventure",1989-03-03,5.9,,,16000000.0,yes,no,yes,no,,,,,
9085,Harlem Nights,"Comedy, Crime, Drama",1989-11-17,5.7,,,30000000.0,yes,yes,no,no,,,,,
505,Johnny Handsome,"Crime, Drama",1989-09-12,6.1,,,20000000.0,yes,yes,yes,no,,,,,
10345,K-9,"Action, Comedy, Crime",1989-04-28,5.5,,,17000000.0,yes,no,yes,no,,,,,
10222,Kickboxer,"Action, Thriller",1989-04-20,6.3,,,1500000.0,yes,no,no,no,,,,,
14372,Leviathan,"Adventure, Horror, Action, Thriller, Science Fiction",1989-03-17,6.0,,,25000000.0,yes,no,yes,yes,,,,,
9972,Lock Up,"Action, Adventure, Crime, Drama, Thriller",1989-08-04,6.2,,,24000000.0,yes,no,yes,no,,,,,
9494,Look Who's Talking,"Comedy, Romance",1989-10-12,5.8,,,7500000.0,yes,no,yes,no,,,,,
9942,Major League,Comedy,1989-02-16,6.7,,,11000000.0,no,no,yes,no,,,,,
27418,Next of Kin,"Adventure, Drama, Action, Thriller",1989-10-20,5.0,,,12000000.0,yes,no,no,no,,,,,
39002,No Holds Barred,"Action, Drama",1989-06-02,5.6,,,8000000.0,yes,no,yes,no,,,,,
331,Jurassic Park III,"Adventure, Action, Thriller, Science Fiction",2001-07-18,5.7,368780809.0,,93000000.0,yes,yes,yes,no,,,,,
327,Brother,"Crime, Drama, Thriller",2000-09-09,6.8,15250594.0,,12000000.0,yes,yes,yes,yes,,,,,
869,Planet of the Apes,"Thriller, Science Fiction, Action, Adventure",2001-07-25,5.6,362211740.0,,100000000.0,yes,no,yes,no,,,,,
2171,Wet Hot American Summer,Comedy,2001-07-27,6.4,,,5000000.0,no,no,no,no,,,,,
10135,Road House,"Action, Thriller",1989-05-19,6.3,30050265.0,,15000000.0,yes,yes,yes,no,,,,,
12150,Sea of Love,"Drama, Crime, Mystery",1989-09-15,6.7,,,19000000.0,yes,no,no,no,,,,,
11185,"See No Evil, Hear No Evil","Crime, Comedy",1989-05-12,6.4,,,18000000.0,yes,no,no,no,,,,,
12521,Shocker,"Thriller, Comedy, Horror",1989-10-27,5.5,,,5000000.0,yes,no,yes,no,,,,,
9618,Tango & Cash,"Action, Adventure, Comedy",1989-12-22,6.1,,,55000000.0,yes,no,no,no,,,,,
31608,Three Fugitives,Comedy,1989-01-27,6.0,,,15000000.0,no,yes,yes,no,,,,,
2616,Uncle Buck,"Comedy, Drama, Family",1989-08-16,6.6,,,15000000.0,yes,no,yes,no,,,,,
7091,Vampire's Kiss,"Comedy, Horror",1988-09-17,6.0,726501.0,,2000000.0,yes,no,yes,no,,,,,
183,The Wizard,"Adventure, Comedy, Drama, Family, Romance",1989-12-15,6.1,,,6000000.0,yes,yes,no,no,,,,,
2148,The Cotton Club,"Music, Drama, Crime, Romance",1984-12-14,6.5,,,58000000.0,yes,yes,yes,no,,,,,
2057,Original Sin,Thriller,2001-08-03,5.8,35402320.0,,42000000.0,no,yes,yes,yes,,,,,
9880,The Princess Diaries,"Comedy, Family, Romance",2001-08-03,6.5,165335153.0,,37000000.0,yes,no,yes,no,,,,,
5175,Rush Hour 2,"Action, Comedy, Crime, Thriller",2001-08-03,6.4,347325802.0,,90000000.0,yes,yes,no,no,,,,,
20391,Paint Your Wagon,"Drama, Action, Comedy, Western, Music",1969-10-15,6.3,,,20000000.0,yes,yes,yes,no,,,,,
11542,Altered States,"Mystery, Drama, Fantasy, Science Fiction, Thriller, Horror",1980-12-25,6.7,19853898.0,,15000000.0,yes,yes,no,no,,,,,
2770,American Pie 2,"Comedy, Romance",2001-08-10,6.0,287553595.0,,30000000.0,yes,no,yes,no,,,,,
12610,Osmosis Jones,"Adventure, Animation, Action, Comedy, Family",2001-08-07,6.0,14026418.0,,75000000.0,yes,no,yes,no,,,,,
13496,American Outlaws,"Action, Western",2001-08-17,5.7,13678913.0,,35000000.0,yes,no,no,no,,,,,
10972,Session 9,"Horror, Mystery",2001-08-10,6.2,,,1500000.0,yes,no,yes,no,,,,,
1722,Captain Corelli's Mandolin,"Drama, History, Romance",2001-08-17,5.6,62112895.0,,57000000.0,yes,yes,yes,yes,,,,,
9896,Rat Race,"Adventure, Comedy",2001-07-30,6.0,85498534.0,,48000000.0,yes,no,yes,yes,,,,,
2294,Jay and Silent Bob Strike Back,Comedy,2001-08-22,6.4,33788161.0,,22000000.0,no,no,yes,no,,,,,
10016,Ghosts of Mars,"Action, Horror, Science Fiction",2001-08-24,4.8,14010832.0,,28000000.0,yes,no,yes,no,,,,,
8922,Jeepers Creepers,"Horror, Thriller",2001-07-01,6.1,59217789.0,,10000000.0,yes,no,yes,yes,,,,,
34223,Vamp,"Comedy, Horror",1986-07-18,5.9,,,1900000.0,yes,no,yes,no,,,,,
11370,The Musketeer,"Action, Adventure, Drama",2001-09-07,5.2,32533802.0,,40000000.0,yes,yes,yes,yes,,,,,
12508,Rock Star,"Music, Drama, Comedy",2001-09-04,6.0,19334145.0,,57000000.0,yes,no,yes,no,,,,,
2176,The Glass House,"Drama, Thriller",2001-09-14,5.4,23619609.0,,30000000.0,yes,yes,no,no,,,,,
20857,Hardball,"Comedy, Romance",2001-09-14,6.3,44102389.0,,32000000.0,yes,no,yes,yes,,,,,
2034,Training Day,"Action, Crime, Drama, Thriller",2001-10-05,7.3,104876233.0,,45000000.0,yes,yes,yes,yes,,,,,
31016,Sidewalks of New York,"Comedy, Drama, Romance",2001-11-23,5.6,,,1000000.0,yes,no,no,no,,,,,
11576,"It's a Mad, Mad, Mad, Mad World","Action, Adventure, Comedy, Crime",1963-11-07,7.0,,,9400000.0,yes,no,yes,no,,,,,
15393,Play Misty for Me,"Crime, Drama, Romance, Thriller",1971-11-03,6.5,,,725000.0,yes,no,yes,no,,,,,
248,Pocketful of Miracles,"Comedy, Drama",1961-12-18,7.3,,,2900000.0,yes,yes,no,no,,,,,
13766,SpaceCamp,"Family, Adventure",1986-06-06,5.8,,,18000000.0,yes,no,no,no,,,,,
12103,Don't Say a Word,Thriller,2001-09-28,6.0,100020092.0,,50000000.0,no,yes,yes,yes,,,,,
11313,Hearts in Atlantis,"Drama, Mystery",2001-09-07,6.5,30919415.0,,31000000.0,yes,no,yes,yes,,,,,
10866,Joy Ride,"Mystery, Thriller, Drama",2001-10-05,6.3,36642838.0,,23000000.0,yes,no,yes,no,,,,,
9778,Serendipity,"Comedy, Romance",2001-10-05,6.6,77516304.0,,28000000.0,yes,no,yes,no,,,,,
16121,The Big Red One,"Drama, War",1980-05-28,6.8,,,4500000.0,yes,yes,no,no,,,,,
16769,Coal Miner's Daughter,"Drama, Music",1980-03-07,7.2,,,15000000.0,yes,no,no,no,,,,,
3172,Bandits,"Action, Comedy, Crime, Romance",2001-10-12,6.2,67631903.0,,75000000.0,yes,no,yes,no,,,,,
1018,Mulholland Drive,"Thriller, Drama, Mystery",2001-05-16,7.7,20117339.0,,15000000.0,yes,yes,yes,yes,,,,,
984,Dirty Harry,"Action, Crime, Thriller",1971-12-21,7.4,,,4000000.0,yes,yes,yes,no,,,,,
768,From Hell,"Horror, Mystery, Thriller",2001-10-19,6.6,74558115.0,,35000000.0,yes,yes,yes,yes,,,,,
2100,The Last Castle,"Action, Drama, Thriller",2001-10-19,7.0,27642707.0,,72000000.0,yes,no,no,no,,,,,
11091,Riding in Cars with Boys,"Comedy, Drama, Romance",2001-10-19,6.5,35743308.0,,48000000.0,yes,no,no,no,,,,,
167,K-PAX,"Drama, Science Fiction",2001-10-22,7.1,65001485.0,,48000000.0,yes,no,yes,yes,,,,,
141,Donnie Darko,"Fantasy, Drama, Mystery",2001-01-18,7.7,,,6000000.0,yes,no,yes,no,,,,,
585,"Monsters, Inc.","Animation, Comedy, Family",2001-11-01,7.5,528773250.0,,115000000.0,yes,no,yes,no,,,,,
9889,Shallow Hal,"Comedy, Romance",2001-11-01,5.7,141069860.0,,40000000.0,yes,no,no,no,,,,,
13408,The Wash,"Action, Comedy",2001-11-16,5.3,10229331.0,,7000000.0,yes,no,no,no,,,,,
671,Harry Potter and the Philosopher's Stone,"Adventure, Fantasy, Family",2001-11-16,7.5,,,125000000.0,yes,no,yes,yes,,,,,
20794,Novocaine,"Comedy, Crime, Thriller",2001-11-23,6.0,,,6000000.0,yes,no,no,no,,,,,
1535,Spy Game,"Action, Crime, Thriller",2001-11-18,6.8,143049560.0,,92000000.0,yes,yes,yes,yes,,,,,
16085,Funny Girl,"Drama, Comedy, Music, Romance",1968-09-19,6.9,,,14000000.0,yes,no,yes,no,,,,,
10656,Subway,"Action, Thriller",1985-04-10,6.3,,,2000000.0,yes,no,no,no,,,,,
72277,The Last Wave,"Drama, Mystery, Thriller",1977-01-01,6.8,,,810000.0,yes,yes,no,no,,,,,
11033,Dressed to Kill,"Horror, Mystery, Thriller",1980-06-25,6.8,,,6500000.0,yes,no,yes,no,,,,,
3604,Flash Gordon,Science Fiction,1980-09-01,6.1,,,35000000.0,no,no,yes,no,,,,,
10649,The Enforcer,"Action, Crime, Thriller",1976-12-20,6.7,,,9000000.0,yes,no,no,no,,,,,
17689,The Gauntlet,"Drama, Action, Crime, Thriller",1977-12-21,6.6,,,5500000.0,yes,no,yes,no,,,,,
14854,Lone Wolf McQuade,"Action, Crime, Drama, Romance, Thriller, Western",1983-04-14,5.5,,,5000000.0,yes,yes,yes,no,,,,,
10650,Sudden Impact,"Action, Crime, Thriller",1983-12-07,6.5,,,22000000.0,yes,no,no,no,,,,,
8007,Behind Enemy Lines,"Action, Drama, Thriller, War",2001-11-17,6.0,91753202.0,,40000000.0,yes,yes,yes,no,,,,,
161,Ocean's Eleven,"Thriller, Crime",2001-12-07,7.2,450717150.0,,85000000.0,yes,yes,yes,no,,,,,
1903,Vanilla Sky,"Drama, Mystery, Romance, Science Fiction, Thriller",2001-12-10,6.5,203388341.0,,68000000.0,yes,no,yes,no,,,,,
9428,The Royal Tenenbaums,"Comedy, Drama",2001-10-05,7.4,71441250.0,,21000000.0,yes,yes,no,no,,,,,
27150,Silent Rage,"Action, Horror, Science Fiction, Thriller",1982-04-02,5.0,,,4500000.0,yes,yes,yes,no,,,,,
26978,Spacehunter: Adventures in the Forbidden Zone,"Adventure, Science Fiction",1983-05-20,5.1,,,15000000.0,yes,no,yes,no,,,,,
8386,How High,Comedy,2001-12-21,6.4,31283740.0,,12000000.0,no,no,yes,no,,,,,
120,The Lord of the Rings: The Fellowship of the Ring,"Adventure, Fantasy, Action",2001-12-18,8.0,868385360.0,,93000000.0,yes,no,yes,yes,,,,,
11086,The Majestic,"Drama, Romance",2001-12-21,6.6,37317558.0,,72000000.0,yes,no,yes,no,,,,,
453,A Beautiful Mind,"Drama, Romance",2001-12-11,7.7,313542341.0,,60000000.0,yes,no,yes,no,,,,,
37257,Witness for the Prosecution,"Drama, Mystery, Crime",1957-12-17,8.1,,,3000000.0,yes,yes,no,no,,,,,
8489,Ali,Drama,2001-12-11,6.7,87713825.0,,107000000.0,no,no,no,no,,,,,
855,Black Hawk Down,"Action, History, War",2001-12-28,7.2,172989651.0,,92000000.0,yes,yes,yes,yes,,,,,
10269,Yentl,"Music, Drama, Romance",1983-11-18,6.2,40219251.0,,12000000.0,yes,no,yes,yes,,,,,
5279,Gosford Park,"Drama, Mystery, Thriller",2001-11-07,6.8,87754044.0,,19800000.0,yes,no,no,yes,,,,,
10950,I Am Sam,Drama,2001-12-28,7.2,97818139.0,,22000000.0,no,no,no,no,,,,,
1365,Monster's Ball,"Drama, Romance",2001-11-11,6.6,44909486.0,,4000000.0,yes,no,yes,no,,,,,
24206,Silent Trigger,"Drama, Action, Thriller",1996-06-26,5.0,,,15000000.0,yes,no,yes,yes,,,,,
11595,Another 48 Hrs.,"Thriller, Action, Comedy, Crime, Drama",1990-06-08,5.8,,,38000000.0,yes,yes,no,no,,,,,
848,Dragonslayer,Fantasy,1981-06-26,6.5,,,18000000.0,no,yes,yes,no,,,,,
9610,Conan the Destroyer,"Adventure, Fantasy, Action",1984-06-29,5.8,,,18000000.0,yes,no,yes,no,,,,,
150,48 Hrs.,"Thriller, Action, Comedy, Crime, Drama",1982-12-07,6.5,,,12000000.0,yes,no,no,no,,,,,
15050,Brainstorm,"Science Fiction, Thriller",1983-09-30,6.3,,,15000000.0,yes,no,no,no,,,,,
10423,Dragon: The Bruce Lee Story,Drama,1993-05-07,6.8,,,14000000.0,no,yes,yes,no,,,,,
651,M*A*S*H,"Comedy, Drama, War",1970-01-24,6.9,,,3500000.0,yes,yes,yes,no,,,,,
18647,One-Eyed Jacks,"Western, Action",1961-03-30,6.2,,,6000000.0,yes,yes,yes,no,,,,,
11362,The Count of Monte Cristo,"Action, Adventure, Drama, Thriller",2002-01-23,7.3,75395048.0,,35000000.0,yes,no,yes,no,,,,,
2637,The Mothman Prophecies,"Drama, Horror, Mystery",2002-01-25,6.1,55157539.0,,32000000.0,yes,no,no,no,,,,,
10229,A Walk to Remember,"Drama, Romance",2002-01-25,7.5,47494916.0,,11000000.0,yes,no,yes,no,,,,,
9606,Metropolis,"Animation, Science Fiction",2001-05-26,6.8,,,14500000.0,yes,yes,yes,no,,,,,
31674,Cousins,"Comedy, Romance",1989-02-10,5.1,,,13000000.0,yes,no,no,no,,,,,
9884,Collateral Damage,"Action, Thriller, Drama",2002-02-06,5.5,78382433.0,,85000000.0,yes,yes,yes,no,,,,,
11212,Baby's Day Out,"Action, Adventure, Comedy, Family",1994-07-01,5.8,,,50000000.0,yes,yes,no,no,,,,,
17130,Crossroads,"Action, Adventure, Comedy, Drama, Family, Music, Romance",2002-02-15,4.7,61141030.0,,12000000.0,yes,no,yes,no,,,,,
10592,Hart's War,"Drama, War",2002-02-15,5.9,32287044.0,,70000000.0,yes,yes,yes,no,,,,,
8470,John Q,"Drama, Thriller, Crime",2002-02-15,7.0,102244770.0,,36000000.0,yes,yes,yes,no,,,,,
39939,Super Troopers,"Comedy, Crime, Mystery",2001-01-18,6.6,23182223.0,,3000000.0,yes,no,yes,no,,,,,
14475,Used Cars,"Action, Comedy",1980-07-11,6.3,,,8000000.0,yes,no,no,no,,,,,
10052,Dragonfly,Drama,2002-02-22,6.2,52323400.0,,60000000.0,no,yes,yes,yes,,,,,
11979,Queen of the Damned,"Drama, Fantasy, Horror",2002-02-10,5.5,45479110.0,,35000000.0,yes,no,yes,yes,,,,,
23479,The Bad News Bears,"Comedy, Family",1976-04-07,7.0,,,35000000.0,yes,yes,no,no,,,,,
10590,We Were Soldiers,"Action, History, War",2002-03-01,6.7,114660784.0,,75000000.0,yes,yes,yes,yes,,,,,
46717,Intersection,"Drama, Romance",1994-01-21,5.1,,,45000000.0,yes,no,no,no,,,,,
17058,Scarlet Street,Drama,1945-12-28,7.7,,,1202007.0,no,no,yes,no,,,,,
13950,All About the Benjamins,"Action, Adventure, Comedy",2002-03-08,5.9,26306533.0,,14000000.0,yes,yes,no,no,,,,,
2135,The Time Machine,"Science Fiction, Adventure, Action",2002-03-04,5.8,123729176.0,,80000000.0,yes,no,yes,no,,,,,
14729,The Long Riders,"Western, History",1980-05-12,6.6,,,10000000.0,yes,yes,no,no,,,,,
1576,Resident Evil,"Horror, Action, Science Fiction",2002-03-15,6.4,102984862.0,,33000000.0,yes,no,yes,yes,,,,,
5851,Showtime,"Action, Comedy",2002-03-14,5.3,77741732.0,,85000000.0,yes,no,yes,yes,,,,,
15647,Kissing Jessica Stein,Comedy,2001-04-21,5.9,,,1000000.0,no,no,yes,no,,,,,
10627,Taps,Drama,1981-12-20,6.5,,,14000000.0,no,no,no,no,,,,,
36586,Blade II,"Fantasy, Horror, Action, Thriller",2002-03-22,6.3,155010032.0,,54000000.0,yes,yes,yes,yes,,,,,
4547,Panic Room,"Crime, Drama, Thriller",2002-03-29,6.6,196397415.0,,48000000.0,yes,no,yes,no,,,,,
14635,The Rookie,"Drama, Family",2002-03-25,6.5,80693537.0,,20000000.0,yes,no,yes,no,,,,,
11560,High Crimes,"Drama, Mystery, Thriller, Crime",2002-04-03,6.1,63781810.0,,42000000.0,yes,yes,yes,no,,,,,
12149,Frailty,"Drama, Thriller, Crime",2001-11-17,7.0,17423030.0,,11000000.0,yes,no,yes,yes,,,,,
35080,The Cat's Meow,"Drama, Mystery, Thriller",2001-08-03,6.0,,,7000000.0,yes,no,yes,yes,,,,,
441,Human Nature,"Drama, Comedy",2001-05-18,6.1,,,6000000.0,yes,no,yes,no,,,,,
8346,My Big Fat Greek Wedding,"Comedy, Drama, Romance",2002-02-22,6.2,368744044.0,,5000000.0,yes,yes,yes,yes,,,,,
31671,Breakout,"Action, Adventure, Thriller",1975-05-21,6.4,,,1000000.0,yes,no,no,no,,,,,
11892,Murder by Numbers,"Crime, Drama, Thriller",2002-04-19,6.0,56714147.0,,50000000.0,yes,no,yes,no,,,,,
9334,The Scorpion King,"Action, Fantasy, Adventure",2002-04-16,5.3,178799308.0,,60000000.0,yes,yes,yes,yes,,,,,
11470,Jason X,"Horror, Science Fiction",2001-07-24,4.5,16951798.0,,11000000.0,yes,no,yes,no,,,,,
16643,Life or Something Like It,"Comedy, Drama, Romance",2002-04-26,5.7,16872671.0,,40000000.0,yes,no,yes,yes,,,,,
11468,Salton Sea,"Crime, Drama, Mystery, Thriller",2002-01-01,7.0,,,18000000.0,yes,no,yes,no,,,,,
28117,Delirious,"Fantasy, Comedy, Romance",1991-08-09,5.5,,,18000000.0,yes,no,no,no,,,,,
48482,Thief of Hearts,"Crime, Drama, Romance, Thriller",1984-10-19,5.5,,,9000000.0,yes,no,no,no,,,,,
557,Spider-Man,"Fantasy, Action",2002-05-01,6.8,821708551.0,,139000000.0,yes,no,yes,no,,,,,
32221,Rambling Rose,Drama,1991-09-10,6.4,,,7500000.0,no,no,yes,no,,,,,
12227,White Fang,"Action, Adventure, Drama, Family",1991-01-18,6.5,,,14000000.0,yes,no,yes,no,,,,,
2251,Unfaithful,"Thriller, Drama",2002-05-10,6.3,119137784.0,,50000000.0,yes,yes,yes,no,,,,,
11240,My Beautiful Laundrette,"Romance, Drama, Comedy",1985-09-07,6.6,,,860000.0,yes,no,yes,no,,,,,
245,About a Boy,"Drama, Comedy, Romance",2002-04-26,6.6,130549455.0,,27000000.0,yes,no,no,yes,,,,,
1894,Star Wars: Episode II - Attack of the Clones,"Adventure, Action, Science Fiction",2002-05-15,6.4,645256452.0,,120000000.0,yes,no,no,no,,,,,
4012,The Believer,Drama,2001-01-19,6.8,,,1500000.0,no,yes,yes,no,,,,,
1957,Enough,"Drama, Thriller",2002-05-24,6.2,51806184.0,,38000000.0,yes,no,no,no,,,,,
320,Insomnia,"Crime, Mystery, Thriller",2002-05-24,6.8,113714830.0,,46000000.0,yes,no,yes,no,,,,,
4614,The Sum of All Fears,"Thriller, Action, Drama",2002-05-31,5.9,193921372.0,,68000000.0,yes,yes,yes,no,,,,,
13153,Rapid Fire,"Action, Thriller",1992-07-24,6.2,,,10000000.0,yes,no,no,yes,,,,,
3132,Bad Company,"Action, Adventure, Comedy, Thriller",2002-06-07,5.4,65977295.0,,70000000.0,yes,no,yes,no,,,,,
2501,The Bourne Identity,"Action, Drama, Mystery, Thriller",2002-06-14,7.3,214034224.0,,60000000.0,yes,yes,yes,yes,,,,,
12100,Windtalkers,"Drama, Action, History, War",2002-06-14,5.8,77628265.0,,115000000.0,yes,yes,yes,no,,,,,
27945,Hombre,"Action, Drama, Western",1967-03-21,7.2,,,5860000.0,yes,no,yes,no,,,,,
30194,The Manhattan Project,"Science Fiction, Thriller",1986-06-13,6.1,,,18000000.0,yes,no,no,no,,,,,
13909,She Wore a Yellow Ribbon,Western,1949-10-22,7.1,,,1600000.0,no,no,no,no,,,,,
180,Minority Report,"Action, Thriller, Science Fiction, Mystery",2002-06-20,7.1,358372926.0,,102000000.0,yes,yes,yes,no,,,,,
2022,Mr. Deeds,"Comedy, Romance",2002-06-28,5.6,171269535.0,,50000000.0,yes,no,yes,no,,,,,
6278,Reign of Fire,"Adventure, Action, Fantasy",2002-07-12,6.0,82150183.0,,60000000.0,yes,no,yes,yes,,,,,
4147,Road to Perdition,"Thriller, Crime, Drama",2002-07-12,7.3,181001478.0,,80000000.0,yes,no,yes,no,,,,,
1842,The Legend of Boggy Creek,"Mystery, Horror, Drama",1972-08-01,5.6,,,100000.0,yes,no,no,no,,,,,
11442,Halloween: Resurrection,"Horror, Thriller",2002-07-01,4.5,37664855.0,,13000000.0,yes,no,no,no,,,,,
8665,K-19: The Widowmaker,"Drama, History, Thriller",2002-07-19,6.1,65716126.0,,100000000.0,yes,no,yes,yes,,,,,
818,Austin Powers in Goldmember,"Comedy, Crime, Science Fiction",2002-07-26,5.9,296939148.0,,63000000.0,yes,yes,yes,no,,,,,
8764,Top Secret!,Comedy,1984-06-08,7.0,,,9000000.0,no,yes,no,yes,,,,,
2675,Signs,"Drama, Thriller, Science Fiction, Mystery",2002-08-02,6.4,408247917.0,,72000000.0,yes,yes,yes,no,,,,,
9488,Spy Kids 2: The Island of Lost Dreams,"Action, Adventure, Family",2002-08-07,5.3,,,38000000.0,yes,no,no,no,,,,,
9962,The Good Girl,"Drama, Comedy, Romance",2002-01-12,6.1,16856124.0,,8000000.0,yes,no,yes,yes,,,,,
9573,Blood Work,"Crime, Drama, Mystery, Thriller",2002-08-04,6.1,31794718.0,,50000000.0,yes,yes,yes,no,,,,,
7451,xXx,"Action, Adventure, Thriller",2002-08-09,5.8,277448382.0,,70000000.0,yes,yes,yes,no,,,,,
11692,The Adventures of Pluto Nash,"Action, Comedy, Science Fiction",2002-08-15,4.4,,,100000000.0,yes,no,yes,yes,,,,,
9266,Blue Crush,Adventure,2002-08-08,5.6,51843679.0,,25000000.0,no,no,yes,yes,,,,,
30072,Possession,"Drama, Mystery, Romance",2002-10-02,6.5,14815898.0,,25000000.0,yes,no,yes,yes,,,,,
9357,One Hour Photo,"Horror, Thriller",2002-08-21,6.6,52223306.0,,12000000.0,yes,no,yes,no,,,,,
12771,Serving Sara,"Comedy, Romance",2002-08-20,5.0,20146150.0,,29000000.0,yes,yes,no,yes,,,,,
15070,Undisputed,"Action, Adventure, Drama, Thriller",2002-08-23,6.1,14946150.0,,20000000.0,yes,no,yes,no,,,,,
10323,Clash of the Titans,"Adventure, Fantasy, Family",1981-03-15,6.8,493214993.0,,15000000.0,yes,no,yes,no,,,,,
9941,Down and Out in Beverly Hills,Comedy,1986-01-31,5.9,,,14000000.0,no,yes,yes,no,,,,,
10725,Wolfen,"Drama, Horror",1981-07-24,6.0,,,17000000.0,yes,no,yes,no,,,,,
9544,FearDotCom,"Horror, Thriller",2002-08-09,3.2,,,40000000.0,yes,yes,yes,yes,,,,,
13536,City By The Sea,"Crime, Drama, Mystery",2002-09-06,5.7,,,40000000.0,yes,no,yes,no,,,,,
10611,Barbershop,"Comedy, Drama",2002-04-01,6.2,77063924.0,,12000000.0,yes,no,no,no,,,,,
4108,The Transporter,"Action, Crime, Thriller",2002-10-02,6.6,43928932.0,,21000000.0,yes,yes,yes,yes,,,,,
9685,Igby Goes Down,"Comedy, Drama",2002-09-13,6.5,,,9000000.0,yes,no,no,no,,,,,
14361,Captain Ron,"Action, Adventure, Comedy, Family",1992-09-18,5.6,,,24000000.0,yes,no,yes,no,,,,,
9093,The Four Feathers,"War, Adventure, Drama, Romance",2002-09-08,6.5,29882645.0,,35000000.0,yes,no,yes,yes,,,,,
9039,Trapped,"Action, Crime, Drama, Thriller",2002-09-20,5.8,13414416.0,,30000000.0,yes,no,yes,yes,,,,,
11013,Secretary,"Comedy, Drama, Romance",2002-01-11,6.8,,,4000000.0,yes,no,yes,no,,,,,
11529,Sweet Home Alabama,"Comedy, Romance",2002-09-26,6.1,180622424.0,,30000000.0,yes,no,no,no,,,,,
31005,Moonlight Mile,"Romance, Drama",2002-09-09,6.4,,,21000000.0,yes,yes,yes,no,,,,,
9533,Red Dragon,"Crime, Thriller, Horror",2002-09-29,6.7,209196298.0,,78000000.0,yes,no,yes,yes,,,,,
24348,Powaqqatsi,"Documentary, Drama, Music",1988-04-29,7.4,,,2500000.0,yes,yes,yes,no,,,,,
37606,Valmont,"Drama, Romance",1989-11-17,6.7,,,33000000.0,yes,no,yes,yes,,,,,
53049,Claire of the Moon,"Drama, Romance",1992-09-18,5.2,,,130000.0,yes,no,no,no,,,,,
7501,Knockaround Guys,"Crime, Thriller",2001-09-07,5.9,12806614.0,,15000000.0,yes,yes,no,no,,,,,
13768,Tuck Everlasting,"Drama, Family, Fantasy, Romance, Science Fiction",2002-10-11,6.4,19344615.0,,15000000.0,yes,yes,no,no,,,,,
1430,Bowling for Columbine,Documentary,2002-10-09,7.3,58008423.0,,4000000.0,no,no,yes,no,,,,,
8051,Punch-Drunk Love,"Comedy, Drama, Romance",2002-10-25,6.9,24665649.0,,25000000.0,yes,no,yes,no,,,,,
565,The Ring,"Horror, Mystery",2002-10-18,6.5,249348933.0,,48000000.0,yes,no,yes,yes,,,,,
14112,Auto Focus,"Drama, Crime",2002-10-18,6.1,,,7000000.0,yes,no,yes,no,,,,,
11009,Saturday Night Fever,"Drama, Music",1977-12-16,6.5,94214336.0,,3500000.0,yes,yes,yes,no,,,,,
47942,When Time Ran Out...,"Action, Adventure, Drama, Thriller",1980-03-28,7.0,,,20000000.0,yes,no,yes,no,,,,,
15668,Xanadu,"Fantasy, Music, Romance",1980-08-08,5.2,22763249.0,,20000000.0,yes,no,no,no,,,,,
19429,Absence of Malice,"Drama, Romance, Thriller",1981-12-18,6.8,,,12000000.0,yes,yes,yes,no,,,,,
11644,Blow Out,"Drama, Mystery, Thriller",1981-07-24,7.3,,,18000000.0,yes,no,no,no,,,,,
24274,Dead & Buried,"Horror, Mystery",1981-05-29,6.1,,,3000000.0,yes,no,no,no,,,,,
11646,Gallipoli,"Adventure, Drama, History, War",1981-08-13,7.1,5734249.0,,3000000.0,yes,no,yes,no,,,,,
16124,Goodbye Pork Pie,"Adventure, Comedy",1981-02-05,8.5,,,300000.0,yes,no,yes,no,,,,,
42149,The Hand,"Drama, Horror, Thriller",1981-04-24,5.7,,,6500000.0,yes,no,yes,no,,,,,
19507,Neighbors,Comedy,1981-12-18,5.2,270665134.0,,8500000.0,no,no,no,no,,,,,
17450,Pennies from Heaven,"Drama, Music, Romance",1981-12-11,6.3,,,22000000.0,yes,no,yes,no,,,,,
9645,Ghost Ship,"Horror, Mystery, Thriller",2002-10-25,5.3,68349884.0,,35000000.0,yes,yes,yes,yes,,,,,
1360,Frida,"Drama, Romance",2002-08-29,7.3,56298474.0,,12000000.0,yes,yes,yes,yes,,,,,
12208,Casino Royale,"Adventure, Action, Comedy",1967-04-13,5.3,606000064.0,,12000000.0,yes,yes,yes,yes,,,,,
8427,I Spy,"Action, Adventure, Comedy, Thriller",2002-10-31,5.2,51386477.0,,70000000.0,yes,yes,no,no,,,,,
9021,The Santa Clause 2,"Fantasy, Comedy, Family",2002-10-31,5.5,172855065.0,,65000000.0,yes,no,yes,no,,,,,
13526,The Weight of Water,"Crime, Drama, Mystery",2000-09-25,5.6,,,16000000.0,yes,no,yes,yes,,,,,
9280,Femme Fatale,"Thriller, Crime, Romance",2002-11-06,6.2,16838910.0,,35000000.0,yes,yes,yes,yes,,,,,
65,8 Mile,Drama,2002-11-08,6.8,242875078.0,,41000000.0,no,no,yes,no,,,,,
10712,Far from Heaven,"Drama, Romance",2002-09-01,6.9,29027914.0,,13500000.0,yes,no,no,no,,,,,
672,Harry Potter and the Chamber of Secrets,"Adventure, Fantasy, Family",2002-11-13,7.4,878979634.0,,100000000.0,yes,no,yes,yes,,,,,
13888,Return to the Blue Lagoon,Adventure,1991-08-02,5.2,,,11000000.0,no,no,yes,no,,,,,
43089,Roadgames,"Thriller, Horror, Mystery",1981-06-26,6.5,,,1750000.0,yes,no,yes,no,,,,,
9538,Scanners,"Horror, Science Fiction, Thriller",1981-01-14,6.5,,,4100000.0,yes,yes,yes,no,,,,,
47890,Sphinx,"Adventure, Mystery, Thriller",1981-02-11,5.7,,,14000000.0,yes,no,yes,yes,,,,,
36669,Die Another Day,"Adventure, Action, Thriller",2002-11-17,5.8,431971116.0,,140000000.0,yes,yes,no,yes,,,,,
8198,The Quiet American,"Drama, Action, Thriller, Romance",2002-11-22,6.5,27674124.0,,30000000.0,yes,yes,yes,no,,,,,
15074,Extreme Ops,"Action, Adventure, Drama, Thriller",2002-11-27,5.0,10959475.0,,40000000.0,yes,no,yes,no,,,,,
2103,Solaris,"Drama, Science Fiction, Mystery, Romance",2002-11-27,5.9,30002758.0,,47000000.0,yes,no,yes,no,,,,,
9016,Treasure Planet,"Adventure, Animation, Family, Fantasy, Science Fiction",2002-11-26,7.2,109578115.0,,140000000.0,yes,no,yes,no,,,,,
13945,The Sword and the Sorcerer,"Action, Adventure, Fantasy",1982-04-01,5.6,,,4000000.0,yes,no,no,no,,,,,
14433,Zulu,"Action, Drama, History, War",1964-01-22,7.4,,,3500000.0,yes,yes,no,no,,,,,
9932,Analyze That,"Comedy, Crime",2002-12-06,5.7,55003135.0,,60000000.0,yes,no,yes,yes,,,,,
13369,Empire,"Action, Drama",2002-12-06,6.4,18591272.0,,4000000.0,yes,yes,no,no,,,,,
2757,Adaptation.,"Comedy, Crime, Drama",2002-12-06,7.3,32801173.0,,19000000.0,yes,yes,yes,no,,,,,
7299,Equilibrium,"Action, Science Fiction, Thriller",2002-12-06,6.9,,,20000000.0,yes,no,yes,no,,,,,
17360,Escape to Victory,"Action, Drama",1981-06-17,6.7,,,10000000.0,yes,yes,yes,no,,,,,
40952,Alone in the Dark,"Horror, Thriller",1982-11-12,5.5,,,20000000.0,yes,yes,yes,no,,,,,
16363,The Best Little Whorehouse in Texas,Comedy,1982-07-23,5.9,,,35000000.0,no,no,yes,no,,,,,
13497,Drumline,"Drama, Romance, Comedy, Music",2002-12-13,6.2,57588485.0,,20000000.0,yes,no,no,no,,,,,
7303,Maid in Manhattan,"Comedy, Drama, Romance",2002-12-13,5.6,154906693.0,,55000000.0,yes,yes,no,no,,,,,
201,Star Trek: Nemesis,"Science Fiction, Action, Adventure, Thriller",2002-12-13,6.1,67336470.0,,60000000.0,yes,no,no,no,,,,,
2755,About Schmidt,"Drama, Comedy",2002-12-13,6.7,105834556.0,,30000000.0,yes,no,yes,no,,,,,
121,The Lord of the Rings: The Two Towers,"Adventure, Fantasy, Action",2002-12-18,8.0,923015234.0,,79000000.0,yes,no,yes,yes,,,,,
1429,25th Hour,"Crime, Drama",2002-12-16,7.2,23928503.0,,15000000.0,yes,no,yes,no,,,,,
13435,Antwone Fisher,"Drama, Romance",2002-12-19,6.7,23367586.0,,12500000.0,yes,yes,yes,no,,,,,
3131,Gangs of New York,"Drama, History, Crime",2002-12-14,7.1,193772504.0,,100000000.0,yes,yes,yes,yes,,,,,
2642,Two Weeks Notice,"Comedy, Romance",2002-12-19,5.9,199043242.0,,60000000.0,yes,no,yes,yes,,,,,
11022,Narc,"Action, Crime, Drama, Thriller",2002-01-14,6.8,12633747.0,,6500000.0,yes,yes,yes,yes,,,,,
25848,Legend of the Lost,"Adventure, Drama",1957-12-17,6.1,,,1750000.0,yes,no,yes,yes,,,,,
640,Catch Me If You Can,"Drama, Crime",2002-12-25,7.7,352114312.0,,52000000.0,yes,yes,yes,no,,,,,
10599,Pinocchio,"Comedy, Family, Fantasy",2002-12-25,5.6,41314585.0,,40000000.0,yes,no,yes,yes,,,,,
1574,Chicago,"Action, Comedy, Crime, Drama, Music",2002-12-26,6.9,306776732.0,,45000000.0,yes,yes,yes,no,,,,,
590,The Hours,Drama,2002-12-27,7.0,108846072.0,,25000000.0,no,no,yes,no,,,,,
423,The Pianist,"Drama, War",2002-09-24,8.1,120072577.0,,35000000.0,yes,yes,yes,yes,,,,,
4912,Confessions of a Dangerous Mind,"Comedy, Crime, Drama, Romance, Thriller",2002-12-30,6.6,33013805.0,,30000000.0,yes,no,yes,no,,,,,
12090,Just Married,Comedy,2003-01-09,5.3,101564935.0,,18000000.0,no,yes,yes,yes,,,,,
9582,A Guy Thing,"Comedy, Romance",2003-01-17,5.3,17432163.0,,20000000.0,yes,no,yes,no,,,,,
12253,Biker Boyz,"Action, Drama",2003-01-31,5.0,23510621.0,,24000000.0,yes,no,no,no,,,,,
9358,Final Destination 2,"Horror, Mystery",2003-01-31,5.9,90941129.0,,26000000.0,yes,no,yes,no,,,,,
10894,May,"Drama, Horror, Thriller, Romance",2002-01-13,6.3,,,500000.0,yes,no,yes,no,,,,,
10724,Firefox,"Science Fiction, Action, Adventure, Thriller",1982-06-13,5.5,,,18000000.0,yes,yes,no,no,,,,,
9919,How to Lose a Guy in 10 Days,"Comedy, Romance",2003-02-07,6.3,177503042.0,,50000000.0,yes,no,no,yes,,,,,
6038,Shanghai Knights,"Action, Adventure, Comedy, Western",2003-02-06,6.0,88323487.0,,50000000.0,yes,yes,yes,yes,,,,,
9480,Daredevil,"Fantasy, Action, Crime, Science Fiction, Thriller",2003-02-14,5.0,179179718.0,,78000000.0,yes,yes,yes,no,,,,,
12139,Dennis the Menace,"Family, Comedy",1993-06-23,5.5,,,35000000.0,yes,no,yes,no,,,,,
18587,10 to Midnight,"Horror, Crime, Thriller, Drama",1983-03-11,6.1,,,4520000.0,yes,yes,yes,no,,,,,
17264,The Black Stallion,"Adventure, Family",1979-10-17,7.0,,,2700000.0,yes,yes,no,no,,,,,
2984,A Countess from Hong Kong,"Comedy, Romance",1967-01-05,5.9,,,3500000.0,yes,no,yes,no,,,,,
33364,A Patch of Blue,"Drama, Romance",1965-12-10,7.6,,,800000.0,yes,no,no,no,,,,,
33851,A Prayer for the Dying,"Crime, Drama, Action, Thriller",1987-09-11,6.1,,,6000000.0,yes,yes,no,no,,,,,
4911,Dark Blue,"Action, Crime, Drama, Thriller",2002-12-14,6.5,12150301.0,,15000000.0,yes,no,yes,yes,,,,,
11615,The Life of David Gale,"Drama, Thriller, Crime",2003-02-21,7.3,38955598.0,,50000000.0,yes,yes,yes,yes,,,,,
11635,Old School,Comedy,2003-02-21,6.6,87135520.0,,24000000.0,no,no,yes,no,,,,,
10623,Cradle 2 the Grave,"Action, Crime, Drama",2003-02-28,5.8,56489558.0,,25000000.0,yes,yes,yes,no,,,,,
10678,Bringing Down the House,Comedy,2003-03-07,5.4,164729679.0,,20000000.0,no,yes,yes,no,,,,,
9567,Tears of the Sun,"Action, Drama, War",2003-03-07,6.4,86468162.0,,70000000.0,yes,no,yes,no,,,,,
455,Bend It Like Beckham,"Comedy, Drama, Romance",2002-04-11,6.2,76583333.0,,3500159.0,yes,yes,yes,yes,,,,,
10632,The Hunted,"Drama, Action, Thriller, Crime",2003-03-11,6.0,46061847.0,,55000000.0,yes,no,yes,no,,,,,
36362,King of Kings,Drama,1961-10-11,7.2,,,5037000.0,no,no,yes,no,,,,,
42618,Sweet Charity,"Comedy, Drama, Music, Romance",1969-01-01,6.5,,,8000000.0,yes,no,no,no,,,,,
9557,Boat Trip,Comedy,2002-10-01,4.7,15020293.0,,20000000.0,no,yes,yes,yes,,,,,
6171,Dreamcatcher,"Drama, Horror, Science Fiction, Thriller",2003-03-21,5.2,75715436.0,,68000000.0,yes,no,yes,no,,,,,
29912,The Robe,Drama,1953-09-16,6.4,,,4100000.0,no,no,no,no,,,,,
28881,Wind,"Action, Drama",1992-09-11,6.1,,,29000000.0,yes,no,yes,no,,,,,
10782,Basic,"Action, Drama, Mystery, Thriller, Crime",2003-04-18,6.2,42792561.0,,50000000.0,yes,no,yes,no,,,,,
9341,The Core,"Action, Thriller, Adventure, Science Fiction",2003-03-28,5.5,73498611.0,,60000000.0,yes,no,yes,yes,,,,,
8409,A Man Apart,"Action, Drama",2003-04-04,5.8,44350926.0,,36000000.0,yes,yes,yes,yes,,,,,
21052,Levity,"Crime, Drama",2003-03-16,5.9,,,7500000.0,yes,no,yes,yes,,,,,
9506,Anger Management,Comedy,2003-04-11,5.9,195745823.0,,75000000.0,no,no,yes,no,,,,,
24982,Ghosts of the Abyss,Documentary,2003-04-10,7.1,22141539.0,,13000000.0,no,no,yes,yes,,,,,
13370,A Mighty Wind,"Comedy, Music",2003-04-16,6.6,18750246.0,,6000000.0,yes,no,no,no,,,,,
994,Straw Dogs,"Crime, Drama, Thriller, Mystery",1971-12-29,7.2,,,2200000.0,yes,no,no,yes,,,,,
10514,The Andromeda Strain,"Science Fiction, Thriller",1971-03-12,7.0,,,6500000.0,yes,no,no,no,,,,,
16651,The Other Side of Heaven,"Action, Adventure, Drama, Family",2001-04-12,6.7,,,7000000.0,yes,yes,no,no,,,,,
24961,The Wiz,"Adventure, Family, Fantasy, Music",1978-10-24,5.8,,,24000000.0,yes,no,yes,no,,,,,
31633,The Marrying Man,"Action, Comedy, Romance, Thriller",1991-04-05,5.0,,,26000000.0,yes,no,no,no,,,,,
2832,Identity,"Mystery, Thriller",2003-04-25,7.1,90259536.0,,30000000.0,yes,no,yes,no,,,,,
18736,The Lizzie McGuire Movie,"Family, Comedy",2003-04-25,5.8,55534455.0,5.5,17000000.0,yes,yes,yes,no,United States,2003,94,3.0,2.0
36658,X2,"Adventure, Action, Science Fiction, Thriller",2003-04-24,6.8,,,110000000.0,yes,yes,yes,no,,,,,
10708,Daddy Day Care,"Comedy, Family",2003-05-03,5.6,164433867.0,,60000000.0,yes,no,yes,no,,,,,
604,The Matrix Reloaded,"Adventure, Action, Thriller, Science Fiction",2003-05-15,6.7,739412035.0,,150000000.0,yes,no,yes,yes,,,,,
10720,Down with Love,"Action, Comedy, Romance, Thriller",2003-05-08,6.1,39468111.0,,35000000.0,yes,no,yes,yes,,,,,
310,Bruce Almighty,"Fantasy, Comedy",2003-05-23,6.4,484592874.0,,80000000.0,yes,no,yes,no,,,,,
12,Finding Nemo,"Animation, Family",2003-05-30,7.6,871014978.0,,94000000.0,yes,no,no,no,,,,,
9654,The Italian Job,"Action, Crime",2003-05-30,6.6,176070171.0,,60000000.0,yes,yes,yes,yes,,,,,
584,2 Fast 2 Furious,"Action, Crime, Thriller",2003-06-05,6.2,236350661.0,,76000000.0,yes,yes,yes,no,,,,,
1088,Whale Rider,"Drama, Family",2003-01-30,7.1,41062976.0,,8000000.0,yes,yes,no,no,,,,,
11890,Oscar,"Action, Comedy, Thriller, Family",1991-04-26,6.2,,,35000000.0,yes,yes,yes,no,,,,,
290,Barton Fink,"Comedy, Drama",1991-08-01,7.4,,,9000000.0,yes,no,yes,yes,,,,,
2071,Shattered,"Mystery, Thriller",1991-10-11,6.1,,,22000000.0,yes,no,yes,no,,,,,
11375,Hollywood Homicide,"Action, Adventure, Comedy, Thriller",2003-06-09,5.0,51142659.0,,75000000.0,yes,no,yes,no,,,,,
17813,Alex & Emma,"Comedy, Romance",2003-06-16,5.0,15368897.0,,30000000.0,yes,yes,yes,no,,,,,
170,28 Days Later,"Horror, Thriller, Science Fiction",2002-10-31,7.1,82719885.0,,5000000.0,yes,yes,yes,no,,,,,
9471,Charlie's Angels: Full Throttle,"Action, Adventure, Comedy",2003-06-27,5.2,259175788.0,,120000000.0,yes,yes,yes,no,,,,,
33454,Scaramouche,"Action, Adventure, Drama",1952-05-08,6.9,,,3005000.0,yes,no,yes,no,,,,,
1927,Hulk,"Drama, Action, Science Fiction",2003-06-19,5.3,245285165.0,,137000000.0,yes,yes,yes,no,,,,,
10327,"Legally Blonde 2: Red, White & Blonde",Comedy,2003-07-02,5.2,124914842.0,,45000000.0,no,no,yes,no,,,,,
296,Terminator 3: Rise of the Machines,"Action, Thriller, Science Fiction",2003-07-02,5.9,433371112.0,,200000000.0,yes,no,yes,yes,,,,,
302,Swimming Pool,"Thriller, Crime",2003-05-18,6.5,22441497.0,,7800000.0,yes,yes,yes,yes,,,,,
22,Pirates of the Caribbean: The Curse of the Black Pearl,"Adventure, Fantasy, Action",2003-07-09,7.5,654264015.0,,140000000.0,yes,no,yes,no,,,,,
8698,The League of Extraordinary Gentlemen,"Fantasy, Action, Thriller, Science Fiction",2003-07-11,5.7,179265204.0,,78000000.0,yes,yes,yes,yes,,,,,
8961,Bad Boys II,"Adventure, Action, Comedy, Thriller, Crime",2003-07-18,6.3,273339556.0,,130000000.0,yes,yes,yes,no,,,,,
1996,Lara Croft Tomb Raider: The Cradle of Life,"Action, Adventure, Fantasy, Thriller",2003-07-21,5.5,,,95000000.0,yes,yes,yes,yes,,,,,
4464,Seabiscuit,"Drama, History",2003-07-22,6.8,148336445.0,,87000000.0,yes,no,yes,no,,,,,
430,"One, Two, Three","Comedy, Family",1961-12-15,7.6,,,3000000.0,yes,yes,no,no,,,,,
5185,The Private Life of Sherlock Holmes,"Adventure, Comedy, Crime, Mystery, Romance, Thriller",1970-10-29,6.9,,,10000000.0,yes,yes,yes,no,,,,,
8273,American Wedding,"Comedy, Romance",2003-08-01,6.0,232722935.0,,55000000.0,yes,no,yes,no,,,,,
8046,Gigli,Drama,2003-08-01,3.5,,,54000000.0,no,no,yes,no,,,,,
10330,Freaky Friday,Comedy,2003-08-03,6.0,160846332.0,,26000000.0,no,yes,yes,no,,,,,
9257,S.W.A.T.,"Action, Thriller, Crime",2003-08-08,5.8,207725639.0,,80000000.0,yes,yes,yes,no,,,,,
6466,Freddy vs. Jason,Horror,2003-08-15,5.8,116632628.0,,30000000.0,no,no,yes,yes,,,,,
2055,Open Range,Western,2003-08-29,7.0,68296293.0,,22000000.0,no,no,yes,no,,,,,
14926,Uptown Girls,Comedy,2003-08-15,6.1,44617342.0,,20000000.0,no,no,yes,no,,,,,
10923,Agent Cody Banks,Action,2003-03-14,5.0,58795814.0,,28000000.0,no,no,yes,yes,,,,,
18573,House of Wax,"Crime, Horror, Mystery",1953-04-10,7.0,68766121.0,,658000.0,yes,no,yes,no,,,,,
41759,Man's Best Friend,"Horror, Science Fiction, Thriller",1993-11-19,5.5,,,6000000.0,yes,yes,yes,no,,,,,
19053,Valley Girl,"Comedy, Romance",1983-04-08,6.2,,,350000.0,yes,no,yes,no,,,,,
11206,Wait Until Dark,"Horror, Crime, Thriller",1967-10-26,7.5,,,4000000.0,yes,no,no,no,,,,,
3055,Valley of the Dolls,"Music, Drama, Romance",1967-12-27,6.7,,,5000000.0,yes,no,no,no,,,,,
26198,The Keep,Horror,1983-12-16,5.9,4219430.0,,6000000.0,no,no,yes,no,,,,,
9362,Tremors,"Action, Horror",1990-01-19,6.6,16667790.0,,11000000.0,yes,no,yes,no,,,,,
12268,The Pink Panther Strikes Again,"Comedy, Mystery",1976-12-15,6.8,,,6000000.0,yes,yes,yes,yes,,,,,
10999,Commando,"Action, Adventure, Thriller",1985-10-03,6.4,35102457.0,,10000000.0,yes,no,yes,no,,,,,
11351,Jeepers Creepers 2,"Horror, Thriller",2003-08-08,5.5,63102666.0,,17000000.0,yes,no,yes,no,,,,,
1415,Party Monster,"Comedy, Drama, Crime",2003-09-05,5.9,,,5000000.0,yes,no,no,yes,,,,,
11547,Cabin Fever,Horror,2003-08-15,5.5,30553394.0,,1500000.0,no,no,yes,no,,,,,
7270,Matchstick Men,"Comedy, Drama, Crime, Thriller",2003-09-01,6.9,65565672.0,,62000000.0,yes,no,yes,no,,,,,
1428,Once Upon a Time in Mexico,Action,2003-09-11,6.2,98096026.0,,29000000.0,no,yes,yes,no,,,,,
153,Lost in Translation,Drama,2003-08-31,7.3,118685453.0,,4000000.0,no,yes,no,yes,,,,,
9584,Convoy,"Action, Comedy, Drama",1978-06-27,6.1,,,12000000.0,yes,no,yes,yes,,,,,
8408,Day of the Dead,"Horror, Science Fiction",1985-07-19,6.9,5001036.0,,3500000.0,yes,no,yes,yes,,,,,
14030,"Hello, Dolly!","Comedy, Family, Music, Romance",1969-12-12,6.6,,,24000000.0,yes,no,yes,no,,,,,
2687,Memoirs of an Invisible Man,"Comedy, Fantasy, Science Fiction",1992-02-28,5.7,,,40000000.0,yes,no,yes,yes,,,,,
16323,The Rose,"Drama, Music, Romance",1979-11-07,6.8,,,9250000.0,yes,no,no,no,,,,,
19064,Once Bitten,"Horror, Comedy, Romance",1985-11-15,5.3,,,3200000.0,yes,no,no,no,,,,,
22309,The Fighting Temptations,"Comedy, Music, Romance",2003-09-17,5.3,33972062.0,,15000000.0,yes,no,no,no,,,,,
277,Underworld,"Fantasy, Action, Thriller",2003-09-19,6.6,95708457.0,,22000000.0,yes,no,yes,yes,,,,,
10159,The Rundown,"Adventure, Action, Comedy, Thriller",2003-09-26,6.4,80657921.0,,85000000.0,yes,yes,yes,no,,,,,
10934,Under the Tuscan Sun,Romance,2003-04-30,6.4,58878723.0,,18000000.0,no,yes,yes,yes,,,,,
321,Mambo Italiano,"Comedy, Romance",2003-06-06,5.6,,,4361898.0,yes,yes,no,no,,,,,
891,All the President's Men,"Drama, History, Mystery, Thriller",1976-04-04,7.6,,,8500000.0,yes,yes,yes,no,,,,,
10881,Avalon,"Action, Science Fiction",2001-01-20,6.8,,,8000000.0,yes,no,yes,yes,,,,,
650,Boyz n the Hood,"Crime, Drama",1991-07-12,7.4,57504719.0,,6500000.0,yes,no,no,no,,,,,
10337,Bugsy,"Drama, Crime",1991-12-10,6.0,,,30000000.0,yes,no,yes,no,,,,,
37753,Consenting Adults,"Crime, Drama, Mystery",1992-10-16,5.6,,,18000000.0,yes,yes,yes,no,,,,,
11046,Where Eagles Dare,"Adventure, Drama, Action, History, War",1968-12-04,7.4,,,7700000.0,yes,yes,yes,yes,,,,,
7442,Sleeping with the Enemy,"Drama, Crime, Thriller",1991-02-08,6.1,,,19000000.0,yes,yes,no,no,,,,,
6723,The Rookie,"Action, Crime, Drama, Thriller",1990-12-06,5.6,80693537.0,,10000000.0,yes,no,yes,no,,,,,
16969,City Heat,"Action, Comedy, Crime",1984-12-05,5.1,,,25000000.0,yes,no,yes,no,,,,,
11338,Into the Night,"Comedy, Drama, Thriller",1985-02-15,6.4,,,11400000.0,yes,no,no,no,,,,,
41780,A Rage in Harlem,"Crime, Comedy",1991-05-03,5.8,,,8000000.0,yes,no,yes,yes,,,,,
25269,Article 99,"Comedy, Drama",1992-03-13,5.5,,,18000000.0,yes,no,no,no,,,,,
88641,There Goes My Baby,"Drama, Comedy",1994-09-02,8.5,,,10500000.0,yes,no,no,no,,,,,
30315,Kingdom of the Spiders,"Horror, Science Fiction",1977-08-24,5.6,,,500000.0,yes,no,no,no,,,,,
18900,In Cold Blood,"Crime, Drama",1967-12-14,7.4,,,3500000.0,yes,no,yes,no,,,,,
21219,Mobsters,"Drama, Action, Thriller, Crime",1991-07-26,5.7,,,23000000.0,yes,yes,no,no,,,,,
2116,Out of Time,"Thriller, Crime, Drama",2003-10-03,6.1,55495563.0,,50000000.0,yes,no,yes,no,,,,,
1584,School of Rock,"Comedy, Music",2003-10-03,6.8,131095614.0,,35000000.0,yes,no,yes,yes,,,,,
4997,Wonderland,"Crime, Drama, Mystery, Thriller",2003-10-23,6.2,,,5000000.0,yes,no,no,yes,,,,,
322,Mystic River,"Thriller, Crime, Drama, Mystery",2003-10-07,7.6,156595191.0,,25000000.0,yes,no,yes,no,,,,,
11059,House of the Dead,"Horror, Action, Thriller",2003-04-11,2.8,13818181.0,,7000000.0,yes,no,yes,yes,,,,,
11775,Intolerable Cruelty,"Crime, Comedy, Romance",2003-09-02,5.8,120801243.0,,60000000.0,yes,yes,yes,no,,,,,
24,Kill Bill: Vol. 1,"Action, Crime",2003-10-10,7.7,180899045.0,,30000000.0,yes,yes,yes,no,,,,,
11329,Runaway Jury,"Drama, Thriller",2003-10-09,6.9,80154140.0,,60000000.0,yes,yes,yes,no,,,,,
9373,The Texas Chainsaw Massacre,Horror,2003-10-17,6.1,107071655.0,,9500000.0,no,no,yes,no,,,,,
28200,Sylvia,"Drama, Romance",2003-10-17,5.6,,,7000000.0,yes,no,no,no,,,,,
10629,Veronica Guerin,"Drama, Crime, Thriller",2003-07-11,6.8,9439660.0,,17000000.0,yes,no,yes,yes,,,,,
13920,Radio,Drama,2003-10-24,6.8,53293628.0,,32000000.0,no,no,yes,no,,,,,
13537,Shattered Glass,"Drama, History",2003-11-14,6.6,,,6000000.0,yes,yes,yes,yes,,,,,
605,The Matrix Revolutions,"Adventure, Action, Thriller, Science Fiction",2003-11-05,6.4,427343298.0,,150000000.0,yes,yes,yes,yes,,,,,
10719,Elf,"Comedy, Family, Fantasy",2003-10-09,6.4,220443451.0,,32000000.0,yes,no,yes,yes,,,,,
508,Love Actually,"Comedy, Romance, Drama",2003-09-07,7.0,244931766.0,,40000000.0,yes,yes,yes,yes,,,,,
10715,Looney Tunes: Back in Action,"Animation, Comedy, Family",2003-11-14,5.6,68514844.0,,80000000.0,yes,no,yes,yes,,,,,
8619,Master and Commander: The Far Side of the World,Adventure,2003-11-14,6.9,211622535.0,,150000000.0,no,yes,yes,no,,,,,
21525,Tupac: Resurrection,"Music, Documentary",2003-01-23,8.0,,,300000.0,yes,no,yes,no,,,,,
4970,Gothika,"Horror, Thriller",2003-11-21,5.8,141591324.0,,40000000.0,yes,no,yes,no,,,,,
470,21 Grams,"Drama, Crime, Thriller",2003-09-06,7.2,60427839.0,,20000000.0,yes,no,yes,no,,,,,
10147,Bad Santa,"Drama, Comedy, Crime",2003-11-26,6.4,76488889.0,,23000000.0,yes,no,yes,yes,,,,,
9562,Timeline,"Action, Adventure, Science Fiction",2003-11-26,5.4,43935763.0,,80000000.0,yes,yes,yes,no,,,,,
9556,Darkman,"Action, Science Fiction, Crime",1990-08-24,6.2,,,16000000.0,yes,no,yes,no,,,,,
10952,New Jack City,"Thriller, Crime, Drama",1991-03-08,6.3,,,8500000.0,yes,no,yes,no,,,,,
860,WarGames,"Thriller, Science Fiction",1983-06-03,7.0,,,12000000.0,yes,no,yes,no,,,,,
31510,Ben-Hur: A Tale of the Christ,"Adventure, Drama",1925-12-30,7.3,,,3900000.0,yes,no,no,no,,,,,
5143,Hannah and Her Sisters,"Comedy, Drama",1986-02-07,7.6,,,6400000.0,yes,no,no,no,,,,,
8010,Highlander II: The Quickening,"Action, Fantasy, Science Fiction",1991-01-30,4.5,,,30000000.0,yes,no,no,yes,,,,,
9292,Hudson Hawk,"Action, Adventure, Comedy",1991-05-23,5.4,,,65000000.0,yes,yes,yes,no,,,,,
11850,Invasion of the Body Snatchers,"Horror, Mystery, Science Fiction, Thriller",1978-12-19,7.1,24947762.0,,3500000.0,yes,yes,yes,no,,,,,
951,Kindergarten Cop,Comedy,1990-12-21,5.8,,,15000000.0,no,yes,yes,no,,,,,
9319,The Last Boy Scout,"Action, Thriller",1991-12-11,6.5,,,29000000.0,yes,no,yes,no,,,,,
2612,Mr. Destiny,"Fantasy, Comedy, Science Fiction, Romance",1990-10-12,6.1,,,20000000.0,yes,yes,no,no,,,,,
1825,Over the Top,"Action, Drama",1987-02-13,5.7,,,25000000.0,yes,no,yes,no,,,,,
11092,Presumed Innocent,"Drama, Thriller, Crime, Mystery",1990-07-26,6.6,,,22000000.0,yes,no,yes,no,,,,,
18410,Project X,Drama,1987-04-17,6.2,102731865.0,,18000000.0,no,no,yes,no,,,,,
19065,Pure Luck,"Comedy, Crime, Mystery",1991-08-09,5.5,,,17010000.0,yes,no,yes,no,,,,,
20763,Radio Flyer,Drama,1992-02-21,6.6,,,35000000.0,no,no,yes,no,,,,,
10021,The Secret of My Success,Comedy,1987-04-10,6.2,,,12000000.0,no,no,no,no,,,,,
14746,Streets of Fire,"Action, Thriller, Music",1984-06-01,6.6,8089767.0,,14500000.0,yes,no,no,no,,,,,
483,Wild at Heart,"Comedy, Crime, Thriller",1990-05-01,7.0,14564934.0,,9500000.0,yes,no,no,no,,,,,
11018,Year of the Dragon,"Action, Crime, Drama, Thriller",1985-08-16,6.5,,,24000000.0,yes,no,yes,no,,,,,
43875,Mary of Scotland,"Drama, History",1936-08-28,6.6,,,864000.0,yes,no,no,no,,,,,
20325,Swing Time,"Comedy, Music, Romance",1936-08-27,7.1,,,886000.0,yes,no,no,no,,,,,
898,Birdman of Alcatraz,Drama,1962-07-03,7.0,,,2650000.0,no,no,no,no,,,,,
3089,Red River,Western,1948-08-26,7.3,,,3000000.0,no,yes,yes,no,,,,,
995,Stagecoach,"Adventure, Western",1939-03-02,7.6,,,531374.0,yes,no,no,no,,,,,
916,Bullitt,"Action, Crime, Drama, Thriller",1968-10-17,7.0,,,5500000.0,yes,no,yes,no,,,,,
15927,A Passage to India,"Drama, Adventure, History",1984-12-14,6.8,,,8000000.0,yes,yes,yes,yes,,,,,
70881,Anna Karenina,"Drama, Romance",1935-08-30,6.6,68929150.0,,1152000.0,yes,no,no,no,,,,,
10023,Dragnet,"Action, Comedy, Crime",1987-06-25,5.7,,,20000000.0,yes,no,no,no,,,,,
11519,1941,"Action, Comedy",1979-12-13,5.6,,,35000000.0,yes,yes,yes,no,,,,,
11811,Leprechaun,"Comedy, Horror, Thriller",1993-01-08,5.1,,,900000.0,yes,yes,no,no,,,,,
48129,Run,"Action, Thriller, Drama",1991-02-01,5.5,,,16000000.0,yes,no,yes,no,,,,,
10028,Honey,"Romance, Music, Family",2003-11-24,6.0,62228395.0,,18000000.0,yes,no,yes,no,,,,,
616,The Last Samurai,"Drama, Action, War, History",2003-12-05,7.3,454627263.0,,140000000.0,yes,yes,yes,yes,,,,,
587,Big Fish,"Adventure, Fantasy, Drama",2003-12-25,7.6,123218424.0,,70000000.0,yes,no,yes,no,,,,,
6964,Something's Gotta Give,"Drama, Comedy, Romance",2003-12-12,6.3,265328738.0,,80000000.0,yes,yes,yes,no,,,,,
1792,Stuck on You,Comedy,2003-12-10,5.1,65784503.0,,55000000.0,no,no,yes,no,,,,,
8696,Calendar Girls,Comedy,2003-09-02,6.6,93400759.0,,10000000.0,no,no,yes,no,,,,,
11093,House of Sand and Fog,Drama,2003-12-19,7.0,16763804.0,,16500000.0,no,yes,yes,no,,,,,
504,Monster,"Crime, Drama",2003-11-16,7.0,58469210.0,,8000000.0,yes,no,no,no,,,,,
11007,Cheaper by the Dozen,Comedy,2003-12-24,6.0,190212113.0,,40000000.0,no,no,yes,no,,,,,
2289,Cold Mountain,Drama,2003-12-24,6.7,173013509.0,,79000000.0,no,no,yes,yes,,,,,
9620,Paycheck,"Action, Adventure, Mystery, Science Fiction, Thriller",2003-12-25,5.9,117248958.0,,60000000.0,yes,no,yes,yes,,,,,
10601,Peter Pan,"Adventure, Fantasy, Family",2003-12-25,6.9,121975011.0,,100000000.0,yes,no,yes,yes,,,,,
5966,Along Came Polly,"Comedy, Romance",2004-01-16,5.8,178311729.0,,42000000.0,yes,no,yes,no,,,,,
11034,The Great Gatsby,"Drama, Romance",1974-03-27,6.2,353641895.0,,6500000.0,yes,no,no,no,,,,,
15797,Only the Strong,Action,1993-08-27,6.8,,,6000000.0,no,no,yes,no,,,,,
9548,The Adventures of Ford Fairlane,"Action, Comedy, Thriller, Crime, Mystery",1990-07-11,6.2,,,49000000.0,yes,no,yes,no,,,,,
14239,Cool World,"Animation, Comedy, Fantasy",1992-07-10,4.9,,,30000000.0,yes,yes,yes,no,,,,,
55448,Money for Nothing,"Drama, Action, Comedy, Thriller, Crime",1993-09-10,5.1,,,11000000.0,yes,no,no,no,,,,,
1954,The Butterfly Effect,"Science Fiction, Thriller",2004-01-22,7.3,96693417.0,,13000000.0,yes,no,yes,yes,,,,,
13476,Win a Date with Tad Hamilton!,"Comedy, Romance",2004-01-23,5.5,21513434.0,,17000000.0,yes,no,no,no,,,,,
15708,Latter Days,"Drama, Comedy, Romance",2003-07-10,6.8,,,850000.0,yes,no,no,no,,,,,
21301,Barbershop 2:  Back in Business,"Comedy, Drama",2004-01-20,5.7,,,18000000.0,yes,no,no,no,,,,,
20483,Catch That Kid,"Family, Action, Adventure",2004-02-06,5.0,16951702.0,,18000000.0,yes,no,yes,no,,,,,
14292,Miracle,"Drama, History",2004-02-06,7.0,64445708.0,,28000000.0,yes,no,no,no,,,,,
1278,The Dreamers,"Drama, Romance",2003-09-01,7.2,15121165.0,,15000000.0,yes,yes,yes,yes,,,,,
29473,Let's Do It Again,"Comedy, Action, Crime",1975-10-11,7.7,,,70000.0,yes,no,yes,no,,,,,
11023,Thirteen,"Crime, Drama",2003-08-20,6.6,10128960.0,,2000000.0,yes,yes,yes,no,,,,,
35227,Foolish Wives,Drama,1922-01-11,6.4,,,1100000.0,no,no,no,no,,,,,
1824,50 First Dates,"Comedy, Romance",2004-02-13,6.6,198413428.0,,75000000.0,yes,no,yes,no,,,,,
11951,Vanishing Point,"Action, Thriller, Drama",1971-01-15,7.1,,,1300000.0,yes,no,yes,no,,,,,
28963,The Thief of Bagdad,"Action, Adventure, Drama, Family, Fantasy",1924-03-18,7.4,,,1135654.0,yes,no,no,no,,,,,
9838,King Solomon's Mines,"Action, Adventure, Comedy",1985-03-20,5.0,,,12500000.0,yes,no,yes,no,,,,,
2099,Raw Deal,"Action, Crime, Thriller",1986-06-06,5.5,,,8500000.0,yes,no,yes,no,,,,,
9352,EuroTrip,Comedy,2004-02-20,6.5,22605153.0,,25000000.0,no,yes,yes,no,,,,,
615,The Passion of the Christ,Drama,2004-02-25,6.9,611490759.0,,30000000.0,no,yes,yes,no,,,,,
11217,Club Dread,"Comedy, Horror",2004-02-27,5.1,,,8500000.0,yes,no,yes,no,,,,,
13572,Twisted,"Action, Adventure, Crime, Drama, Thriller",2004-02-27,5.3,40954603.0,,50000000.0,yes,yes,yes,yes,,,,,
338,"Good bye, Lenin!","Comedy, Drama, Romance",2003-02-09,7.4,,,4800000.0,yes,no,yes,no,,,,,
2023,Hidalgo,"Western, Adventure",2004-03-05,6.5,108040622.0,,100000000.0,yes,no,yes,yes,,,,,
9384,Starsky & Hutch,"Comedy, Crime",2004-03-05,5.6,170268750.0,,60000000.0,yes,yes,yes,no,,,,,
17047,Agent Cody Banks 2: Destination London,Comedy,2004-06-24,5.2,28818995.0,,26000000.0,no,no,yes,no,,,,,
10591,The Girl Next Door,Comedy,2004-04-09,6.3,30381722.0,,25000000.0,no,no,yes,no,,,,,
1586,Secret Window,"Thriller, Mystery",2004-03-12,6.4,92913171.0,,40000000.0,yes,no,yes,no,,,,,
11169,Spartan,"Mystery, Action, Drama, Thriller, Crime",2004-03-12,6.3,,,19250000.0,yes,yes,yes,yes,,,,,
924,Dawn of the Dead,"Fantasy, Horror, Action",2004-03-19,6.8,102278712.0,,28000000.0,yes,yes,yes,no,,,,,
38,Eternal Sunshine of the Spotless Mind,"Science Fiction, Drama, Romance",2004-03-19,7.9,73391488.0,,20000000.0,yes,no,yes,no,,,,,
11081,Taking Lives,"Action, Crime, Mystery, Thriller",2004-03-19,6.0,65470529.0,,45000000.0,yes,no,yes,no,,,,,
16941,Intermission,"Romance, Action, Comedy, Crime, Mystery, Drama",2003-08-29,6.4,,,5000000.0,yes,no,yes,yes,,,,,
9541,Jersey Girl,"Comedy, Romance",2004-03-25,5.8,35492921.0,,35000000.0,yes,no,yes,no,,,,,
553,Dogville,"Crime, Drama, Thriller",2003-05-19,7.6,16680836.0,,10000000.0,yes,no,yes,yes,,,,,
1487,Hellboy,"Fantasy, Action, Science Fiction",2004-04-02,6.5,99318987.0,,66000000.0,yes,yes,yes,no,,,,,
10733,The Alamo,"Western, History, War",2004-04-07,5.8,25819961.0,,145000000.0,yes,yes,yes,no,,,,,
14442,Ella Enchanted,"Family, Fantasy, Comedy",2004-04-09,5.9,27388767.0,,31000000.0,yes,no,yes,yes,,,,,
2122,The Whole Ten Yards,"Comedy, Thriller, Crime",2004-04-07,5.5,26170671.0,,40000000.0,yes,yes,yes,no,,,,,
923,Dawn of the Dead,Horror,1978-09-02,7.4,102278712.0,,650000.0,no,no,yes,yes,,,,,
10338,Those Magnificent Men in Their Flying Machines or How I Flew from London to Paris in 25 hours 11 minutes,"Action, Adventure, Comedy",1965-06-03,6.4,,,5600000.0,yes,yes,no,no,,,,,
10843,After Hours,"Comedy, Thriller, Drama",1985-09-13,7.4,10610608.0,,4500000.0,yes,no,yes,no,,,,,
15673,Connie and Carla,"Music, Comedy, Crime",2004-04-16,6.4,11341016.0,,20000000.0,yes,no,yes,no,,,,,
393,Kill Bill: Vol. 2,"Action, Crime, Thriller",2004-04-16,7.7,154116796.0,,30000000.0,yes,yes,yes,no,,,,,
7220,The Punisher,"Action, Crime, Drama",2004-04-15,6.1,54700105.0,,33000000.0,yes,no,yes,yes,,,,,
237,Young Adam,"Drama, Thriller, Crime, Romance",2003-09-26,5.9,,,6400000.0,yes,no,no,yes,,,,,
10096,13 Going on 30,"Comedy, Fantasy, Romance",2004-04-13,6.3,96455697.0,,37000000.0,yes,yes,yes,no,,,,,
9509,Man on Fire,"Action, Drama, Thriller, Crime",2004-04-23,7.3,130834852.0,,70000000.0,yes,yes,yes,yes,,,,,
11058,Godsend,"Drama, Horror, Science Fiction, Thriller",2004-04-30,4.7,30120671.0,,25000000.0,yes,no,yes,yes,,,,,
11141,Laws of Attraction,"Action, Comedy, Romance, Thriller",2004-04-04,5.6,30031874.0,,28000000.0,yes,no,yes,yes,,,,,
10625,Mean Girls,Comedy,2004-04-30,6.9,130135759.0,,17000000.0,no,yes,yes,no,,,,,
7131,Van Helsing,"Horror, Adventure, Action",2004-05-05,6.0,300157638.0,,160000000.0,yes,yes,yes,yes,,,,,
652,Troy,"Adventure, Drama, War",2004-05-13,6.9,497409852.0,,175000000.0,yes,no,yes,yes,,,,,
10375,D-Tox,"Action, Thriller",2002-01-04,5.4,,,55000000.0,yes,no,no,no,,,,,
11864,Enemy Mine,"Drama, Science Fiction",1985-12-12,6.7,,,40000000.0,yes,no,yes,no,,,,,
9461,Enter the Dragon,"Action, Crime, Thriller",1973-08-17,7.3,,,850000.0,yes,yes,yes,yes,,,,,
667,You Only Live Twice,"Action, Thriller, Adventure",1967-06-12,6.5,,,9500000.0,yes,yes,no,no,,,,,
700,Octopussy,"Adventure, Action, Thriller",1983-06-05,6.2,67917359.0,,27500000.0,yes,yes,no,yes,,,,,
36670,Never Say Never Again,"Adventure, Action, Thriller",1983-10-07,5.8,55433185.0,,36000000.0,yes,yes,yes,yes,,,,,
294,Desert Hearts,"Drama, Romance",1985-10-01,6.7,2492496.0,,350000.0,yes,no,yes,no,,,,,
11507,Body Double,"Crime, Mystery, Horror, Thriller",1984-10-25,6.4,8803117.0,,10000000.0,yes,no,yes,no,,,,,
1162,The Miracle Worker,Drama,1962-05-22,7.5,,,500000.0,no,no,no,no,,,,,
13937,Raising Cain,"Drama, Horror, Thriller, Crime",1992-08-07,5.9,,,12000000.0,yes,no,yes,no,,,,,
26670,Noises Off...,Comedy,1992-03-20,7.0,,,12000000.0,no,no,yes,no,,,,,
988,The China Syndrome,"Thriller, Drama",1979-03-16,7.0,,,5900000.0,yes,no,yes,no,,,,,
9624,On Deadly Ground,"Action, Thriller",1994-02-18,4.6,,,50000000.0,yes,yes,no,no,,,,,
44807,Forever Fever,"Comedy, Music, Romance, Foreign",1998-05-28,5.1,,,1070000.0,yes,no,yes,no,,,,,
9872,Explorers,"Adventure, Family, Fantasy, Romance, Science Fiction",1985-07-12,6.2,,,25000000.0,yes,yes,no,no,,,,,
11474,The Warriors,"Action, Adventure, Crime, Drama, Thriller",1979-02-08,7.4,22494655.0,,4000000.0,yes,no,no,no,,,,,
33157,Waterloo,"History, Action, Drama",1970-10-26,7.1,,,25000000.0,yes,yes,yes,yes,,,,,
11577,Pat Garrett & Billy the Kid,Western,1973-05-23,7.2,,,4638783.0,no,no,no,no,,,,,
23330,The Ballad of Cable Hogue,"Action, Comedy, Western",1970-05-13,6.9,,,3716946.0,yes,no,no,no,,,,,
25598,The Indian Runner,Drama,1991-05-19,6.2,,,7000000.0,no,no,yes,yes,,,,,
14703,The Night of the Iguana,"Drama, Romance",1964-08-06,6.9,,,3000000.0,yes,yes,yes,no,,,,,
20481,Nightbreed,"Action, Drama, Fantasy, Horror",1990-02-16,6.4,9469695.0,,11000000.0,yes,no,yes,no,,,,,
7090,Ken Park,Drama,2002-08-31,5.7,,,1300000.0,no,no,yes,yes,,,,,
5902,A Bridge Too Far,"Drama, History, War",1977-06-15,7.0,,,22000000.0,yes,yes,yes,yes,,,,,
10690,Space Truckers,"Comedy, Science Fiction, Thriller, Adventure",1996-03-01,5.6,,,25000000.0,yes,no,yes,yes,,,,,
5916,The Getaway,"Action, Crime, Thriller",1972-12-13,7.0,,,3352254.0,yes,no,yes,no,,,,,
203,Mean Streets,"Drama, Crime",1973-10-02,7.2,,,500000.0,yes,yes,no,no,,,,,
26268,Harper,"Action, Drama, Thriller, Crime, Mystery",1966-02-23,6.3,,,3500000.0,yes,no,no,no,,,,,
25853,Dahmer,"Drama, Horror",2002-06-21,5.2,,,250000.0,yes,yes,yes,no,,,,,
68430,Paradise,"Drama, Family, Romance",1991-09-18,5.6,,,34000000.0,yes,no,yes,no,,,,,
29146,Charly,"Drama, Romance, Science Fiction",1968-09-23,6.6,,,950000.0,yes,no,yes,no,,,,,
5722,Beyond the Valley of the Dolls,"Comedy, Drama, Thriller",1970-07-17,6.6,,,2090000.0,yes,no,no,no,,,,,
31526,Queen Christina,"Drama, History, Romance",1933-12-26,6.8,,,1114000.0,yes,yes,no,no,,,,,
13763,Purple Rain,"Drama, Music, Romance",1984-07-27,6.6,68399897.0,,7200000.0,yes,no,yes,no,,,,,
15573,The Cowboys,"Action, Adventure, Drama, Western",1972-01-13,7.0,,,6000000.0,yes,no,yes,no,,,,,
10178,The Caine Mutiny,"Drama, War",1954-06-24,7.2,,,2000000.0,yes,no,no,no,,,,,
10734,Escape from Alcatraz,"Crime, Drama",1979-06-22,7.3,,,8000000.0,yes,no,yes,no,,,,,
809,Shrek 2,"Adventure, Animation, Comedy, Family, Fantasy",2004-05-19,6.7,928974162.0,,150000000.0,yes,no,yes,no,,,,,
435,The Day After Tomorrow,"Action, Adventure, Science Fiction, Thriller",2004-05-26,6.2,552639571.0,,125000000.0,yes,yes,yes,no,,,,,
4599,Raising Helen,"Drama, Comedy, Romance",2004-05-27,5.9,49718611.0,,50000000.0,yes,no,yes,no,,,,,
673,Harry Potter and the Prisoner of Azkaban,"Adventure, Fantasy, Family",2004-05-31,7.7,795634069.0,,130000000.0,yes,no,yes,yes,,,,,
16617,Mindhunters,"Mystery, Thriller, Crime",2004-05-07,6.3,21148829.0,,27000000.0,yes,no,yes,yes,,,,,
2789,The Chronicles of Riddick,"Action, Science Fiction",2004-06-11,6.3,115900534.0,,105000000.0,yes,no,yes,no,,,,,
9890,The Stepford Wives,"Action, Comedy, Science Fiction",2004-06-10,5.4,103370127.0,,90000000.0,yes,no,yes,no,,,,,
8193,Napoleon Dynamite,Comedy,2004-06-11,6.7,46118097.0,,400000.0,no,no,yes,no,,,,,
47821,City of Joy,Drama,1992-04-15,6.3,,,27000000.0,no,no,yes,yes,,,,,
26142,The Doctor,Drama,1991-07-24,6.6,,,12000000.0,no,no,no,no,,,,,
27017,For Me and My Gal,"Drama, Music, Romance",1942-10-21,6.2,,,802000.0,yes,yes,no,no,,,,,
52959,Star!,"Drama, Music, Romance",1968-07-18,6.0,,,14320000.0,yes,no,yes,no,,,,,
42345,The Molly Maguires,"Drama, History",1970-01-27,5.9,,,11000000.0,yes,no,yes,no,,,,,
18712,Sands of Iwo Jima,"Action, Drama, History, War",1949-12-14,6.2,,,1000000.0,yes,no,no,no,,,,,
9372,Super Size Me,"Documentary, Comedy, Drama",2004-01-17,6.6,20645757.0,,65000.0,yes,no,no,no,,,,,
44695,The Born Losers,"Action, Drama",1967-08-18,5.3,,,360000.0,yes,no,yes,no,,,,,
9542,The Hitcher,"Action, Horror, Thriller",1986-02-21,6.9,25399945.0,,6000000.0,yes,no,yes,no,,,,,
17820,Show Boat,"Music, Romance",1951-07-13,6.9,,,2300000.0,yes,no,no,no,,,,,
10204,Around the World in 80 Days,"Action, Adventure, Comedy",2004-06-16,5.7,72178895.0,,110000000.0,yes,yes,yes,yes,,,,,
9472,DodgeBall: A True Underdog Story,Comedy,2004-06-18,6.2,,,20000000.0,no,yes,yes,yes,,,,,
594,The Terminal,"Comedy, Drama",2004-06-17,7.1,218685607.0,,60000000.0,yes,yes,yes,no,,,,,
12153,White Chicks,Comedy,2004-06-23,6.3,113086475.0,,37000000.0,no,no,yes,no,,,,,
11036,The Notebook,"Romance, Drama",2004-06-25,7.7,118099703.0,,29000000.0,yes,no,no,no,,,,,
26520,Bob & Carol & Ted & Alice,"Comedy, Drama",1969-09-17,6.2,,,2000000.0,yes,no,yes,no,,,,,
10448,Rapa Nui,Adventure,1994-09-09,6.2,,,20000000.0,no,no,yes,no,,,,,
16136,Juice,"Action, Crime, Drama, Thriller",1992-01-17,7.0,20147225.0,,5000000.0,yes,no,no,no,,,,,
10780,Overboard,"Comedy, Romance",1987-12-16,6.7,91244913.0,,1880006.0,yes,yes,yes,no,,,,,
54022,Search and Destroy,"Action, Comedy, Drama, Thriller",1995-01-01,6.1,,,4000000.0,yes,no,yes,no,,,,,
22094,Hard Times,Drama,1975-09-04,6.7,,,2700000.0,no,no,no,no,,,,,
11884,The Last Starfighter,"Adventure, Science Fiction, Action",1984-07-13,6.5,28735229.0,,15000000.0,yes,no,yes,no,,,,,
558,Spider-Man 2,"Action, Adventure, Fantasy",2004-06-25,6.7,783766341.0,,200000000.0,yes,yes,yes,no,,,,,
9477,King Arthur,"Adventure, War, History",2004-07-07,6.1,203567857.0,,120000000.0,yes,yes,yes,yes,,,,,
8699,Anchorman: The Legend of Ron Burgundy,Comedy,2004-07-09,6.7,90650474.0,,26000000.0,no,no,no,no,,,,,
11247,A Cinderella Story,Comedy,2004-07-10,6.1,70080371.0,,19000000.0,no,yes,yes,yes,,,,,
2048,"I, Robot","Action, Science Fiction",2004-07-15,6.7,353133898.0,,120000000.0,yes,no,yes,yes,,,,,
11897,How the West Was Won,"History, Western, Adventure",1962-11-01,6.6,,,15000000.0,yes,yes,no,no,,,,,
2502,The Bourne Supremacy,"Action, Drama, Thriller",2004-07-23,7.2,290633422.0,,75000000.0,yes,yes,yes,yes,,,,,
314,Catwoman,"Action, Crime",2004-07-22,4.2,82402379.0,,100000000.0,yes,yes,yes,no,,,,,
18923,A Home at the End of the World,"Romance, Drama",2004-07-23,6.8,,,6500000.0,yes,no,yes,no,,,,,
5228,Stay Hungry,"Comedy, Drama",1976-04-23,5.8,,,5000000.0,yes,no,yes,no,,,,,
39209,Shalako,Western,1968-11-06,5.4,,,1455000.0,no,yes,yes,yes,,,,,
19051,The New Adventures of Pippi Longstocking,"Fantasy, Adventure, Family",1988-07-06,5.8,,,5000000.0,yes,no,no,yes,,,,,
14462,The Manchurian Candidate,"Drama, Thriller, Mystery",2004-07-30,6.2,96105910.0,,80000000.0,yes,no,yes,no,,,,,
6947,The Village,"Drama, Mystery, Thriller",2004-07-30,6.2,256697520.0,,60000000.0,yes,no,yes,no,,,,,
401,Garden State,"Comedy, Drama, Romance",2004-07-28,7.1,35825316.0,,2500000.0,yes,no,yes,no,,,,,
1538,Collateral,"Drama, Crime, Thriller",2004-08-04,7.0,220239925.0,,65000000.0,yes,yes,yes,no,,,,,
14846,Little Black Book,"Comedy, Romance, Drama",2004-08-06,5.2,22035509.0,,35000000.0,yes,no,yes,no,,,,,
11130,The Princess Diaries 2: Royal Engagement,"Comedy, Drama, Family, Romance",2004-08-06,6.0,134734481.0,,40000000.0,yes,no,no,no,,,,,
395,AVP: Alien vs. Predator,"Adventure, Science Fiction, Action",2004-08-12,5.6,,,70000000.0,yes,yes,yes,yes,,,,,
11052,Yu-Gi-Oh! The Movie,"Adventure, Fantasy, Animation, Action, Comedy, Thriller, Science Fiction, Family",2004-08-13,5.4,,,20000000.0,yes,no,yes,yes,,,,,
23601,We Don't Live Here Anymore,"Drama, Romance",2004-01-20,5.8,,,3000000.0,yes,no,yes,yes,,,,,
10762,Without a Paddle,"Action, Adventure, Comedy, Thriller",2004-08-20,5.3,73029190.0,,19000000.0,yes,no,yes,no,,,,,
11026,Exorcist: The Beginning,"Horror, Mystery, Thriller",2004-08-20,4.7,78110021.0,,80000000.0,yes,no,yes,no,,,,,
11237,Anacondas: The Hunt for the Blood Orchid,"Adventure, Action, Horror, Science Fiction, Thriller",2004-08-26,4.9,70992898.0,,20000000.0,yes,yes,yes,no,,,,,
8080,Suspect Zero,"Crime, Thriller",2004-08-27,5.5,11416075.0,,27000000.0,yes,no,yes,yes,,,,,
11632,Vanity Fair,"Drama, Romance",2004-09-01,5.5,19463185.0,,23000000.0,yes,yes,yes,yes,,,,,
11208,Wicker Park,"Drama, Mystery, Romance, Thriller",2004-09-03,6.7,21568818.0,,30000000.0,yes,no,yes,no,,,,,
24924,Night of the Demons,Horror,1988-10-14,6.1,,,1200000.0,no,yes,yes,no,,,,,
9759,Cellular,"Action, Adventure, Crime, Thriller",2004-09-06,6.1,57678321.0,,25000000.0,yes,no,no,yes,,,,,
1577,Resident Evil: Apocalypse,"Horror, Action, Science Fiction",2004-09-10,6.1,129342769.0,,45000000.0,yes,no,yes,yes,,,,,
16232,Mr. 3000,"Comedy, Drama",2004-06-15,5.0,21839377.0,,30000000.0,yes,no,no,no,,,,,
5137,Sky Captain and the World of Tomorrow,"Mystery, Action, Thriller, Science Fiction, Adventure",2004-09-17,5.7,57947036.0,,70000000.0,yes,yes,yes,yes,,,,,
11823,Wimbledon,"Comedy, Romance",2004-09-13,6.0,41682237.0,,31000000.0,yes,no,no,yes,,,,,
10145,The Forgotten,"Crime, Drama, Horror, Mystery, Science Fiction, Thriller",2004-09-24,5.5,117592831.0,,42000000.0,yes,no,yes,no,,,,,
747,Shaun of the Dead,"Horror, Comedy",2004-04-09,7.5,30039392.0,,4000000.0,yes,no,yes,yes,,,,,
12707,Orca: The Killer Whale,"Drama, Adventure, Horror",1977-07-22,5.5,,,6000000.0,yes,no,no,no,,,,,
1492,1492: Conquest of Paradise,"Action, Adventure, Drama, History",1992-10-09,6.1,,,47000000.0,yes,no,yes,yes,,,,,
10555,Shark Tale,"Animation, Action, Comedy, Family",2004-09-20,5.8,374583879.0,,75000000.0,yes,no,yes,no,,,,,
11128,Ladder 49,"Drama, Action, Thriller",2004-10-01,6.2,100572044.0,,60000000.0,yes,no,yes,no,,,,,
14024,Raise Your Voice,"Music, Drama, Romance",2004-08-10,6.0,14867514.0,,15000000.0,yes,yes,yes,no,,,,,
11045,Taxi,"Thriller, Action, Comedy, Crime",2004-10-06,4.8,,,25000000.0,yes,yes,yes,yes,,,,,
4380,Shall We Dance?,"Drama, Romance, Comedy",2004-10-15,5.9,170128460.0,,50000000.0,yes,no,no,no,,,,,
3989,Team America: World Police,"Music, Adventure, Animation, Action, Comedy",2004-10-10,6.6,50826898.0,,32000000.0,yes,yes,yes,yes,,,,,
21241,Cannonball,Action,1976-07-06,5.7,,,780000.0,no,yes,yes,yes,,,,,
13416,Friday Night Lights,Drama,2004-10-08,7.0,61950770.0,,30000000.0,no,yes,yes,no,,,,,
15566,Surviving Christmas,"Comedy, Romance",2004-09-21,5.1,15125687.0,,45000000.0,yes,no,yes,no,,,,,
1970,The Grudge,"Horror, Mystery, Thriller",2004-10-22,5.8,187281115.0,,10000000.0,yes,yes,yes,yes,,,,,
8849,Alfie,Comedy,2004-10-22,5.5,35060882.0,,60000000.0,no,no,yes,yes,,,,,
9675,Sideways,"Comedy, Drama, Romance",2004-10-22,6.9,109706931.0,,16000000.0,yes,yes,yes,no,,,,,
4553,The Machinist,"Thriller, Drama",2004-02-09,7.3,,,5000000.0,yes,no,yes,yes,,,,,
176,Saw,"Horror, Mystery, Crime",2004-10-01,7.2,103096345.0,,1200000.0,yes,no,yes,no,,,,,
1677,Ray,"Drama, Music",2004-10-29,7.2,123971376.0,,40000000.0,yes,no,yes,no,,,,,
9806,The Incredibles,"Action, Adventure, Animation, Family",2004-11-05,7.4,631442092.0,,92000000.0,yes,yes,yes,no,,,,,
5255,The Polar Express,"Adventure, Animation, Family, Fantasy",2004-11-10,6.4,286000505.0,,165000000.0,yes,no,yes,no,,,,,
10589,After the Sunset,"Action, Comedy, Crime, Drama",2004-11-12,6.0,62657868.0,,60000000.0,yes,no,yes,no,,,,,
9801,Bridget Jones: The Edge of Reason,"Comedy, Romance",2004-11-10,6.1,265126918.0,,50000000.0,yes,yes,yes,yes,,,,,
866,Finding Neverland,Drama,2004-10-17,7.2,116650613.0,,25000000.0,no,no,yes,yes,,,,,
2059,National Treasure,"Adventure, Action, Thriller, Mystery",2004-11-19,6.4,347512318.0,,100000000.0,yes,yes,yes,no,,,,,
1966,Alexander,"War, History, Action, Adventure, Drama, Romance",2004-11-21,5.6,167298192.0,,155000000.0,yes,no,yes,yes,,,,,
2288,Closer,"Drama, Romance",2004-12-01,6.7,115505027.0,,27000000.0,yes,no,no,no,,,,,
163,Ocean's Twelve,"Thriller, Crime",2004-12-09,6.4,362744280.0,,110000000.0,yes,yes,yes,no,,,,,
36648,Blade: Trinity,"Science Fiction, Action, Horror, Thriller, Adventure, Fantasy",2004-12-08,5.7,131883935.0,,65000000.0,yes,yes,yes,no,,,,,
18973,Cinderfella,"Comedy, Romance",1960-12-18,6.7,,,3000000.0,yes,yes,yes,no,,,,,
43670,Stateside,"Drama, Music, Romance",2004-05-23,5.6,,,16000000.0,yes,yes,yes,yes,,,,,
15613,Fire in the Sky,"Drama, Horror, Thriller, Mystery",1993-03-12,6.5,,,19885552.0,yes,no,no,no,,,,,
43896,The Informer,Drama,1935-05-09,6.5,,,243000.0,no,no,no,no,,,,,
55604,Boom Town,"Adventure, Drama, Romance",1940-08-30,6.5,,,2000000.0,yes,no,no,no,,,,,
43306,A Guy Named Joe,"Drama, Romance, War",1944-03-01,6.0,,,2627000.0,yes,no,no,no,,,,,
29244,3 Godfathers,"Action, Drama, Western",1948-12-01,6.1,,,1243000.0,yes,yes,yes,no,,,,,
37347,Fort Apache,Western,1948-03-26,6.8,,,2500000.0,no,yes,no,no,,,,,
35032,The Pirate,"Music, Romance",1948-06-11,6.6,,,3700000.0,yes,no,no,no,,,,,
25209,Annie Get Your Gun,"Action, Comedy, Music, Romance, Western",1950-05-17,7.3,,,3768785.0,yes,no,no,no,,,,,
27029,The Nun's Story,Drama,1959-06-18,7.4,,,3500000.0,no,no,no,no,,,,,
11085,Mutiny on the Bounty,"Adventure, Drama, History",1962-11-08,6.5,,,19000000.0,yes,yes,yes,no,,,,,
17102,Dracula: Prince of Darkness,Horror,1966-01-09,6.1,,,280379.0,no,no,yes,no,,,,,
29715,Major Dundee,"War, Western",1965-04-07,6.2,,,3800000.0,yes,yes,yes,no,,,,,
3482,The Train,"Action, Drama, Thriller, War",1964-09-21,7.2,,,5800000.0,yes,yes,yes,yes,,,,,
26039,Point Blank,"Action, Crime, Drama, Thriller",1967-08-30,7.1,,,2500000.0,yes,no,yes,no,,,,,
2998,Zabriskie Point,"Drama, Romance",1970-02-09,7.1,,,7000000.0,yes,no,no,no,,,,,
1835,"Farewell, My Lovely","Crime, Mystery, Thriller",1975-08-08,6.8,,,2500000.0,yes,no,yes,no,,,,,
11558,Silver Streak,"Comedy, Crime, Romance, Thriller",1976-12-03,6.8,,,6500000.0,yes,no,yes,no,,,,,
12535,High Anxiety,"Comedy, Music",1977-12-25,6.5,,,3400000.0,yes,yes,yes,no,,,,,
38985,Sorcerer,"Action, Thriller, Adventure",1977-06-24,7.5,,,22000000.0,yes,yes,yes,no,,,,,
19827,The In-Laws,"Action, Adventure, Comedy",1979-06-15,6.7,26891849.0,,9000000.0,yes,no,no,no,,,,,
6341,Blue Thunder,"Science Fiction, Action, Thriller, Crime, Drama",1983-02-05,5.9,,,22000000.0,yes,no,yes,no,,,,,
232,Rumble Fish,"Action, Adventure, Crime, Drama, Romance",1983-10-20,6.8,,,10000000.0,yes,no,no,no,,,,,
15301,Twilight Zone: The Movie,"Drama, Fantasy, Horror, Science Fiction, Thriller",1983-06-24,6.2,,6.4,10000000.0,yes,yes,no,no,United States,1983,101,8.0,1.0
47359,Racing with the Moon,"Drama, Romance",1984-03-23,5.8,,,9000000.0,yes,no,yes,no,,,,,
54407,Bliss,"Comedy, Drama, Romance",1985-10-04,5.2,,,3400000.0,yes,no,yes,no,,,,,
27064,Mishima: A Life in Four Chapters,Drama,1985-05-15,7.7,502758.0,,5000000.0,no,yes,yes,yes,,,,,
36677,Solarbabies,Science Fiction,1986-11-26,5.1,,,25000000.0,no,no,yes,no,,,,,
8852,Prince of Darkness,Horror,1987-10-23,6.6,,,3000000.0,no,yes,yes,no,,,,,
48309,Prison,"Crime, Drama, Horror, Thriller",1988-03-04,6.7,,,1300000.0,yes,no,no,no,,,,,
9569,Hard to Kill,"Action, Thriller",1990-02-09,5.6,,,10000000.0,yes,no,no,no,,,,,
22189,Havana,"Drama, Romance",1990-12-11,5.5,,,40000000.0,yes,yes,yes,no,,,,,
9399,Lionheart,"Action, Thriller",1990-06-07,5.9,,,6000000.0,yes,no,yes,no,,,,,
58648,Closet Land,Drama,1991-03-06,6.6,,,4000000.0,no,no,yes,no,,,,,
25330,Dutch,Comedy,1991-07-19,6.4,,,17000000.0,no,no,yes,no,,,,,
14362,Out for Justice,"Action, Thriller, Crime",1991-04-12,5.9,,,14000000.0,yes,yes,yes,no,,,,,
19143,Diggstown,"Action, Comedy, Drama",1992-08-14,6.5,,,17000000.0,yes,no,yes,no,,,,,
12088,Fortress,"Action, Thriller, Science Fiction",1992-09-30,5.7,,,8000000.0,yes,no,yes,yes,,,,,
48706,Josh and S.A.M.,"Adventure, Action, Comedy",1993-11-24,5.0,,,18000000.0,yes,no,yes,no,,,,,
844,2046,"Fantasy, Drama, Science Fiction, Romance",2004-05-20,6.9,19470239.0,,12000000.0,yes,yes,yes,yes,,,,,
10077,A Sound of Thunder,"Thriller, Science Fiction, Adventure, Action",2005-05-15,4.8,,,80000000.0,yes,yes,yes,yes,,,,,
11774,Lemony Snicket's A Series of Unfortunate Events,"Adventure, Comedy, Family",2004-12-16,6.7,,,140000000.0,yes,no,yes,yes,,,,,
14527,Foolproof,Action,2003-10-03,6.3,,,8256269.0,no,no,yes,no,,,,,
9667,The Jacket,"Drama, Mystery, Thriller, Fantasy",2005-03-04,6.8,21126225.0,,29000000.0,yes,no,yes,yes,,,,,
2539,Spanglish,Comedy,2004-12-17,5.8,55470154.0,,80000000.0,no,yes,yes,no,,,,,
179,The Interpreter,"Crime, Thriller",2005-04-08,6.2,162944923.0,,80000000.0,yes,yes,yes,yes,,,,,
4836,Layer Cake,"Drama, Thriller, Crime",2004-09-30,7.0,11850214.0,,6500000.0,yes,yes,yes,no,,,,,
11866,Flight of the Phoenix,"Action, Adventure, Drama, Thriller",2004-12-17,5.7,35021497.0,,45000000.0,yes,no,yes,no,,,,,
12281,Mean Creek,"Crime, Drama",2004-01-15,6.9,,,500000.0,yes,no,no,no,,,,,
10320,The Ring Two,"Drama, Horror, Thriller",2005-03-17,5.5,163995949.0,,50000000.0,yes,no,yes,no,,,,,
30973,The Visual Bible: The Gospel of John,"Drama, History",2003-09-11,8.2,,,10000000.0,yes,no,yes,yes,,,,,
20912,She Hate Me,"Comedy, Drama",2004-07-30,5.1,,,8000000.0,yes,yes,no,no,,,,,
3509,A Scanner Darkly,"Animation, Science Fiction, Thriller",2006-05-25,6.8,,,8700000.0,yes,no,yes,no,,,,,
70,Million Dollar Baby,Drama,2004-12-15,7.7,216763646.0,,30000000.0,no,yes,yes,no,,,,,
205,Hotel Rwanda,"Drama, History, War",2004-09-11,7.5,33882243.0,,17500000.0,yes,yes,yes,yes,,,,,
118,Charlie and the Chocolate Factory,"Adventure, Comedy, Family, Fantasy",2005-07-13,6.7,474968763.0,,150000000.0,yes,no,yes,yes,,,,,
421,The Life Aquatic with Steve Zissou,"Adventure, Comedy, Drama",2004-12-10,7.1,34808403.0,,50000000.0,yes,yes,yes,no,,,,,
2567,The Aviator,Drama,2004-12-17,7.0,213719942.0,,116000000.0,no,no,yes,no,,,,,
9833,The Phantom of the Opera,"Music, Thriller, Drama, Romance",2004-12-08,7.0,154648887.0,,70000000.0,yes,yes,yes,yes,,,,,
693,Meet the Fockers,"Comedy, Romance",2004-12-22,6.1,522657936.0,,80000000.0,yes,no,yes,no,,,,,
11804,White Noise,"Drama, Horror, Thriller",2005-01-07,5.6,91196419.0,,10000000.0,yes,no,yes,yes,,,,,
21259,Testament,"Action, Drama, Science Fiction",1983-11-04,6.3,,,1500000.0,yes,no,yes,no,,,,,
22301,Hell's Angels,"Action, Drama, History",1930-11-15,6.1,,,3950000.0,yes,yes,no,no,,,,,
16442,Sergeant York,"Action, Drama, History, War",1941-07-02,7.1,,,1400000.0,yes,no,no,no,,,,,
9947,Elektra,"Action, Fantasy",2005-01-13,4.9,56995646.0,,43000000.0,yes,yes,yes,yes,,,,,
6439,Racing Stripes,Comedy,2005-01-06,5.1,90754475.0,,30000000.0,no,no,no,yes,,,,,
7214,Coach Carter,Drama,2005-01-14,7.3,76669554.0,,30000000.0,no,no,yes,yes,,,,,
19610,A Star Is Born,"Drama, Music, Romance",1976-12-16,5.7,436388866.0,,6000000.0,yes,no,yes,no,,,,,
8978,Assault on Precinct 13,Thriller,2005-01-19,6.0,35294470.0,,30000000.0,no,yes,yes,yes,,,,,
11637,Are We There Yet?,"Adventure, Comedy, Family, Romance",2005-01-20,5.2,97918663.0,,32000000.0,yes,no,yes,no,,,,,
12142,Alone in the Dark,"Action, Fantasy, Horror, Thriller",2005-01-28,3.1,,,20000000.0,yes,yes,yes,yes,,,,,
11096,Hide and Seek,"Horror, Mystery, Thriller",2005-01-27,6.1,123204920.0,,25000000.0,yes,no,yes,no,,,,,
8488,Hitch,"Comedy, Drama, Romance",2005-02-10,6.3,371594210.0,,70000000.0,yes,no,yes,no,,,,,
561,Constantine,"Drama, Fantasy, Horror",2005-02-08,6.6,230884728.0,,100000000.0,yes,yes,yes,yes,,,,,
17880,Because of Winn-Dixie,"Comedy, Drama, Family",2005-02-18,6.1,33589427.0,,14000000.0,yes,no,no,no,,,,,
29993,Samson and Delilah,"Drama, Romance",1949-12-21,6.1,,,3000000.0,yes,no,no,no,,,,,
10012,Cursed,"Horror, Comedy",2005-02-25,5.1,29621722.0,,35000000.0,yes,no,yes,yes,,,,,
10022,The Pacifier,"Action, Comedy, Drama, Family, Thriller",2005-03-04,5.8,198636868.0,,56000000.0,yes,yes,yes,yes,,,,,
4551,Be Cool,"Comedy, Crime",2005-03-04,5.4,95763716.0,,53000000.0,yes,yes,yes,no,,,,,
2026,Hostage,"Mystery, Drama, Thriller, Crime",2005-03-10,6.2,77608617.0,,52000000.0,yes,no,yes,yes,,,,,
9928,Robots,"Animation, Comedy, Family, Science Fiction",2005-03-10,6.0,262511490.0,,75000000.0,yes,yes,yes,no,,,,,
22377,The Green Berets,"War, Drama",1968-07-04,5.8,,,7000000.0,yes,yes,no,no,,,,,
13374,Ice Princess,"Drama, Comedy, Family",2005-03-17,5.9,27645491.0,,25000000.0,yes,no,yes,yes,,,,,
11638,Guess Who,"Comedy, Romance",2005-03-25,5.5,103121466.0,,35000000.0,yes,yes,yes,no,,,,,
28448,Walker,"Drama, History, Western",1987-12-04,6.4,,,5800000.0,yes,no,yes,yes,,,,,
17113,The Ballad of Jack and Rose,Drama,2005-03-25,6.5,,,1500000.0,no,no,yes,no,,,,,
187,Sin City,"Action, Thriller, Crime",2005-04-01,7.2,158733820.0,,40000000.0,yes,no,yes,no,,,,,
14177,Beauty Shop,"Comedy, Romance",2005-06-02,5.4,37245453.0,,25000000.0,yes,no,no,no,,,,,
7364,Sahara,"Action, Adventure, Comedy, Drama, Mystery",2005-04-06,5.7,119240351.0,,130000000.0,yes,yes,yes,yes,,,,,
11431,Fever Pitch,"Comedy, Drama, Romance",2005-04-06,5.9,50605163.0,,30000000.0,yes,yes,yes,yes,,,,,
84084,Wilson,"Romance, Drama, History, Music",1944-08-01,5.5,,,2995000.0,yes,no,no,no,,,,,
7453,The Hitchhiker's Guide to the Galaxy,"Adventure, Comedy, Family, Science Fiction",2005-01-15,6.6,104478416.0,,50000000.0,yes,no,yes,no,,,,,
10065,The Amityville Horror,"Horror, Thriller, Drama",2005-04-15,6.0,107516369.0,,19000000.0,yes,no,yes,no,,,,,
16972,The Frisco Kid,"Western, Comedy",1979-07-06,6.0,,,9200000.0,yes,yes,no,no,,,,,
8976,A Lot Like Love,Comedy,2005-04-22,6.5,42886719.0,,30000000.0,no,no,yes,no,,,,,
11679,xXx: State of the Union,"Action, Adventure, Crime, Drama, Mystery, Thriller",2005-04-27,4.7,71410636.0,,60000000.0,yes,no,yes,no,,,,,
1495,Kingdom of Heaven,"Drama, Action, Adventure, History, War",2005-05-03,6.6,218122627.0,,130000000.0,yes,yes,yes,yes,,,,,
10066,House of Wax,Horror,2005-04-30,5.5,68766121.0,,40000000.0,no,yes,yes,no,,,,,
1640,Crash,Drama,2004-01-13,7.2,98410061.0,,6500000.0,no,yes,yes,yes,,,,,
43881,San Francisco,"Music, Drama, Romance",1936-06-26,7.0,,,1300000.0,yes,no,no,no,,,,,
10027,Unleashed,"Action, Crime",2005-02-02,6.6,50871113.0,,45000000.0,yes,yes,yes,yes,,,,,
1895,Star Wars: Episode III - Revenge of the Sith,"Science Fiction, Adventure, Action",2005-05-17,7.1,849997605.0,,113000000.0,yes,no,no,no,,,,,
9981,Kicking & Screaming,"Romance, Comedy, Family",2005-05-13,5.6,56070433.0,,45000000.0,yes,yes,no,no,,,,,
4379,Monster-in-Law,"Romance, Comedy",2005-05-13,5.6,155457327.0,,43000000.0,yes,yes,yes,yes,,,,,
9291,The Longest Yard,"Comedy, Drama",2005-05-19,6.2,191466556.0,,82000000.0,yes,no,yes,no,,,,,
34309,Most Wanted,"Action, Thriller",1997-10-10,5.8,,,25000000.0,yes,no,yes,no,,,,,
921,Cinderella Man,"Romance, Drama, History",2005-06-02,7.3,108539911.0,,88000000.0,yes,no,yes,no,,,,,
9779,The Sisterhood of the Traveling Pants,"Drama, Comedy",2005-06-01,6.3,42013878.0,,25000000.0,yes,yes,yes,no,,,,,
9787,Lords of Dogtown,Drama,2005-06-03,7.0,,,25000000.0,no,yes,yes,yes,,,,,
787,Mr. & Mrs. Smith,"Action, Comedy, Drama, Thriller",2005-06-07,6.5,487287646.0,,110000000.0,yes,yes,yes,no,,,,,
14199,The Adventures of Sharkboy and Lavagirl,"Adventure, Family, Science Fiction",2005-06-10,4.4,,,50000000.0,yes,no,no,no,,,,,
11620,Quo Vadis,"Drama, History, Romance",1951-11-08,7.0,,,8250000.0,yes,no,no,no,,,,,
272,Batman Begins,"Action, Crime, Drama",2005-06-10,7.5,373443774.0,,150000000.0,yes,yes,yes,yes,,,,,
11451,Herbie Fully Loaded,"Comedy, Family, Adventure, Fantasy, Romance",2005-06-22,5.1,144146816.0,,50000000.0,yes,no,yes,no,,,,,
11683,Land of the Dead,Horror,2005-06-24,6.0,47074133.0,,15000000.0,no,yes,yes,yes,,,,,
9722,Bewitched,"Comedy, Fantasy, Romance",2005-06-21,4.8,131426169.0,,85000000.0,yes,yes,yes,no,,,,,
28000,Somebody Up There Likes Me,Drama,1956-07-03,6.8,,,1920000.0,no,no,no,no,,,,,
38731,An Unmarried Woman,"Drama, Romance, Comedy",1978-05-26,6.1,,,2515000.0,yes,no,no,no,,,,,
74,War of the Worlds,"Adventure, Thriller, Science Fiction",2005-06-28,6.2,603873119.0,,132000000.0,yes,no,yes,no,,,,,
7233,Rebound,"Comedy, Family",2005-07-01,5.2,17492014.0,,45000000.0,yes,no,yes,no,,,,,
9009,Dark Water,"Drama, Horror, Thriller",2005-06-27,5.3,,,30000000.0,yes,no,yes,no,,,,,
9738,Fantastic Four,"Action, Adventure, Fantasy, Science Fiction",2005-06-29,5.5,333535934.0,,100000000.0,yes,no,yes,yes,,,,,
9522,Wedding Crashers,"Comedy, Romance",2005-07-14,6.4,288467645.0,,40000000.0,yes,no,yes,no,,,,,
10476,Hustle & Flow,Drama,2005-07-22,6.9,23563727.0,,8000000.0,no,no,no,no,,,,,
11309,Hardware,"Horror, Science Fiction, Thriller",1990-09-14,5.6,,,1500000.0,yes,no,yes,yes,,,,,
1635,The Island,"Action, Thriller, Science Fiction, Adventure",2005-07-20,6.5,198326350.0,,126000000.0,yes,no,yes,no,,,,,
13341,Bad News Bears,"Comedy, Family",2005-07-22,5.7,34252847.0,,30000000.0,yes,yes,no,no,,,,,
11459,Sky High,"Adventure, Comedy, Family",2005-07-29,5.8,86369815.0,,35000000.0,yes,no,yes,no,,,,,
10048,Stealth,Action,2005-07-28,4.9,79268322.0,,135000000.0,no,yes,yes,no,,,,,
11648,Must Love Dogs,"Romance, Comedy",2005-07-21,5.8,58231520.0,,30000000.0,yes,yes,yes,no,,,,,
16320,Serenity,"Science Fiction, Action, Adventure, Thriller",2005-08-25,7.4,40445129.0,,39000000.0,yes,yes,yes,no,,,,,
308,Broken Flowers,"Comedy, Drama, Mystery, Romance",2005-05-17,6.8,47329961.0,,10000000.0,yes,no,yes,yes,,,,,
26579,The Heart is Deceitful Above All Things,Drama,2004-09-15,5.7,,,74050.0,no,no,yes,yes,,,,,
6519,The Dukes of Hazzard,"Action, Adventure, Comedy",2005-08-05,5.1,111069515.0,,50000000.0,yes,no,yes,no,,,,,
9913,The Skeleton Key,"Drama, Horror, Mystery, Thriller",2005-07-29,6.4,93983911.0,,43000000.0,yes,no,yes,yes,,,,,
8292,Four Brothers,"Action, Crime",2005-08-11,6.7,92374674.0,,45000000.0,yes,yes,yes,no,,,,,
13922,The Great Raid,"Action, History, War",2005-08-12,6.8,,,80000000.0,yes,yes,yes,no,,,,,
6957,The 40 Year Old Virgin,"Comedy, Romance",2005-08-11,6.2,,,26000000.0,yes,yes,yes,no,,,,,
4442,The Brothers Grimm,"Adventure, Fantasy, Action, Comedy, Thriller",2005-08-26,5.6,105316267.0,,88000000.0,yes,yes,yes,yes,,,,,
9042,The Cave,"Action, Adventure, Horror, Thriller",2005-08-25,5.2,33296457.0,,30000000.0,yes,yes,yes,yes,,,,,
1985,The Constant Gardener,"Drama, Mystery, Thriller",2005-08-31,6.9,82466670.0,,25000000.0,yes,yes,yes,yes,,,,,
9007,Just Like Heaven,"Comedy, Fantasy, Romance",2005-09-16,6.5,102854431.0,,58000000.0,yes,yes,yes,no,,,,,
9777,Proof,"Drama, Mystery",2005-09-05,6.2,14189860.0,,20000000.0,yes,no,yes,no,,,,,
1830,Lord of War,"Crime, Drama, Thriller",2005-09-16,7.0,72617068.0,,42000000.0,yes,yes,yes,yes,,,,,
10092,Cry_Wolf,"Horror, Thriller",2005-09-16,5.6,,,1000000.0,yes,yes,no,no,,,,,
340,Everything is Illuminated,"Comedy, Drama",2005-09-16,7.4,,,7000000.0,yes,yes,yes,no,,,,,
8814,Doom,"Adventure, Action, Horror",2005-10-20,5.0,58072119.0,,60000000.0,yes,yes,yes,yes,,,,,
9923,Domino,"Action, Crime",2005-09-22,6.0,22944502.0,,50000000.0,yes,yes,yes,yes,,,,,
7553,Waiting...,Comedy,2005-10-07,6.2,18637690.0,,3000000.0,no,yes,yes,no,,,,,
1947,An Unfinished Life,Drama,2005-09-09,6.7,18618284.0,,30000000.0,no,yes,yes,yes,,,,,
8643,The Exorcism of Emily Rose,"Crime, Drama, Horror, Thriller",2005-09-09,6.3,145166804.0,,19000000.0,yes,no,yes,no,,,,,
9315,Flightplan,"Thriller, Drama, Mystery",2005-09-22,6.1,223387299.0,,55000000.0,yes,yes,yes,no,,,,,
59,A History of Violence,"Drama, Thriller, Crime",2005-09-23,6.9,61385065.0,,32000000.0,yes,no,yes,yes,,,,,
257,Oliver Twist,"Crime, Drama, Family",2005-09-23,6.7,42580321.0,,50000000.0,yes,no,yes,yes,,,,,
15487,The Greatest Game Ever Played,"Drama, Family",2005-09-30,6.9,15431177.0,,25000000.0,yes,no,no,no,,,,,
398,Capote,"Crime, Drama",2005-09-30,6.9,49327405.0,,7000000.0,yes,no,yes,yes,,,,,
11968,Into the Blue,"Action, Thriller, Adventure, Crime",2005-09-30,5.8,46117696.0,,50000000.0,yes,no,yes,no,,,,,
14517,Mirrormask,Fantasy,2005-01-25,6.6,,,4000000.0,no,no,yes,yes,,,,,
5236,Kiss Kiss Bang Bang,"Action, Comedy, Crime, Mystery",2005-09-05,7.2,15785148.0,,15000000.0,yes,no,yes,no,,,,,
9763,Goal!: The Dream Begins,Drama,2005-06-06,6.6,,,30000000.0,no,yes,yes,yes,,,,,
10017,The Wraith,"Romance, Science Fiction, Horror, Action, Crime",1986-11-21,5.9,,,2700000.0,yes,no,yes,yes,,,,,
27759,55 Days at Peking,"Action, Drama, History",1963-05-06,6.5,,,17000000.0,yes,no,yes,no,,,,,
9910,Two for the Money,"Comedy, Crime, Drama, Thriller",2005-10-07,5.9,30526509.0,,35000000.0,yes,no,yes,no,,,,,
142,Brokeback Mountain,"Drama, Romance",2005-09-02,7.5,178062759.0,,14000000.0,yes,no,yes,yes,,,,,
9621,Elizabethtown,"Comedy, Drama, Romance",2005-10-06,6.1,52164016.0,,57000000.0,yes,no,yes,no,,,,,
9701,North Country,Drama,2005-02-12,6.9,25211175.0,,35000000.0,no,no,yes,no,,,,,
3291,"Good Night, and Good Luck.","Drama, History",2005-09-16,6.8,54641191.0,,7000000.0,yes,no,yes,yes,,,,,
16608,The Proposition,"Action, Adventure, Crime, Drama, Thriller, Western",2005-10-06,7.1,,,2000000.0,yes,no,yes,yes,,,,,
791,The Fog,"Horror, Thriller",2005-10-14,3.8,46201432.0,,18000000.0,yes,yes,yes,no,,,,,
2610,Shopgirl,"Comedy, Drama, Romance",2005-10-21,5.7,,,10284523.0,yes,yes,yes,no,,,,,
8066,Stay,"Mystery, Thriller, Drama",2005-09-24,6.5,,,50000000.0,yes,no,yes,no,,,,,
1656,The Legend of Zorro,"Action, Adventure",2005-10-24,5.9,142400065.0,,75000000.0,yes,yes,yes,yes,,,,,
6963,The Weather Man,"Comedy, Drama",2005-10-20,6.0,19126398.0,,20000000.0,yes,yes,yes,yes,,,,,
215,Saw II,Horror,2005-10-28,6.3,147748505.0,,4000000.0,no,no,yes,no,,,,,
1951,Manderlay,Drama,2005-05-16,6.9,,,14200000.0,no,no,yes,yes,,,,,
25763,Damnation Alley,"Action, Adventure, Science Fiction",1977-09-10,5.0,,,17000000.0,yes,yes,no,no,,,,,
25,Jarhead,"Drama, War",2005-11-04,6.6,97076152.0,,72000000.0,yes,yes,yes,yes,,,,,
10060,Get Rich or Die Tryin',Drama,2005-11-09,6.3,46563961.0,,40000000.0,no,no,yes,no,,,,,
231,Syriana,"Drama, Thriller",2005-11-23,6.3,93974620.0,,50000000.0,yes,yes,yes,no,,,,,
8999,Derailed,"Drama, Thriller",2005-11-11,6.1,57479076.0,,22000000.0,yes,yes,yes,yes,,,,,
4348,Pride & Prejudice,"Drama, Romance",2005-09-16,7.8,121616555.0,,28000000.0,yes,no,yes,yes,,,,,
9885,Wolf Creek,"Horror, Thriller",2005-01-01,6.1,30762648.0,,1000000.0,yes,yes,yes,no,,,,,
674,Harry Potter and the Goblet of Fire,"Adventure, Fantasy, Family",2005-11-05,7.5,895921036.0,,150000000.0,yes,yes,yes,yes,,,,,
69,Walk the Line,"Drama, Music, Romance",2005-09-13,7.3,186797986.0,,28000000.0,yes,yes,yes,yes,,,,,
1833,Rent,"Drama, Romance",2005-11-23,6.7,31670620.0,,40000000.0,yes,no,yes,no,,,,,
6795,Zathura: A Space Adventure,"Family, Fantasy, Science Fiction, Adventure",2005-11-06,6.1,65079236.0,,65000000.0,yes,no,yes,no,,,,,
13499,"Yours, Mine & Ours","Comedy, Family, Romance",2005-11-23,5.7,72662923.0,,45000000.0,yes,no,yes,no,,,,,
116,Match Point,"Drama, Thriller, Crime, Romance",2005-10-26,7.2,85638656.0,,15000000.0,yes,no,no,yes,,,,,
411,"The Chronicles of Narnia: The Lion, the Witch and the Wardrobe","Adventure, Family, Fantasy",2005-12-07,6.7,745013115.0,,180000000.0,yes,yes,yes,yes,,,,,
1904,Memoirs of a Geisha,"Drama, History, Romance",2005-12-06,7.3,162242962.0,,85000000.0,yes,yes,yes,no,,,,,
9515,The Matador,"Action, Comedy, Crime, Drama, Thriller",2005-05-12,6.2,17347231.0,,10000000.0,yes,yes,no,yes,,,,,
8053,The Three Burials of Melquiades Estrada,"Adventure, Crime, Drama, Mystery, Western",2005-11-17,7.0,,,15000000.0,yes,yes,yes,yes,,,,,
612,Munich,"Drama, Action, History, Thriller",2005-12-22,7.0,130982129.0,,70000000.0,yes,yes,yes,yes,,,,,
9899,The Producers,"Comedy, Music",2005-12-25,6.1,38075318.0,,45000000.0,yes,no,yes,no,,,,,
546,Transamerica,Drama,2005-12-23,6.9,15151744.0,,1000000.0,no,no,yes,no,,,,,
2800,Rumor Has It...,Comedy,2005-12-23,5.3,88933562.0,,70000000.0,no,yes,yes,no,,,,,
9641,Cheaper by the Dozen 2,Comedy,2005-12-21,5.8,130154568.0,,60000000.0,no,no,yes,no,,,,,
7552,Fun with Dick and Jane,Comedy,2005-12-21,5.9,204681899.0,,100000000.0,no,no,yes,no,,,,,
9687,Keeping Mum,Comedy,2005-12-02,6.5,18575768.0,,169000.0,no,no,no,no,,,,,
11400,The New World,"Drama, History, Romance",2005-12-25,6.4,,,30000000.0,yes,no,yes,no,,,,,
168705,BloodRayne,"Action, Adventure, Fantasy, Horror",2005-10-22,3.6,,,25000000.0,yes,yes,no,no,,,,,
1690,Hostel,Horror,2005-01-06,5.7,81979826.0,,4800000.0,no,no,yes,no,,,,,
9044,Tristan & Isolde,Drama,2006-04-07,6.4,,,31000000.0,no,no,yes,yes,,,,,
17379,Last Holiday,"Adventure, Comedy, Drama",2006-01-13,6.4,43451846.0,,45000000.0,yes,yes,no,no,,,,,
834,Underworld: Evolution,"Fantasy, Action, Science Fiction, Thriller",2006-01-12,6.4,111476513.0,,50000000.0,yes,yes,yes,no,,,,,
12701,Revolution,"Adventure, Drama, History, War",1985-12-25,5.3,,,28000000.0,yes,no,yes,yes,,,,,
1969,Bandidas,"Action, Comedy, Western, Crime",2006-01-18,5.8,,,35000000.0,yes,yes,yes,yes,,,,,
13275,Annapolis,Drama,2006-01-27,6.0,17496992.0,,26000000.0,no,no,no,no,,,,,
11565,Big Momma's House 2,"Comedy, Crime",2006-01-26,5.4,141522961.0,,40000000.0,yes,no,yes,no,,,,,
11283,Nanny McPhee,"Fantasy, Comedy, Family",2005-10-21,6.4,123276807.0,,25000000.0,yes,no,yes,yes,,,,,
9286,Final Destination 3,"Horror, Mystery",2006-02-10,5.8,118890272.0,,25000000.0,yes,no,yes,yes,,,,,
292,Dave Chappelle's Block Party,"Comedy, Documentary, Music",2005-09-12,6.5,,,3000000.0,yes,yes,no,no,,,,,
9754,Firewall,Thriller,2006-02-10,5.6,82751189.0,,45000000.0,no,no,yes,yes,,,,,
10263,Tamara,"Fantasy, Horror, Thriller",2005-05-12,5.1,,,4750000.0,yes,no,yes,no,,,,,
9959,Freedomland,"Drama, Thriller, Crime, Mystery",2006-02-17,5.2,,,37665000.0,yes,yes,yes,no,,,,,
14256,Winter Passing,"Comedy, Drama",2006-02-07,6.7,,,3500000.0,yes,no,yes,no,,,,,
9036,Eight Below,"Adventure, Drama, Family",2006-02-17,6.7,120455994.0,,40000000.0,yes,no,yes,no,,,,,
7304,Running Scared,"Action, Crime, Drama, Thriller",2006-01-06,7.0,,,17000000.0,yes,yes,yes,yes,,,,,
16781,Madea's Family Reunion,"Drama, Comedy, Romance",2006-02-24,6.0,63368939.0,,6000000.0,yes,yes,no,no,,,,,
10025,Just My Luck,"Comedy, Drama, Family, Fantasy, Romance",2006-05-12,5.8,38159905.0,,28000000.0,yes,no,yes,no,,,,,
9682,Pulse,"Horror, Thriller",2006-08-11,5.0,29907685.0,,38000000.0,yes,yes,no,no,,,,,
2207,16 Blocks,"Action, Adventure, Crime, Thriller",2006-03-01,6.2,65664721.0,,55000000.0,yes,no,yes,yes,,,,,
6877,Failure to Launch,Comedy,2006-03-10,5.5,130224158.0,,50000000.0,no,no,yes,no,,,,,
950,Ice Age: The Meltdown,"Animation, Family, Comedy, Adventure",2006-03-23,6.5,660998756.0,,80000000.0,yes,no,yes,no,,,,,
752,V for Vendetta,"Action, Thriller, Fantasy",2006-03-15,7.7,132511035.0,,54000000.0,yes,no,yes,yes,,,,,
9655,She's the Man,"Comedy, Drama, Family, Romance",2006-03-17,6.4,57194667.0,,20000000.0,yes,no,yes,no,,,,,
9388,Thank You for Smoking,"Comedy, Drama",2005-09-05,7.1,39323027.0,,6500000.0,yes,no,yes,no,,,,,
9950,Find Me Guilty,Drama,2006-03-16,6.5,,,13000000.0,no,no,yes,yes,,,,,
388,Inside Man,"Crime, Drama, Thriller",2006-03-23,7.3,186003591.0,,45000000.0,yes,yes,yes,no,,,,,
868,Tsotsi,"Crime, Drama",2005-08-18,6.9,,,3000000.0,yes,yes,yes,no,,,,,
14191,Aquamarine,"Fantasy, Romance, Family, Comedy",2006-03-03,5.8,22989957.0,,12000000.0,yes,no,yes,yes,,,,,
9792,The Hills Have Eyes,"Horror, Thriller",2006-03-10,6.1,70008952.0,,15000000.0,yes,no,yes,yes,,,,,
10067,The Shaggy Dog,"Comedy, Family",2006-03-09,4.5,87134280.0,,50000000.0,yes,no,yes,no,,,,,
12763,Take the Lead,Music,2006-03-17,6.6,66499627.0,,30000000.0,no,no,yes,no,,,,,
186,Lucky Number Slevin,"Drama, Thriller, Crime, Mystery",2006-02-24,7.4,56308881.0,,27000000.0,yes,no,yes,yes,,,,,
219,Volver,"Comedy, Drama, Romance",2006-03-16,7.3,85585177.0,,12899867.0,yes,no,no,no,,,,,
13751,Akeelah and the Bee,Drama,2006-04-28,6.7,18948425.0,,8000000.0,no,no,yes,no,,,,,
10069,Stay Alive,"Horror, Thriller",2006-03-24,5.3,27298695.0,,9000000.0,yes,no,yes,no,,,,,
3093,Basic Instinct 2,"Crime, Mystery, Thriller",2006-03-29,4.6,38629478.0,,70000000.0,yes,yes,yes,yes,,,,,
9270,Brick,"Drama, Mystery",2005-01-30,6.8,,,475000.0,yes,no,no,no,,,,,
13960,ATL,Drama,2006-03-31,6.0,,,20000000.0,no,no,no,no,,,,,
9389,Renaissance,"Action, Animation, Science Fiction",2006-03-16,6.7,,,18000000.0,yes,yes,yes,yes,,,,,
2652,Hard Candy,"Drama, Thriller",2005-01-14,6.8,,,950000.0,yes,no,no,no,,,,,
5820,The Sentinel,"Action, Thriller, Crime",2006-04-19,5.8,78810595.0,,60000000.0,yes,no,yes,no,,,,,
9904,The Wild,"Family, Animation",2006-03-06,5.1,102338515.0,,80000000.0,yes,no,yes,yes,,,,,
588,Silent Hill,"Horror, Mystery",2006-04-21,6.3,100605135.0,,50000000.0,yes,no,yes,yes,,,,,
956,Mission: Impossible III,"Adventure, Action, Thriller",2006-05-03,6.5,398479497.0,,150000000.0,yes,yes,yes,yes,,,,,
9530,RV,Comedy,2006-04-28,5.6,87528173.0,,50000000.0,no,no,yes,yes,,,,,
9829,United 93,"Drama, History, Crime, Thriller, Action",2006-04-28,6.9,76700659.0,,15000000.0,yes,yes,yes,yes,,,,,
7870,Down in the Valley,"Drama, Romance",2005-05-13,6.0,,,8000000.0,yes,yes,no,no,,,,,
503,Poseidon,"Adventure, Action, Drama, Thriller",2006-05-12,5.5,181674817.0,,160000000.0,yes,yes,yes,no,,,,,
591,The Da Vinci Code,"Thriller, Mystery",2006-05-17,6.5,760006945.0,,125000000.0,yes,yes,yes,yes,,,,,
36668,X-Men: The Last Stand,"Adventure, Action, Science Fiction, Thriller",2006-05-24,6.3,460435291.0,,210000000.0,yes,no,yes,yes,,,,,
9767,The Break-Up,"Romance, Comedy",2006-06-01,5.6,205668210.0,,52000000.0,yes,no,yes,no,,,,,
18164,Twelve and Holding,Drama,2005-09-11,7.0,,,400000.0,no,no,no,no,,,,,
920,Cars,"Animation, Adventure, Comedy, Family",2006-06-08,6.6,461983149.0,,120000000.0,yes,yes,yes,no,,,,,
9700,The Lost City,"Drama, Romance",2005-09-03,5.9,,,9600000.0,yes,no,no,no,,,,,
14167,Standing Still,"Comedy, Drama, Romance",2005-01-02,5.7,,,1700000.0,yes,no,yes,no,,,,,
806,The Omen,"Drama, Horror, Thriller",2006-06-06,5.3,119974972.0,,25000000.0,yes,no,yes,no,,,,,
9353,Nacho Libre,"Comedy, Family",2006-06-16,5.6,99255460.0,,32000000.0,yes,yes,yes,no,,,,,
2044,The Lake House,"Romance, Drama, Mystery",2006-06-16,6.5,114830111.0,,40000000.0,yes,no,yes,no,,,,,
9339,Click,"Comedy, Drama, Fantasy, Romance",2006-06-22,6.0,240685326.0,,82500000.0,yes,yes,yes,no,,,,,
350,The Devil Wears Prada,"Comedy, Drama, Romance",2006-06-30,7.0,326713521.0,,35000000.0,yes,yes,yes,no,,,,,
58,Pirates of the Caribbean: Dead Man's Chest,"Adventure, Fantasy, Action",2006-06-20,7.0,1066179725.0,,200000000.0,yes,yes,yes,no,,,,,
1819,"You, Me and Dupree","Comedy, Romance",2006-07-14,5.4,130628903.0,,54000000.0,yes,no,yes,no,,,,,
2295,Clerks II,Comedy,2006-05-25,6.9,26984975.0,,5000000.0,no,no,yes,no,,,,,
9697,Lady in the Water,"Drama, Thriller, Fantasy, Mystery",2006-07-21,5.3,72785169.0,,75000000.0,yes,no,yes,no,,,,,
1887,Marie Antoinette,"Drama, History",2006-05-24,6.5,60917189.0,,40000000.0,yes,yes,yes,yes,,,,,
13508,Who Killed the Electric Car?,Documentary,2006-08-04,7.2,,,1000000.0,no,yes,yes,no,,,,,
1781,An Inconvenient Truth,Documentary,2006-01-24,6.7,49782012.0,,1000000.0,no,no,yes,no,,,,,
9615,The Fast and the Furious: Tokyo Drift,"Action, Crime, Drama, Thriller",2006-06-03,6.1,158964610.0,,85000000.0,yes,yes,no,yes,,,,,
1452,Superman Returns,"Adventure, Fantasy, Action, Science Fiction",2006-06-28,5.4,391081192.0,,270000000.0,yes,yes,yes,no,,,,,
773,Little Miss Sunshine,"Comedy, Drama",2006-07-26,7.5,101059401.0,,8000000.0,yes,no,yes,no,,,,,
1164,Babel,Drama,2006-09-08,6.9,135330182.0,,25000000.0,no,yes,yes,yes,,,,,
31915,Prophecy,"Horror, Science Fiction",1979-01-01,5.4,,,12000000.0,yes,no,no,no,,,,,
9072,Little Man,"Comedy, Crime",2006-08-31,5.3,104003322.0,,64000000.0,yes,no,yes,no,,,,,
9297,Monster House,"Animation, Comedy, Family, Fantasy",2006-07-21,6.3,141861243.0,,75000000.0,yes,no,yes,no,,,,,
326,Snakes on a Plane,"Action, Crime, Horror, Thriller",2006-08-06,5.1,62022014.0,,33000000.0,yes,yes,no,no,,,,,
512,Scoop,"Comedy, Mystery",2006-07-27,6.4,39220946.0,,4000000.0,yes,no,yes,no,,,,,
9718,Talladega Nights: The Ballad of Ricky Bobby,Comedy,2006-08-04,6.2,163362430.0,,72500000.0,no,no,yes,no,,,,,
1593,Night at the Museum,"Action, Adventure, Comedy, Family, Fantasy",2006-10-20,6.4,574480841.0,,110000000.0,yes,yes,yes,yes,,,,,
1852,World Trade Center,"Drama, History, Thriller",2006-08-09,5.9,163247198.0,,63000000.0,yes,no,yes,no,,,,,
1262,Stranger Than Fiction,"Comedy, Drama, Fantasy, Romance",2006-09-09,7.1,53653224.0,,30000000.0,yes,no,yes,no,,,,,
43610,The Valley of Decision,Drama,1945-06-01,5.8,,,2160000.0,no,no,no,no,,,,,
82,Miami Vice,"Action, Adventure, Crime, Thriller",2006-07-27,5.7,163794509.0,,135000000.0,yes,yes,yes,yes,,,,,
1402,The Pursuit of Happyness,Drama,2006-12-14,7.7,307127625.0,,55000000.0,no,yes,yes,no,,,,,
77221,Black Gold,"Adventure, Drama",2011-12-21,5.9,,,40000000.0,yes,no,yes,yes,,,,,
5289,Chaos,"Drama, Action, Crime",2005-01-17,6.1,,,20000000.0,yes,no,yes,yes,,,,,
9907,Barnyard,"Animation, Comedy, Family",2006-08-04,5.3,116755080.0,,51000000.0,yes,no,yes,yes,,,,,
9762,Step Up,"Music, Drama, Romance, Crime",2006-08-11,6.7,114194847.0,,12000000.0,yes,no,yes,no,,,,,
15049,Bon Cop Bad Cop,"Action, Comedy, Crime",2006-07-06,6.5,,,8000000.0,yes,yes,yes,no,,,,,
7859,Half Nelson,Drama,2006-08-11,6.5,,,700000.0,no,no,yes,no,,,,,
11559,Tideland,"Fantasy, Drama, Thriller, Science Fiction",2005-09-09,6.3,,,12000000.0,yes,no,no,yes,,,,,
59964,Cabin in the Sky,"Fantasy, Music",1943-04-09,7.1,,,662141.0,yes,no,no,no,,,,,
9788,Accepted,Comedy,2006-08-18,6.2,38623262.0,,23000000.0,no,no,yes,no,,,,,
1491,The Illusionist,"Fantasy, Drama, Thriller, Romance",2006-08-18,7.1,87892388.0,,40000000.0,yes,no,yes,yes,,,,,
1165,The Queen,Drama,2006-09-15,6.8,123384128.0,,15000000.0,no,yes,yes,yes,,,,,
9988,Beerfest,Comedy,2006-08-25,5.8,20387597.0,,17500000.0,no,yes,no,no,,,,,
9708,The Wicker Man,"Mystery, Thriller, Horror",2006-09-01,4.0,38805380.0,,40000000.0,yes,no,yes,yes,,,,,
9813,The Quiet,"Drama, Thriller",2005-09-12,6.1,,,900000.0,yes,no,no,no,,,,,
1116,The Wind That Shakes the Barley,"Drama, History, War",2006-06-23,7.1,,,6500000.0,yes,yes,yes,yes,,,,,
9954,The Covenant,"Action, Adventure, Fantasy, Horror, Science Fiction, Thriller",2006-09-08,5.2,37598767.0,,20000000.0,yes,no,no,no,,,,,
13075,Sherrybaby,Drama,2006-09-08,6.3,,,2000000.0,no,no,no,no,,,,,
1381,The Fountain,"Drama, Adventure, Science Fiction, Romance",2006-09-06,6.8,,,35000000.0,yes,no,yes,no,,,,,
9676,The Black Dahlia,Drama,2006-09-15,5.7,49332692.0,,50000000.0,no,no,yes,yes,,,,,
9766,Gridiron Gang,"Action, Adventure, Crime, Drama",2006-09-15,6.6,41480851.0,,30000000.0,yes,no,no,no,,,,,
1579,Apocalypto,"Action, Adventure, Drama, Thriller",2006-12-07,7.3,120654337.0,,40000000.0,yes,no,yes,no,,,,,
9664,Flyboys,"Action, Adventure, Drama, History, Romance, War",2006-09-22,6.3,17834865.0,,60000000.0,yes,yes,yes,yes,,,,,
12094,Jackass Number Two,"Action, Comedy, Documentary",2006-09-22,6.4,84645164.0,,11000000.0,yes,no,no,no,,,,,
1717,All the King's Men,"Drama, Thriller",2006-09-10,5.7,,,55000000.0,yes,no,yes,no,,,,,
4643,The Guardian,"Action, Adventure, Drama",2006-09-28,6.8,94973540.0,,70000000.0,yes,no,yes,no,,,,,
9842,School for Scoundrels,"Comedy, Drama, Romance",2006-09-29,5.6,23947685.0,,20000000.0,yes,no,no,no,,,,,
1422,The Departed,"Drama, Thriller, Crime",2006-10-05,7.9,291465034.0,,90000000.0,yes,yes,yes,yes,,,,,
9794,Employee of the Month,"Comedy, Romance",2006-10-06,5.4,38528984.0,,12000000.0,yes,yes,no,no,,,,,
9978,Stormbreaker,"Adventure, Action, Family",2006-07-21,5.1,23937870.0,,40000000.0,yes,no,yes,yes,,,,,
7510,Running with Scissors,"Drama, Comedy",2006-10-27,5.8,,,12000000.0,yes,no,no,no,,,,,
1975,The Grudge 2,"Horror, Thriller",2006-10-13,5.3,70711175.0,,20000000.0,yes,yes,yes,no,,,,,
9895,Man of the Year,"Comedy, Drama, Romance, Thriller",2006-10-09,5.8,42472472.0,,20000000.0,yes,no,yes,no,,,,,
8975,The Marine,"Action, Adventure, Drama, Thriller",2006-10-13,5.0,22165608.0,,20000000.0,yes,yes,yes,no,,,,,
9672,Infamous,Drama,2006-11-16,6.4,,,13000000.0,no,yes,yes,no,,,,,
15005,One Night with the King,Drama,2006-10-13,6.1,,,20000000.0,no,no,no,no,,,,,
1440,Little Children,"Romance, Drama",2006-10-06,6.9,,,26000000.0,yes,no,yes,no,,,,,
18925,Facing the Giants,Drama,2006-09-29,6.6,,,100000.0,no,no,no,no,,,,,
1523,The Last King of Scotland,Drama,2006-09-01,7.4,48618191.0,,6000000.0,no,yes,yes,yes,,,,,
1378,Shortbus,"Romance, Drama, Comedy",2006-05-20,6.3,,,2000000.0,yes,no,yes,no,,,,,
9693,Children of Men,"Drama, Action, Thriller, Science Fiction",2006-09-22,7.4,70455770.0,,76000000.0,yes,no,yes,yes,,,,,
1124,The Prestige,"Drama, Mystery, Thriller",2006-10-19,8.0,109676311.0,,40000000.0,yes,no,yes,no,,,,,
3683,Flags of Our Fathers,"War, Drama, History",2006-10-18,6.7,65900249.0,,90000000.0,yes,no,yes,no,,,,,
14012,Flicka,Drama,2006-10-20,6.1,21893591.0,,15000000.0,no,no,yes,yes,,,,,
214,Saw III,"Horror, Thriller, Crime",2006-10-27,6.1,164874275.0,,10000000.0,yes,no,yes,no,,,,,
43884,The Charge of the Light Brigade,"Action, Adventure, Drama, War",1936-10-20,6.8,,,1200000.0,yes,no,no,no,,,,,
1427,Perfume: The Story of a Murderer,"Crime, Fantasy, Drama",2006-09-13,7.1,135039924.0,,50000000.0,yes,no,yes,yes,,,,,
13767,The Santa Clause 3: The Escape Clause,"Comedy, Family, Adventure",2006-11-01,5.0,110768122.0,,12000000.0,yes,no,yes,no,,,,,
9726,A Good Year,"Comedy, Drama, Romance",2006-09-09,6.5,42269923.0,,35000000.0,yes,yes,yes,no,,,,,
36557,Casino Royale,"Adventure, Action, Thriller",2006-11-14,7.3,606000064.0,,150000000.0,yes,yes,yes,yes,,,,,
9836,Happy Feet,"Animation, Comedy",2006-11-16,5.9,384335608.0,,100000000.0,yes,no,yes,no,,,,,
1581,The Holiday,"Comedy, Romance",2006-12-08,6.7,205844805.0,,85000000.0,yes,no,yes,yes,,,,,
313,Snow Cake,"Romance, Drama",2006-02-09,7.3,,,12000000.0,yes,yes,yes,yes,,,,,
7873,Harsh Times,"Crime, Drama, Thriller, Action",2005-09-11,6.3,,,2000000.0,yes,yes,no,no,,,,,
2179,Tenacious D in The Pick of Destiny,"Comedy, Music",2006-11-22,6.5,,,22000000.0,yes,no,yes,no,,,,,
1372,Blood Diamond,"Drama, Thriller, Action",2006-12-07,7.4,171720398.0,,100000000.0,yes,yes,yes,yes,,,,,
9986,Charlotte's Web,"Comedy, Family, Fantasy",2006-12-15,5.8,148964090.0,,85000000.0,yes,no,yes,yes,,,,,
2486,Eragon,"Fantasy, Action, Adventure, Family",2006-12-14,4.9,250425512.0,,100000000.0,yes,no,yes,yes,,,,,
1246,Rocky Balboa,Drama,2006-12-20,6.5,155929020.0,,24000000.0,no,yes,yes,no,,,,,
18615,Fur: An Imaginary Portrait of Diane Arbus,"Drama, Mystery, Romance",2006-08-30,5.8,,,16800000.0,yes,no,yes,no,,,,,
12795,Another Gay Movie,"Comedy, Romance",2006-04-28,5.2,,5.0,500000.0,yes,yes,yes,no,United States,2006,92,1.0,2.0
11170,We Are Marshall,Drama,2006-12-12,6.7,,,65000000.0,no,no,yes,no,,,,,
1247,The Good Shepherd,"Drama, Thriller, History",2006-12-11,6.3,100266865.0,,85000000.0,yes,yes,yes,no,,,,,
1125,Dreamgirls,Drama,2006-12-25,6.6,155430335.0,,70000000.0,no,no,yes,no,,,,,
1646,Freedom Writers,"Crime, Drama",2007-01-05,7.6,43095175.0,,21000000.0,yes,yes,yes,yes,,,,,
8618,The History Boys,"Comedy, Drama",2006-10-02,6.6,,,4000000.0,yes,no,yes,no,,,,,
1259,Notes on a Scandal,"Drama, Romance",2006-12-25,6.9,49814557.0,,15000000.0,yes,yes,yes,no,,,,,
182,The Good German,"War, Crime, Drama, Mystery, Romance, Thriller",2006-12-08,5.9,,,32000000.0,yes,yes,yes,no,,,,,
1251,Letters from Iwo Jima,"Action, Adventure, Drama, War",2006-12-19,7.2,68673228.0,,19000000.0,yes,yes,yes,yes,,,,,
1931,Stomp the Yard,"Drama, Music",2007-05-16,6.1,75511123.0,,13000000.0,yes,no,no,no,,,,,
13967,Miss Potter,"Drama, Family, Romance",2006-12-03,6.3,35078241.0,,30000000.0,yes,no,no,yes,,,,,
1265,Bridge to Terabithia,"Adventure, Drama, Family",2007-02-16,7.0,137587063.0,,60000000.0,yes,no,yes,no,,,,,
10758,Waitress,Comedy,2007-05-25,6.6,22240529.0,,2000000.0,no,no,no,no,,,,,
13668,Catch and Release,"Comedy, Drama, Romance",2006-10-20,5.8,,,25000000.0,yes,no,yes,no,,,,,
7516,Smokin' Aces,"Action, Comedy, Crime, Thriller",2006-12-09,6.4,57232879.0,,17000000.0,yes,no,yes,yes,,,,,
9966,The Messengers,"Mystery, Thriller, Horror",2007-02-02,5.6,55010659.0,,16000000.0,yes,no,yes,no,,,,,
1248,Hannibal Rising,"Crime, Drama, Thriller",2007-02-06,6.0,82169884.0,,50000000.0,yes,yes,yes,yes,,,,,
9757,Norbit,Comedy,2007-02-08,5.0,159814490.0,,60000000.0,no,no,yes,no,,,,,
2062,Ratatouille,"Animation, Comedy, Family, Fantasy",2007-06-22,7.5,623726874.0,,150000000.0,yes,no,yes,no,,,,,
2266,"Paris, je t'aime","Drama, Romance",2006-05-16,6.7,,,13000000.0,yes,yes,yes,no,,,,,
5172,The Astronaut Farmer,"Adventure, Comedy, Drama, Science Fiction",2006-10-15,6.2,,,13000000.0,yes,no,no,no,,,,,
37725,It's a Boy Girl Thing,"Comedy, Fantasy, Romance",2006-12-26,6.3,,,15500000.0,yes,no,yes,yes,,,,,
9828,Unknown,"Crime, Drama, Mystery, Thriller",2006-11-03,6.4,135710029.0,,3700000.0,yes,no,no,no,,,,,
9958,Trailer Park Boys: The Movie,Comedy,2006-10-06,6.8,,7.1,5000000.0,no,no,no,no,"Canada, United States",2006,95,3.0,0.0
1250,Ghost Rider,"Thriller, Action, Fantasy, Horror",2007-02-16,5.2,228738393.0,,110000000.0,yes,no,yes,yes,,,,,
16555,Daddy's Little Girls,"Comedy, Drama, Romance",2007-02-14,6.6,31609243.0,,10000000.0,yes,no,yes,no,,,,,
11172,Music and Lyrics,"Comedy, Music, Romance",2007-02-09,6.2,145896422.0,,40000000.0,yes,no,yes,no,,,,,
3594,The Number 23,"Thriller, Drama, Mystery",2007-02-23,6.3,77677553.0,,30000000.0,yes,no,yes,yes,,,,,
7874,Black Snake Moan,Drama,2006-12-08,6.6,,,15000000.0,no,yes,no,no,,,,,
4638,Hot Fuzz,"Crime, Action, Comedy",2007-02-14,7.4,80577265.0,,12000000.0,yes,no,yes,no,,,,,
1738,Next,"Action, Science Fiction, Thriller",2007-04-24,5.9,77621983.0,,70000000.0,yes,yes,yes,no,,,,,
14375,Romanzo criminale,Drama,2005-09-30,7.3,,,818418.0,no,yes,yes,no,,,,,
31659,Wise Guys,"Comedy, Crime",1986-04-17,6.1,,,13000000.0,yes,no,no,no,,,,,
1949,Zodiac,"Crime, Drama, Mystery, Thriller",2007-03-02,7.3,84785914.0,,65000000.0,yes,no,yes,no,,,,,
1271,300,"Action, Adventure, War",2006-12-09,7.0,456068181.0,,65000000.0,yes,no,yes,no,,,,,
2977,Becoming Jane,"Drama, Romance",2007-03-02,6.9,37311672.0,,16500000.0,yes,yes,yes,yes,,,,,
16727,The Namesake,Drama,2006-09-02,6.8,20354321.0,,12000000.0,no,yes,yes,yes,,,,,
14434,I Think I Love My Wife,"Comedy, Romance",2007-03-16,5.0,,,11000000.0,yes,no,no,yes,,,,,
9963,Premonition,"Thriller, Drama, Mystery",2007-02-08,5.8,84146832.0,,20000000.0,yes,no,yes,no,,,,,
2355,Reign Over Me,Drama,2007-03-23,7.1,22242388.0,,20000000.0,no,no,yes,no,,,,,
7485,Shooter,"Action, Drama, Mystery, Thriller, Crime",2007-03-22,6.9,95696996.0,,61000000.0,yes,no,yes,no,,,,,
1273,TMNT,"Adventure, Animation, Comedy, Family",2007-03-23,6.0,95797812.0,,34000000.0,yes,no,yes,no,,,,,
8270,The Lookout,"Crime, Drama, Thriller",2007-03-09,6.6,,,16000000.0,yes,no,yes,no,,,,,
1683,The Reaping,"Thriller, Horror",2007-04-05,5.4,62771059.0,,40000000.0,yes,yes,yes,no,,,,,
1267,Meet the Robinsons,"Animation, Comedy, Family",2007-03-23,6.7,169333034.0,,150000000.0,yes,no,yes,no,,,,,
13249,Seraphim Falls,"Western, Drama",2006-09-13,6.4,,,18000000.0,yes,no,no,no,,,,,
1272,Sunshine,"Science Fiction, Thriller",2007-04-05,7.0,34806360.0,,50000000.0,yes,no,yes,yes,,,,,
9903,The Hoax,"Comedy, Drama",2006-10-14,6.4,,,25000000.0,yes,no,yes,no,,,,,
11515,Goya's Ghosts,Drama,2006-11-08,6.6,,,50000000.0,no,no,yes,yes,,,,,
7183,Perfect Stranger,"Crime, Drama, Mystery, Thriller",2007-04-12,5.4,73534117.0,,60795000.0,yes,yes,yes,no,,,,,
8271,Disturbia,"Thriller, Drama, Mystery",2007-04-12,6.6,118114220.0,,20000000.0,yes,yes,yes,no,,,,,
1534,Pathfinder,Adventure,2007-01-11,5.4,30984583.0,,45000000.0,no,yes,yes,no,,,,,
18777,Slow Burn,"Mystery, Crime, Drama, Thriller",2005-09-12,5.5,,,15500000.0,yes,no,yes,no,,,,,
1441,The Contract,"Drama, Action, Thriller, Crime",2006-04-05,5.5,,,25000000.0,yes,no,yes,yes,,,,,
13067,In the Land of Women,"Romance, Comedy, Drama",2007-04-16,5.8,,,10000000.0,yes,no,yes,no,,,,,
1268,Mr. Bean's Holiday,"Family, Comedy",2007-03-22,6.1,232225908.0,,25000000.0,yes,yes,yes,yes,,,,,
9785,The Invisible,"Crime, Drama, Fantasy, Mystery, Thriller",2007-04-27,6.0,26810113.0,,30000000.0,yes,no,yes,yes,,,,,
559,Spider-Man 3,"Fantasy, Action, Adventure",2007-05-01,5.9,890871626.0,,258000000.0,yes,yes,yes,no,,,,,
11798,This Is England,"Drama, Crime",2006-09-12,7.4,,,2380000.0,yes,no,yes,no,,,,,
4964,Knocked Up,"Comedy, Romance, Drama",2007-06-01,6.2,219922417.0,,30000000.0,yes,no,yes,no,,,,,
2976,Hairspray,"Family, Comedy, Music, Romance",2007-07-13,6.5,203553768.0,,50000000.0,yes,no,yes,yes,,,,,
1562,28 Weeks Later,"Horror, Thriller, Science Fiction",2007-04-26,6.5,65048725.0,,15000000.0,yes,no,yes,yes,,,,,
810,Shrek the Third,"Fantasy, Adventure, Animation, Comedy, Family",2007-05-17,6.0,808308862.0,,160000000.0,yes,no,yes,no,,,,,
285,Pirates of the Caribbean: At World's End,"Adventure, Fantasy, Action",2007-05-19,6.9,960996492.0,,300000000.0,yes,no,yes,no,,,,,
12526,Bug,"Horror, Thriller",2006-05-19,6.0,,,4000000.0,yes,no,yes,no,,,,,
3432,Mr. Brooks,"Drama, Crime, Mystery, Thriller",2007-06-01,6.8,48443734.0,,20000000.0,yes,no,yes,no,,,,,
15568,Gracie,Drama,2007-06-01,6.0,,,9000000.0,no,no,yes,no,,,,,
3489,88 Minutes,"Crime, Mystery, Thriller",2007-02-14,5.7,32593385.0,,30000000.0,yes,no,yes,no,,,,,
298,Ocean's Thirteen,"Crime, Thriller",2007-06-07,6.5,311312624.0,,85000000.0,yes,yes,yes,no,,,,,
14064,Ten Canoes,"Adventure, Comedy, Drama",2006-06-29,6.7,,,2000000.0,yes,no,yes,no,,,,,
1691,Hostel: Part II,Horror,2007-06-08,5.6,35728183.0,,10200000.0,no,yes,yes,no,,,,,
1979,4: Rise of the Silver Surfer,"Adventure, Fantasy, Action, Thriller",2007-06-13,5.4,,,130000000.0,yes,yes,yes,yes,,,,,
10288,Fido,"Romance, Comedy, Drama, Horror",2006-09-07,6.6,,,8000000.0,yes,no,yes,no,,,,,
1991,Death Proof,"Action, Thriller",2007-05-21,6.7,,,25000000.0,yes,no,yes,no,,,,,
9952,Rescue Dawn,"Adventure, Drama, War",2006-09-09,6.9,,,10000000.0,yes,no,no,no,,,,,
2359,Sicko,Documentary,2007-05-18,7.3,36093504.0,,9000000.0,no,yes,no,no,,,,,
1988,A Mighty Heart,"Drama, Thriller",2007-01-01,6.7,19008745.0,,16000000.0,yes,yes,yes,yes,,,,,
3021,1408,"Horror, Thriller",2007-07-12,6.5,132963417.0,,25000000.0,yes,no,yes,no,,,,,
1571,Live Free or Die Hard,"Action, Thriller",2007-06-20,6.4,388156011.0,,110000000.0,yes,yes,yes,yes,,,,,
2959,License to Wed,Comedy,2007-07-04,5.3,70181325.0,,35000000.0,no,no,yes,yes,,,,,
2698,Evan Almighty,"Fantasy, Comedy, Family",2007-06-09,5.3,174440724.0,,175000000.0,yes,no,yes,no,,,,,
1858,Transformers,"Adventure, Science Fiction, Action",2007-06-27,6.6,709709780.0,,150000000.0,yes,yes,yes,no,,,,,
14125,Captivity,"Crime, Horror, Thriller",2007-03-09,4.4,,,17000000.0,yes,no,yes,yes,,,,,
675,Harry Potter and the Order of the Phoenix,"Adventure, Fantasy, Family, Mystery",2007-06-28,7.4,941937390.0,,150000000.0,yes,no,yes,yes,,,,,
3563,I Now Pronounce You Chuck & Larry,"Comedy, Romance",2007-07-12,5.8,187134117.0,,85000000.0,yes,no,yes,no,,,,,
2270,Stardust,"Adventure, Fantasy, Romance, Family",2007-08-09,7.2,137515140.0,,70000000.0,yes,no,yes,yes,,,,,
3638,No Reservations,Comedy,2007-07-25,6.1,92601050.0,,28000000.0,no,no,yes,yes,,,,,
2503,The Bourne Ultimatum,"Action, Drama, Mystery, Thriller",2007-08-03,7.3,444100035.0,,70000000.0,yes,yes,yes,yes,,,,,
8141,You Kill Me,"Comedy, Crime, Thriller, Romance",2007-02-09,6.2,,,4000000.0,yes,no,yes,no,,,,,
8363,Superbad,Comedy,2007-08-17,7.0,170812574.0,,20000000.0,no,no,yes,no,,,,,
5174,Rush Hour 3,"Action, Comedy, Crime, Thriller",2007-08-08,6.1,258097122.0,,140000000.0,yes,yes,no,no,,,,,
9703,The Last Legion,"Action, Adventure, Fantasy, War",2007-04-19,5.0,25303038.0,,67000000.0,yes,no,yes,yes,,,,,
10760,Sydney White,Comedy,2007-09-21,6.0,,,16500000.0,no,no,yes,no,,,,,
4349,The Kingdom,"Thriller, Action, Drama",2007-08-22,6.5,87019158.0,,70000000.0,yes,yes,yes,yes,,,,,
4858,The Invasion,"Science Fiction, Thriller",2007-08-17,5.7,40170558.0,,80000000.0,yes,yes,yes,yes,,,,,
10431,War,"Action, Thriller, Crime",2007-08-24,6.0,67179155.0,,25000000.0,yes,yes,yes,yes,,,,,
12435,The Nanny Diaries,"Comedy, Drama, Romance",2007-08-24,6.1,47817020.0,,20000000.0,yes,no,yes,no,,,,,
2082,Halloween,Horror,2007-08-31,5.9,255485178.0,,15000000.0,no,no,yes,no,,,,,
11835,Death Sentence,"Action, Crime, Drama, Thriller",2007-08-31,6.4,,,20000000.0,yes,no,yes,no,,,,,
13501,The Good Night,"Comedy, Drama, Romance, Fantasy, Music",2007-01-25,5.7,,,15000000.0,yes,yes,yes,yes,,,,,
5176,3:10 to Yuma,Western,2007-09-06,6.9,70016220.0,,55000000.0,no,no,yes,no,,,,,
4347,Atonement,"Drama, Romance",2007-08-29,7.4,129266061.0,,30000000.0,yes,yes,yes,yes,,,,,
4413,The Brave One,"Crime, Drama, Thriller",2007-09-14,6.4,69787394.0,,70000000.0,yes,no,yes,no,,,,,
6973,In the Valley of Elah,"History, Drama, Thriller, Crime, Mystery",2007-08-31,6.6,29541790.0,,23000000.0,yes,no,yes,no,,,,,
7913,Rang De Basanti,Drama,2006-01-26,7.2,,,2200000.0,no,no,yes,no,,,,,
15019,I Could Never Be Your Woman,"Comedy, Drama, Romance",2007-05-11,5.7,,,24000000.0,yes,no,yes,no,,,,,
4629,December Boys,"Drama, Romance",2007-09-20,6.2,,,4000000.0,yes,no,yes,yes,,,,,
2252,Eastern Promises,"Thriller, Crime, Mystery",2007-09-14,7.2,56106607.0,,51500000.0,yes,yes,yes,yes,,,,,
13072,Brooklyn Rules,"Drama, Action, Thriller",2007-04-30,5.8,,,8000000.0,yes,no,no,no,,,,,
10425,The Death and Life of Bobby Z,"Drama, Action, Thriller, Crime",2007-07-23,5.8,,,22000000.0,yes,no,yes,yes,,,,,
7737,Resident Evil: Extinction,"Horror, Action, Science Fiction",2007-09-20,6.1,147717833.0,,45000000.0,yes,no,yes,yes,,,,,
10030,Good Luck Chuck,Comedy,2007-09-21,5.6,59768495.0,,25000000.0,no,no,yes,yes,,,,,
5915,Into the Wild,"Adventure, Drama",2007-09-11,7.8,56674477.0,,15000000.0,yes,yes,yes,no,,,,,
13680,The Game Plan,"Comedy, Family",2007-09-28,6.0,147880543.0,,22000000.0,yes,no,yes,no,,,,,
9038,The Heartbreak Kid,Comedy,2007-10-05,5.7,128453183.0,,60000000.0,no,yes,yes,no,,,,,
7211,Dan in Real Life,"Comedy, Romance, Drama",2007-10-26,6.5,68471669.0,,25000000.0,yes,no,yes,no,,,,,
4538,The Darjeeling Limited,"Adventure, Drama, Comedy",2007-09-29,7.1,35078918.0,,16000000.0,yes,yes,yes,no,,,,,
2001,We Own the Night,"Drama, Crime, Thriller",2007-05-25,6.5,55033767.0,,21000000.0,yes,yes,yes,no,,,,,
4517,Elizabeth: The Golden Age,"Drama, History, Romance",2007-09-09,6.6,75782758.0,,55000000.0,yes,yes,yes,no,,,,,
4566,Michael Clayton,"Drama, Mystery, Crime",2007-09-28,6.6,92991835.0,,25000000.0,yes,no,yes,no,,,,,
6615,Lars and the Real Girl,"Comedy, Romance, Drama",2007-10-12,7.1,,,12000000.0,yes,yes,yes,no,,,,,
4513,30 Days of Night,"Horror, Thriller",2007-10-17,6.2,75513170.0,,30000000.0,yes,no,yes,yes,,,,,
5125,Rendition,"Drama, Thriller",2007-09-07,6.2,27066382.0,,27500000.0,yes,yes,yes,no,,,,,
3877,Things We Lost in the Fire,Drama,2007-09-26,6.7,,,16000000.0,no,no,yes,no,,,,,
4771,Gone Baby Gone,"Crime, Drama, Mystery",2007-10-19,7.2,34612443.0,,19000000.0,yes,no,yes,no,,,,,
4512,The Assassination of Jesse James by the Coward Robert Ford,"Action, Drama, Western",2007-09-02,7.0,,,30000000.0,yes,no,yes,yes,,,,,
13197,10th & Wolf,"Action, Crime, Drama, Mystery, Thriller",2006-02-19,6.3,,,8000000.0,yes,no,no,no,,,,,
17202,Why Did I Get Married?,"Comedy, Drama",2007-10-12,6.1,55862886.0,,15000000.0,yes,no,no,no,,,,,
663,Saw IV,"Horror, Thriller, Crime",2007-10-25,5.9,139352633.0,,10000000.0,yes,no,yes,no,,,,,
4982,American Gangster,"Drama, Crime",2007-11-02,7.4,269755430.0,,100000000.0,yes,no,yes,yes,,,,,
5559,Bee Movie,"Family, Animation, Adventure, Comedy",2007-10-28,5.7,293514336.0,6.1,150000000.0,yes,no,yes,no,"United States, Canada",2007,91,15.0,1.0
7972,Before the Devil Knows You're Dead,"Crime, Drama, Thriller",2007-09-26,6.9,25037657.0,,18000000.0,yes,no,yes,no,,,,,
6977,No Country for Old Men,"Crime, Drama, Thriller",2007-11-08,7.7,171627166.0,,25000000.0,yes,yes,yes,no,,,,,
5123,August Rush,"Family, Drama, Music",2007-11-21,7.2,66122026.0,,25000000.0,yes,no,yes,no,,,,,
4515,Lions for Lambs,"Action, Adventure, Drama, History",2007-10-22,6.0,64811540.0,,35000000.0,yes,no,yes,no,,,,,
5375,Fred Claus,"Action, Comedy, Drama",2007-11-03,5.5,97838349.0,,100000000.0,yes,no,yes,no,,,,,
2310,Beowulf,"Adventure, Action, Animation",2007-11-05,5.5,196393745.0,,70000000.0,yes,no,yes,no,,,,,
6639,Love in the Time of Cholera,"Drama, Romance",2007-10-04,6.5,31575877.0,,45000000.0,yes,no,yes,no,,,,,
4723,Southland Tales,"Comedy, Science Fiction, Thriller",2006-05-15,5.2,,,17000000.0,yes,no,yes,yes,,,,,
20714,12,"Crime, Drama",2007-06-06,6.6,,,4000000.0,yes,yes,yes,no,,,,,
5876,The Mist,"Science Fiction, Horror, Thriller",2007-11-21,6.7,57470220.0,,18000000.0,yes,no,yes,no,,,,,
4523,Enchanted,"Comedy, Family, Fantasy, Romance",2007-11-20,6.6,340487652.0,,85000000.0,yes,no,yes,no,,,,,
13474,P2,"Horror, Thriller",2007-11-09,5.7,,,8000000.0,yes,no,no,no,,,,,
8079,Om Shanti Om,"Comedy, Drama, Romance",2007-11-07,7.2,39990809.0,,9100000.0,yes,no,no,no,,,,,
2268,The Golden Compass,"Adventure, Fantasy",2007-12-04,5.8,372234864.0,,180000000.0,yes,yes,yes,yes,,,,,
6479,I Am Legend,"Drama, Horror, Action, Thriller, Science Fiction",2007-12-14,6.9,585410052.0,,150000000.0,yes,no,yes,no,,,,,
6477,Alvin and the Chipmunks,"Comedy, Music, Family, Fantasy, Animation",2007-12-13,5.5,365352546.0,,60000000.0,yes,yes,yes,no,,,,,
3902,I'm Not There.,"Drama, Music",2007-10-01,6.6,,,20000000.0,yes,no,yes,no,,,,,
7326,Juno,"Comedy, Drama, Romance",2007-12-05,7.0,232372917.0,,7500000.0,yes,no,yes,no,,,,,
1989,My Blueberry Nights,"Drama, Romance",2007-05-16,6.1,22007671.0,,10000000.0,yes,no,yes,yes,,,,,
11600,Redacted,"Drama, War",2007-01-01,6.2,,,5000000.0,yes,yes,yes,no,,,,,
7350,The Bucket List,"Drama, Comedy",2007-12-25,7.0,175372502.0,,45000000.0,yes,no,yes,no,,,,,
7979,The Kite Runner,Drama,2007-10-14,7.3,75011029.0,,20000000.0,no,yes,yes,yes,,,,,
13885,Sweeney Todd: The Demon Barber of Fleet Street,"Drama, Horror, Music",2007-12-20,7.0,153383627.0,,50000000.0,yes,no,yes,yes,,,,,
6637,National Treasure: Book of Secrets,"Action, Adventure, Mystery, Thriller",2007-12-13,6.1,459242249.0,,130000000.0,yes,yes,yes,no,,,,,
7345,There Will Be Blood,Drama,2007-12-28,7.9,76181545.0,,25000000.0,no,no,yes,no,,,,,
6538,Charlie Wilson's War,"Comedy, Drama, History",2007-12-19,6.5,119483446.0,,75000000.0,yes,yes,yes,no,,,,,
440,Aliens vs Predator: Requiem,"Fantasy, Action, Science Fiction, Thriller, Horror",2007-12-25,4.9,,,40000000.0,yes,no,yes,no,,,,,
6575,Walk Hard: The Dewey Cox Story,"Comedy, Music",2007-12-21,6.6,20577458.0,,35000000.0,yes,no,yes,no,,,,,
14047,The Great Debaters,Drama,2007-12-27,6.9,,,15000000.0,no,no,yes,no,,,,,
54318,The Water Horse,"Fantasy, Adventure, Family",2007-12-25,6.3,103967384.0,,40000000.0,yes,no,yes,yes,,,,,
6023,P.S. I Love You,"Drama, Romance",2007-11-15,7.0,156835339.0,,30000000.0,yes,no,yes,no,,,,,
6557,27 Dresses,"Comedy, Romance",2008-01-10,6.1,162655351.0,,30000000.0,yes,no,yes,no,,,,,
7508,Taare Zameen Par,Drama,2007-12-21,7.7,,,2600000.0,no,no,yes,no,,,,,
13195,Flawless,"Crime, Drama, Thriller",2007-09-01,6.6,,,20000000.0,yes,no,yes,yes,,,,,
8090,Untraceable,Drama,2008-01-22,5.9,52933513.0,,35000000.0,no,no,yes,no,,,,,
7555,Rambo,"Action, Thriller",2008-01-24,6.4,113244290.0,,50000000.0,yes,yes,yes,yes,,,,,
9030,The Eye,"Drama, Horror, Thriller",2008-02-01,5.5,58010320.0,,12000000.0,yes,yes,yes,no,,,,,
11253,Hellboy II: The Golden Army,"Adventure, Fantasy, Science Fiction",2008-07-11,6.5,168319243.0,,85000000.0,yes,no,yes,yes,,,,,
8321,In Bruges,"Comedy, Drama, Crime",2008-02-08,7.4,33394440.0,,15000000.0,yes,no,yes,yes,,,,,
62652,Bamako,Drama,2006-06-21,6.4,,,2000000.0,no,yes,yes,yes,,,,,
19384,Dark Angel,"Action, Thriller, Science Fiction, Crime, Horror",1990-01-26,5.5,,,7000000.0,yes,no,yes,no,,,,,
13490,Welcome Home Roscoe Jenkins,"Comedy, Drama",2008-02-08,5.7,,,35000000.0,yes,no,yes,no,,,,,
8676,Fool's Gold,"Romance, Comedy, Adventure",2008-02-07,5.4,111231041.0,,70000000.0,yes,no,yes,no,,,,,
7461,Vantage Point,"Drama, Action, Thriller, Crime",2008-02-01,6.3,152039882.0,,40000000.0,yes,yes,yes,no,,,,,
8204,The Spiderwick Chronicles,"Adventure, Family, Fantasy",2008-02-14,6.3,164170327.0,,90000000.0,yes,no,yes,no,,,,,
8328,Step Up 2: The Streets,"Music, Drama, Romance",2008-02-14,6.5,150816700.0,,23000000.0,yes,yes,yes,no,,,,,
7942,Run Fatboy Run,"Comedy, Romance",2007-09-06,6.2,33478921.0,,10000000.0,yes,no,yes,no,,,,,
13362,Taxi to the Dark Side,Documentary,2007-04-30,6.6,,,1000000.0,no,no,no,no,,,,,
7840,"10,000 BC","Adventure, Action, Drama, Fantasy",2008-02-22,5.1,269784201.0,,105000000.0,yes,no,yes,yes,,,,,
8848,The Bank Job,"Thriller, Crime, Drama",2008-02-28,6.6,64822796.0,,20000000.0,yes,no,yes,yes,,,,,
13460,Doomsday,"Action, Thriller, Science Fiction",2008-03-14,5.8,22472631.0,,30000000.0,yes,no,yes,yes,,,,,
8461,Funny Games,"Horror, Thriller, Crime",2007-10-20,6.3,,,15000000.0,yes,no,yes,yes,,,,,
13025,Diary of the Dead,"Horror, Action, Science Fiction",2007-09-08,5.4,,,2000000.0,yes,no,no,no,,,,,
8944,What Just Happened,"Comedy, Drama",2008-10-17,5.2,,,25000000.0,yes,yes,yes,no,,,,,
28260,Return of the Living Dead 3,"Comedy, Science Fiction, Romance, Horror",1993-10-01,5.9,,,2000000.0,yes,yes,no,no,,,,,
155,The Dark Knight,"Drama, Action, Crime, Thriller",2008-07-16,8.3,1003845358.0,,185000000.0,yes,yes,yes,yes,,,,,
8456,Never Back Down,"Drama, Action",2008-03-04,6.5,41627431.0,,20000000.0,yes,no,yes,no,,,,,
13495,Alatriste,Action,2006-09-01,5.6,,,24000000.0,no,no,yes,no,,,,,
8065,21,"Drama, Crime",2008-03-27,6.5,159808370.0,,35000000.0,yes,no,yes,no,,,,,
12890,Smart People,"Comedy, Drama, Romance",2008-04-11,5.8,,,7000000.0,yes,no,yes,no,,,,,
4942,Leatherheads,"Comedy, Romance, Drama",2008-03-24,5.7,41319039.0,,58000000.0,yes,yes,yes,yes,,,,,
11483,Pirates,"Adventure, Comedy",1986-05-08,6.2,,,40000000.0,yes,yes,yes,yes,,,,,
8988,Stop-Loss,"Drama, War",2008-03-28,6.1,,,25000000.0,yes,no,yes,no,,,,,
7351,Julia,Drama,2008-02-09,7.2,,,6000000.0,no,yes,yes,no,,,,,
10488,Nim's Island,"Adventure, Comedy, Family, Fantasy",2008-04-03,5.6,100104565.0,,37000000.0,yes,no,no,no,,,,,
9870,Forgetting Sarah Marshall,"Comedy, Romance, Drama",2008-04-17,6.4,105833257.0,,30000000.0,yes,yes,yes,no,,,,,
1266,Street Kings,"Action, Crime, Drama, Thriller",2008-04-10,6.3,66476363.0,,20000000.0,yes,yes,yes,no,,,,,
13335,Harold & Kumar Escape from Guantanamo Bay,"Comedy, Adventure",2008-04-25,6.2,43495888.0,,12000000.0,yes,no,no,no,,,,,
7459,Speed Racer,"Action, Family, Science Fiction",2008-05-09,5.7,93945766.0,,120000000.0,yes,no,yes,yes,,,,,
1729,The Forbidden Kingdom,"Action, Adventure, Fantasy",2008-04-18,6.3,128779982.0,,55000000.0,yes,yes,yes,yes,,,,,
13258,Son of Rambow,Comedy,2007-01-22,6.7,,,4000000.0,no,yes,yes,yes,,,,,
13018,Deception,Thriller,2008-04-24,5.7,,,25000000.0,no,no,yes,no,,,,,
8780,Baby Mama,Comedy,2008-04-23,5.8,64444713.0,,30000000.0,no,no,yes,no,,,,,
1726,Iron Man,"Action, Science Fiction, Adventure",2008-04-30,7.4,585366247.0,,140000000.0,yes,yes,yes,no,,,,,
10761,Made of Honor,"Comedy, Romance",2008-05-02,6.0,106407672.0,,40000000.0,yes,yes,yes,yes,,,,,
8681,Taken,"Action, Thriller",2008-02-18,7.2,226837760.0,,25000000.0,yes,yes,yes,yes,,,,,
13001,Stargate: The Ark of Truth,"Adventure, Science Fiction",2008-03-11,6.9,,,7000000.0,yes,no,yes,yes,,,,,
13243,Meet Bill,"Comedy, Drama, Romance",2007-09-07,5.9,,,5000000.0,yes,no,yes,no,,,,,
9029,What Happens in Vegas,"Comedy, Romance",2008-05-07,5.8,219375562.0,,35000000.0,yes,yes,yes,no,,,,,
2454,The Chronicles of Narnia: Prince Caspian,"Adventure, Family, Fantasy",2008-05-15,6.3,419665568.0,,225000000.0,yes,no,yes,yes,,,,,
217,Indiana Jones and the Kingdom of the Crystal Skull,"Adventure, Action",2008-05-21,5.7,786636033.0,,185000000.0,yes,yes,yes,no,,,,,
4564,Sex and the City,"Comedy, Drama, Romance",2008-05-12,6.0,418765321.0,,65000000.0,yes,no,yes,no,,,,,
9502,Kung Fu Panda,"Adventure, Animation, Family, Comedy",2008-06-04,6.9,631744560.0,,130000000.0,yes,no,no,no,,,,,
10661,You Don't Mess with the Zohan,"Comedy, Action",2008-06-05,5.5,204313400.0,,90000000.0,yes,yes,yes,no,,,,,
8645,The Happening,"Thriller, Science Fiction",2008-06-11,4.9,163403799.0,,60000000.0,yes,yes,yes,yes,,,,,
1724,The Incredible Hulk,"Science Fiction, Action, Adventure",2008-06-12,6.1,264770996.0,,150000000.0,yes,yes,yes,no,,,,,
8909,Wanted,"Action, Thriller, Crime",2008-06-19,6.4,342463063.0,,75000000.0,yes,no,yes,yes,,,,,
8960,Hancock,"Fantasy, Action",2008-07-01,6.2,629443428.0,,150000000.0,yes,yes,yes,no,,,,,
11665,Get Smart,"Action, Comedy, Thriller",2008-06-19,6.0,230685453.0,,80000000.0,yes,yes,yes,yes,,,,,
13990,The Wackness,Drama,2008-07-03,6.2,,,6000000.0,no,no,yes,no,,,,,
11631,Mamma Mia!,"Comedy, Romance",2008-07-03,6.4,610002542.0,,52000000.0,yes,yes,yes,yes,,,,,
88751,Journey to the Center of the Earth,"Action, Science Fiction, Adventure, Comedy, Family",2008-07-10,5.8,244232688.0,,45000000.0,yes,yes,yes,no,,,,,
11260,Meet Dave,"Comedy, Science Fiction, Adventure, Family",2008-07-08,5.1,51339567.0,,60000000.0,yes,no,yes,no,,,,,
13910,Death Defying Acts,"Drama, Romance",2007-09-13,5.5,,,20000000.0,yes,yes,no,no,,,,,
6687,Transsiberian,"Thriller, Crime, Mystery",2008-01-18,6.5,,,15000000.0,yes,yes,yes,yes,,,,,
13183,Watchmen,"Action, Mystery, Science Fiction",2009-03-05,7.0,185382813.0,,130000000.0,yes,no,yes,no,,,,,
12133,Step Brothers,Comedy,2008-07-25,6.5,128107642.0,,65000000.0,no,yes,yes,no,,,,,
12568,Brideshead Revisited,"Drama, Romance",2008-07-25,6.2,,,20000000.0,yes,yes,yes,yes,,,,,
8836,The X Files: I Want to Believe,"Drama, Mystery, Science Fiction, Thriller",2008-07-24,5.5,69363381.0,,30000000.0,yes,no,yes,yes,,,,,
1735,The Mummy: Tomb of the Dragon Emperor,"Adventure, Action, Fantasy",2008-07-01,5.2,403449830.0,,145000000.0,yes,yes,yes,yes,,,,,
10187,Swing Vote,"Drama, Comedy",2008-08-01,5.8,,,21000000.0,yes,no,no,no,,,,,
10185,The Midnight Meat Train,"Mystery, Drama, Crime, Thriller, Horror",2008-08-07,6.0,,,15000000.0,yes,yes,yes,no,,,,,
13996,Bottle Shock,"Comedy, Drama",2008-08-06,6.6,,,5000000.0,yes,yes,yes,no,,,,,
5038,Vicky Cristina Barcelona,"Drama, Romance",2008-08-15,6.7,96409830.0,,15000000.0,yes,yes,yes,yes,,,,,
10189,Pineapple Express,"Action, Comedy",2008-08-06,6.6,101624843.0,,27000000.0,yes,no,yes,no,,,,,
11671,Elegy,"Drama, Romance",2008-08-08,6.4,,,13000000.0,yes,yes,no,no,,,,,
7446,Tropic Thunder,"Action, Comedy",2008-08-09,6.5,195703047.0,,92000000.0,yes,yes,yes,yes,,,,,
12180,Star Wars: The Clone Wars,"Thriller, Animation, Action, Science Fiction, Adventure, Fantasy",2008-08-05,5.8,68282844.0,,8500000.0,yes,no,no,yes,,,,,
13256,Mutant Chronicles,"Action, Adventure, Horror, Science Fiction",2008-08-07,5.1,,,8000000.0,yes,no,yes,yes,,,,,
10483,Death Race,"Action, Thriller, Science Fiction",2008-08-22,6.0,76014335.0,,45000000.0,yes,no,yes,yes,,,,,
12620,The House Bunny,"Romance, Comedy",2008-08-22,5.6,70439696.0,,25000000.0,yes,no,yes,no,,,,,
10186,The Rocker,"Comedy, Music",2008-08-20,5.6,,,15000000.0,yes,yes,no,no,,,,,
13515,Mirrors,"Horror, Mystery, Thriller",2008-08-15,6.0,78094714.0,,35000000.0,yes,no,yes,yes,,,,,
13637,Sukiyaki Western Django,"Adventure, Action, Comedy, Western, Thriller",2007-09-15,6.3,,,3800000.0,yes,no,yes,no,,,,,
4944,Burn After Reading,"Comedy, Drama",2008-09-05,6.5,163728902.0,,37000000.0,yes,no,yes,yes,,,,,
9381,Babylon A.D.,"Action, Adventure, Science Fiction, Thriller",2008-08-20,5.4,72109200.0,,70000000.0,yes,yes,yes,yes,,,,,
13291,Traitor,"Drama, Action, Thriller, Crime",2008-08-23,6.6,27674464.0,,22000000.0,yes,yes,yes,no,,,,,
8285,The Spirit,"Action, Comedy, Thriller, Crime, Science Fiction",2008-12-25,4.7,39164441.0,,60000000.0,yes,yes,yes,no,,,,,
13184,Bangkok Dangerous,"Action, Crime, Thriller",2008-08-21,5.0,42487390.0,,45000000.0,yes,yes,yes,no,,,,,
13389,Righteous Kill,"Action, Crime, Drama, Thriller",2008-09-11,5.9,78460699.0,,60000000.0,yes,yes,yes,no,,,,,
13279,Lakeview Terrace,"Drama, Crime, Thriller",2008-09-19,5.9,44655002.0,,20000000.0,yes,no,yes,no,,,,,
12690,Appaloosa,"Drama, Western, Crime",2008-09-12,6.3,27712362.0,,20000000.0,yes,yes,yes,no,,,,,
12412,Miracle at St. Anna,"Drama, War",2008-09-15,6.3,,,45000000.0,yes,yes,yes,yes,,,,,
13027,Eagle Eye,"Mystery, Thriller, Action",2008-09-25,6.3,178767383.0,,80000000.0,yes,no,yes,yes,,,,,
13092,How to Lose Friends & Alienate People,"Comedy, Romance, Drama",2008-10-02,6.2,19152009.0,,27000000.0,yes,no,yes,no,,,,,
12113,Body of Lies,"Action, Drama, Thriller",2008-10-10,6.5,115900897.0,,70000000.0,yes,yes,yes,yes,,,,,
13600,City of Ember,"Adventure, Family, Fantasy",2008-10-07,6.2,,,55000000.0,yes,no,yes,no,,,,,
30266,"20,000 Leagues Under the Sea","Adventure, Drama, Action, Science Fiction",1916-12-24,6.0,,,200000.0,yes,no,no,yes,,,,,
13051,Max Payne,Action,2008-10-15,5.2,87066930.0,,35000000.0,no,yes,yes,yes,,,,,
10358,Zack and Miri Make a Porno,Comedy,2008-09-18,6.1,42782463.0,,24000000.0,no,no,yes,no,,,,,
10523,W.,"Drama, History",2008-10-17,6.0,29560587.0,,25100000.0,yes,yes,yes,no,,,,,
13596,My Best Friend's Girl,"Romance, Comedy",2008-09-19,5.4,41624687.0,,20000000.0,yes,no,yes,no,,,,,
12837,The Secret Life of Bees,Adventure,2008-09-17,7.4,39952437.0,,11000000.0,no,no,yes,no,,,,,
13150,Pride and Glory,"Thriller, Crime, Drama",2008-09-09,6.3,31200557.0,,30000000.0,yes,no,yes,yes,,,,,
14325,The Express,Drama,2008-10-10,7.1,,,40000000.0,no,no,yes,yes,,,,,
13809,RockNRolla,"Action, Crime, Thriller",2008-09-04,6.9,,,18000000.0,yes,yes,yes,no,,,,,
8338,Blindness,"Drama, Mystery, Science Fiction, Thriller",2008-05-14,6.4,19844979.0,,25000000.0,yes,yes,yes,yes,,,,,
3580,Changeling,"Crime, Drama, Mystery",2008-01-30,7.3,113398237.0,,55000000.0,yes,no,yes,no,,,,,
20766,The Road,"Adventure, Drama",2009-11-25,6.8,27639579.0,,32000000.0,yes,no,yes,no,,,,,
12405,Slumdog Millionaire,"Drama, Romance",2008-05-12,7.6,378410113.0,,15000000.0,yes,yes,yes,yes,,,,,
10764,Quantum of Solace,"Adventure, Action, Thriller, Crime",2008-10-30,6.1,589580694.0,,200000000.0,yes,yes,no,yes,,,,,
15373,Role Models,Comedy,2008-02-03,6.4,92649419.0,,28000000.0,no,no,yes,no,,,,,
13672,JCVD,"Drama, Action, Comedy, Crime",2008-06-04,6.6,,,6000000.0,yes,yes,yes,yes,,,,,
11917,Saw V,"Horror, Thriller, Crime",2008-10-23,6.0,113864059.0,,10800000.0,yes,no,yes,no,,,,,
13523,Sex Drive,"Comedy, Adventure, Romance",2008-10-16,6.0,,,19000000.0,yes,no,yes,no,,,,,
14405,Beverly Hills Chihuahua,"Adventure, Comedy, Family",2008-10-03,4.9,149292488.0,,20000000.0,yes,no,no,no,,,,,
6972,Australia,Drama,2008-11-18,6.3,211788739.0,,130000000.0,no,yes,yes,yes,,,,,
13053,Bolt,"Animation, Family, Adventure, Comedy",2008-11-21,6.3,309979994.0,,150000000.0,yes,no,no,no,,,,,
10139,Milk,"History, Drama",2008-11-26,7.1,54589558.0,,20000000.0,yes,no,no,no,,,,,
8966,Twilight,"Adventure, Fantasy, Drama, Romance",2008-11-20,5.8,407231663.0,,37000000.0,yes,no,yes,no,,,,,
13387,Transporter 3,"Action, Adventure, Thriller, Crime",2008-11-26,5.9,108979549.0,,30000000.0,yes,yes,yes,yes,,,,,
14574,The Boy in the Striped Pyjamas,"War, Drama",2008-05-07,7.7,,,12500000.0,yes,no,yes,yes,,,,,
10900,Surveillance,"Horror, Thriller, Mystery",2008-02-08,6.0,,,3500000.0,yes,no,yes,no,,,,,
14438,Fireproof,Drama,2008-09-26,7.0,33473297.0,,500000.0,no,no,yes,no,,,,,
13056,Punisher: War Zone,"Action, Crime",2008-12-05,5.6,,,20500000.0,yes,yes,yes,yes,,,,,
10200,The Day the Earth Stood Still,"Drama, Science Fiction, Thriller",2008-12-10,5.2,233093859.0,,80000000.0,yes,yes,yes,yes,,,,,
14359,Doubt,"Drama, Mystery",2008-11-27,7.0,51699984.0,,20000000.0,yes,no,yes,no,,,,,
13223,Gran Torino,Drama,2008-12-09,7.8,269958228.0,,33000000.0,no,no,yes,yes,,,,,
8055,The Reader,"Drama, Romance",2008-12-10,7.2,108902486.0,,32000000.0,yes,yes,yes,yes,,,,,
11321,Seven Pounds,Drama,2008-12-18,7.5,169748929.0,,55000000.0,no,yes,yes,no,,,,,
12163,The Wrestler,"Drama, Romance",2008-09-07,7.3,44734660.0,,6000000.0,yes,no,yes,no,,,,,
4922,The Curious Case of Benjamin Button,"Fantasy, Drama, Thriller, Mystery, Romance",2008-11-24,7.3,335802786.0,,150000000.0,yes,no,yes,no,,,,,
10201,Yes Man,Comedy,2008-12-09,6.4,223241637.0,,70000000.0,no,yes,yes,no,,,,,
2253,Valkyrie,"Drama, Thriller, History, War",2008-12-25,6.7,201545517.0,,75000000.0,yes,yes,yes,yes,,,,,
10202,Bedtime Stories,"Fantasy, Comedy, Family, Romance",2008-12-24,5.9,212874864.0,,80000000.0,yes,no,yes,no,,,,,
13973,Choke,"Comedy, Drama",2008-09-26,6.0,,,3000000.0,yes,no,yes,no,,,,,
4148,Revolutionary Road,"Drama, Romance",2008-12-19,6.8,75981180.0,,35000000.0,yes,no,yes,yes,,,,,
15676,Nobel Son,"Comedy, Crime, Drama, Thriller",2007-04-28,6.4,,,4000000.0,yes,no,no,no,,,,,
13971,Wild Child,Comedy,2008-01-01,6.4,,,20000000.0,no,no,yes,yes,,,,,
13813,Defiance,"Action, Drama, History, War",2008-12-31,6.7,51262751.0,,32000000.0,yes,yes,yes,no,,,,,
14306,Marley & Me,"Comedy, Family",2008-12-25,6.9,255743093.0,,60000000.0,yes,no,yes,no,,,,,
13944,Passengers,"Drama, Mystery, Thriller, Romance",2008-09-26,5.7,303144152.0,,25000000.0,yes,no,yes,yes,,,,,
10199,The Tale of Despereaux,"Adventure, Animation, Family",2008-12-19,5.8,86957280.0,,60000000.0,yes,no,no,yes,,,,,
14435,My Bloody Valentine,"Mystery, Horror",2009-01-16,5.3,100734718.0,,15000000.0,yes,no,no,no,,,,,
13177,Battle in Seattle,"Action, Drama",2007-09-07,6.3,,,8000000.0,yes,no,yes,no,,,,,
12437,Underworld: Rise of the Lycans,"Fantasy, Action, Adventure, Science Fiction, Thriller",2009-01-22,6.2,92158961.0,,35000000.0,yes,no,yes,no,,,,,
2309,Inkheart,"Adventure, Family, Fantasy",2008-12-11,6.0,62803180.0,,60000000.0,yes,no,yes,yes,,,,,
13825,The Lazarus Project,"Drama, Thriller",2008-10-21,6.0,,,9750000.0,yes,no,yes,yes,,,,,
14560,Paul Blart: Mall Cop,"Action, Adventure, Comedy, Family",2009-01-15,5.2,183348429.0,,26000000.0,yes,no,yes,no,,,,,
10529,Outlander,"Fantasy, Action, Science Fiction",2008-04-24,6.1,,,50000000.0,yes,no,yes,yes,,,,,
50318,Go Go Tales,"Comedy, Drama",2007-05-23,5.4,,,4000000.0,yes,no,yes,yes,,,,,
1977,The Grudge 3,"Mystery, Horror, Thriller",2009-05-12,5.3,,,5000000.0,yes,yes,yes,no,,,,,
14836,Coraline,"Animation, Family",2009-02-05,7.3,125462427.0,,60000000.0,yes,no,yes,no,,,,,
13455,Push,Action,2009-02-06,5.9,48858618.0,,38000000.0,no,no,yes,yes,,,,,
4959,The International,"Drama, Thriller, Crime",2009-02-03,6.0,60253843.0,,50000000.0,yes,yes,yes,yes,,,,,
10362,Two Lovers,"Drama, Romance",2008-11-19,6.6,,,12000000.0,yes,no,yes,yes,,,,,
10184,He's Just Not That Into You,"Comedy, Romance, Drama",2009-02-06,6.2,178866158.0,,40000000.0,yes,no,yes,yes,,,,,
15189,Hotel for Dogs,"Comedy, Family",2009-01-16,5.7,117252578.0,,35000000.0,yes,no,yes,no,,,,,
20829,Funny People,"Comedy, Drama",2009-07-31,5.6,71585235.0,,75000000.0,yes,no,yes,no,,,,,
15268,Street Fighter: The Legend of Chun-Li,"Action, Adventure, Science Fiction, Thriller",2009-02-27,3.9,,,50000000.0,yes,no,yes,yes,,,,,
19255,Away We Go,"Drama, Comedy, Romance",2009-06-05,6.7,,,17000000.0,yes,no,yes,no,,,,,
8832,Il Divo,Drama,2008-05-23,7.5,,,7275000.0,no,no,no,no,,,,,
8279,Paris,Drama,2008-01-19,6.5,23328518.0,,19000000.0,no,no,yes,no,,,,,
13207,Friday the 13th,Horror,2009-02-11,5.7,91509154.0,,19000000.0,no,no,no,no,,,,,
16538,"I Love You, Man",Comedy,2009-03-20,6.5,91980359.0,,41000000.0,no,no,yes,no,,,,,
16558,Duplicity,"Romance, Comedy, Crime",2009-03-19,5.7,78176181.0,,78146652.0,yes,yes,yes,yes,,,,,
13811,Knowing,"Action, Adventure, Drama, Mystery, Science Fiction, Thriller",2009-03-19,5.9,183658498.0,,50000000.0,yes,no,yes,yes,,,,,
16353,Ong Bak 2,"Adventure, Action, Thriller",2008-12-04,5.9,,,8500000.0,yes,yes,no,no,,,,,
13090,Sunshine Cleaning,"Comedy, Drama",2008-01-18,6.5,,,5000000.0,yes,yes,yes,no,,,,,
15512,Monsters vs Aliens,"Animation, Family, Adventure, Science Fiction",2009-03-19,6.0,,,175000000.0,yes,no,no,no,,,,,
14637,Nothing But the Truth,"Drama, Thriller",2008-12-19,6.9,,,11500000.0,yes,no,yes,no,,,,,
16614,Adventureland,Comedy,2009-04-03,6.4,,,9500000.0,no,no,yes,no,,,,,
20048,Confessions of a Shopaholic,"Comedy, Romance",2009-02-05,6.1,108394089.0,,40000000.0,yes,yes,yes,no,,,,,
13804,Fast & Furious,"Action, Crime, Drama, Thriller",2009-04-02,6.5,360364265.0,,85000000.0,yes,no,yes,no,,,,,
18947,The Boat That Rocked,"Drama, Comedy",2009-04-01,7.2,36348784.0,,50000000.0,yes,no,yes,yes,,,,,
16996,17 Again,Comedy,2009-03-11,6.1,136316880.0,,20000000.0,no,no,yes,no,,,,,
16869,Inglourious Basterds,"Drama, Action, Thriller, War",2009-08-18,7.9,321455689.0,,70000000.0,yes,yes,yes,yes,,,,,
16995,State of Play,Action,2009-04-17,6.7,87812371.0,,60000000.0,no,yes,yes,yes,,,,,
15092,Crank: High Voltage,"Action, Thriller, Crime",2009-04-16,5.9,34572541.0,,20000000.0,yes,no,yes,no,,,,,
17431,Moon,"Science Fiction, Drama",2009-06-12,7.6,,,5000000.0,yes,yes,yes,no,,,,,
18320,The Young Victoria,Drama,2009-03-04,7.1,29181829.0,,35000000.0,no,yes,no,yes,,,,,
2080,X-Men Origins: Wolverine,"Adventure, Action, Thriller, Science Fiction",2009-04-28,6.2,373062864.0,,150000000.0,yes,no,yes,no,,,,,
13475,Star Trek,"Science Fiction, Action, Adventure",2009-05-06,7.4,385680446.0,,150000000.0,yes,no,yes,yes,,,,,
17532,S. Darko,"Thriller, Crime, Science Fiction, Mystery",2009-04-28,3.6,,,4000000.0,yes,no,yes,no,,,,,
10946,Earth,Documentary,2007-04-22,7.5,108975160.0,,15000000.0,no,yes,yes,yes,,,,,
15577,Crossing Over,"Crime, Drama",2009-02-27,6.2,,,25000000.0,yes,no,yes,no,,,,,
13448,Angels & Demons,"Thriller, Mystery",2009-05-13,6.5,485930816.0,,150000000.0,yes,yes,yes,yes,,,,,
534,Terminator Salvation,"Action, Science Fiction, Thriller",2009-05-20,5.9,371353001.0,,200000000.0,yes,yes,yes,yes,,,,,
18360,Night at the Museum: Battle of the Smithsonian,"Adventure, Fantasy, Action, Comedy, Family",2009-05-20,5.9,413106170.0,,150000000.0,yes,no,yes,yes,,,,,
21755,The Brothers Bloom,"Adventure, Comedy, Drama, Romance",2008-09-09,6.8,,,20000000.0,yes,yes,yes,no,,,,,
17332,The Soloist,Drama,2009-04-24,6.6,38332994.0,,60000000.0,no,no,yes,no,,,,,
18405,The Last House on the Left,"Crime, Thriller, Horror, Drama",2009-03-13,6.2,45289053.0,,15000000.0,yes,no,yes,no,,,,,
16871,Drag Me to Hell,"Horror, Thriller",2009-03-15,6.2,90842646.0,,30000000.0,yes,yes,yes,no,,,,,
14160,Up,"Animation, Comedy, Family, Adventure",2009-05-13,7.8,735099082.0,,175000000.0,yes,no,no,no,,,,,
17927,Fired Up!,Comedy,2009-02-20,6.0,,,20000000.0,no,no,yes,no,,,,,
18785,The Hangover,Comedy,2009-06-05,7.2,468812793.0,,35000000.0,no,no,yes,yes,,,,,
17609,Antichrist,"Drama, Horror, Thriller",2009-05-18,6.4,,,11000000.0,yes,no,yes,yes,,,,,
16345,Billu,"Comedy, Drama",2009-02-13,6.5,,,5750000.0,yes,no,yes,no,,,,,
14536,New in Town,Comedy,2009-01-30,5.2,29010817.0,,8000000.0,no,yes,yes,yes,,,,,
18162,Land of the Lost,"Adventure, Comedy, Science Fiction",2009-06-05,5.4,68777554.0,,100000000.0,yes,no,yes,no,,,,,
18487,The Taking of Pelham 1 2 3,"Thriller, Drama, Crime",2009-06-11,6.2,,,100000000.0,yes,no,yes,no,,,,,
18240,The Proposal,"Comedy, Romance, Drama",2009-06-01,6.7,317375031.0,,40000000.0,yes,no,yes,no,,,,,
28110,Dillinger,"Action, Crime, Drama",1973-07-20,6.7,,,1000000.0,yes,yes,no,no,,,,,
17610,Year One,"Comedy, Adventure",2009-06-18,4.6,62357900.0,,60000000.0,yes,no,yes,no,,,,,
12162,The Hurt Locker,"Drama, Thriller, War",2008-10-10,7.2,49230772.0,,15000000.0,yes,yes,yes,no,,,,,
8373,Transformers: Revenge of the Fallen,"Science Fiction, Action, Adventure",2009-06-19,6.0,836303693.0,,150000000.0,yes,yes,yes,no,,,,,
19265,Whatever Works,"Comedy, Romance",2009-06-19,6.8,36020534.0,,15000000.0,yes,no,yes,yes,,,,,
11322,Public Enemies,"History, Crime, Drama",2009-07-01,6.5,214104620.0,,80000000.0,yes,no,yes,no,,,,,
8355,Ice Age: Dawn of the Dinosaurs,"Animation, Comedy, Family, Adventure",2009-06-29,6.5,886686817.0,,90000000.0,yes,no,yes,no,,,,,
10024,My Sister's Keeper,Drama,2009-06-26,7.1,95714875.0,,30000000.0,no,yes,yes,no,,,,,
19913,(500) Days of Summer,"Comedy, Drama, Romance",2009-07-17,7.2,,,7500000.0,yes,yes,yes,no,,,,,
767,Harry Potter and the Half-Blood Prince,"Adventure, Fantasy, Family",2009-07-07,7.4,933959197.0,,250000000.0,yes,no,yes,yes,,,,,
8054,The Imaginarium of Doctor Parnassus,"Adventure, Fantasy, Mystery",2009-10-01,6.3,61808775.0,,30000000.0,yes,yes,yes,yes,,,,,
21208,Orphan,"Horror, Thriller, Mystery",2009-07-24,6.7,77912251.0,,20000000.0,yes,yes,yes,yes,,,,,
20943,The Ugly Truth,"Comedy, Romance",2009-07-24,6.4,205298907.0,,38000000.0,yes,no,yes,no,,,,,
12403,A Perfect Getaway,"Thriller, Mystery, Adventure",2009-06-08,6.2,22938329.0,,14000000.0,yes,no,yes,no,,,,,
17654,District 9,Science Fiction,2009-08-05,7.3,210888950.0,,30000000.0,no,yes,yes,yes,,,,,
24803,Julie & Julia,"Romance, Drama",2009-08-06,6.6,129540522.0,,40000000.0,yes,yes,yes,no,,,,,
17335,Obsessed,"Drama, Thriller",2009-04-24,5.1,73830347.0,,20000000.0,yes,no,no,no,,,,,
13836,Race to Witch Mountain,"Adventure, Family, Fantasy, Science Fiction, Thriller, Action",2009-03-12,5.4,106387141.0,,50000000.0,yes,no,yes,no,,,,,
18126,Hannah Montana: The Movie,"Comedy, Drama, Family, Music, Romance",2009-04-10,6.0,155545279.0,4.7,35000000.0,yes,no,yes,no,United States,2009,102,11.0,6.0
14869,G.I. Joe: The Rise of Cobra,"Adventure, Action, Thriller, Science Fiction",2009-08-04,5.6,302469017.0,,175000000.0,yes,yes,yes,yes,,,,,
17134,12 Rounds,"Action, Adventure, Drama, Thriller",2009-03-19,5.7,,,20000000.0,yes,yes,yes,no,,,,,
24420,The Time Traveler's Wife,"Drama, Romance, Fantasy",2009-08-14,6.7,101344412.0,,39000000.0,yes,no,yes,no,,,,,
23367,Bandslam,"Comedy, Drama, Family, Music",2009-08-06,5.4,,,20000000.0,yes,no,yes,no,,,,,
19840,"I Love You, Beth Cooper","Comedy, Romance",2009-07-10,5.2,,,18000000.0,yes,no,yes,yes,,,,,
11928,Tetro,"Drama, Mystery",2009-06-11,6.7,,,15000000.0,yes,yes,yes,yes,,,,,
18533,Bronson,"Drama, Action, Crime",2008-10-09,6.9,,,230000.0,yes,no,yes,no,,,,,
18032,The Secret of Moonacre,"Adventure, Fantasy, Drama, Science Fiction, Romance, Family",2008-09-06,6.2,,,12000000.0,yes,no,yes,yes,,,,,
23049,My Life in Ruins,"Comedy, Romance",2009-02-06,5.6,20455482.0,,17000000.0,yes,no,yes,yes,,,,,
24150,Halloween II,Horror,2009-08-28,5.1,39421467.0,,15000000.0,no,no,yes,no,,,,,
60216,Five Graves to Cairo,"Thriller, War",1943-05-03,6.9,,,855000.0,yes,yes,no,no,,,,,
19898,Pandorum,"Action, Horror, Mystery, Science Fiction, Thriller",2009-09-08,6.5,20648328.0,,33000000.0,yes,yes,yes,yes,,,,,
10313,The Men Who Stare at Goats,"Comedy, War",2009-10-17,5.9,69095771.0,,24000000.0,yes,no,yes,yes,,,,,
19994,Jennifer's Body,"Comedy, Horror",2009-09-18,5.3,31556061.0,,16000000.0,yes,yes,yes,no,,,,,
11323,The Informant!,"Drama, Comedy, Crime",2009-09-18,6.0,41771168.0,,22000000.0,yes,no,yes,no,,,,,
12569,Extract,Comedy,2009-09-03,5.7,,,8000000.0,no,no,no,no,,,,,
18501,Gamer,"Action, Thriller, Science Fiction",2009-09-03,5.6,40828540.0,,50000000.0,yes,no,yes,no,,,,,
22794,Cloudy with a Chance of Meatballs,"Animation, Comedy, Family",2009-09-17,6.5,243006126.0,,100000000.0,yes,no,yes,no,,,,,
25643,Love Happens,"Drama, Romance",2009-09-18,5.6,36088028.0,,18000000.0,yes,no,yes,yes,,,,,
29963,Bright Star,"Drama, Romance",2009-11-05,6.8,,,8500000.0,yes,yes,yes,yes,,,,,
20178,World's Greatest Dad,"Comedy, Romance",2009-08-20,6.5,,,10000000.0,yes,no,yes,no,,,,,
22074,Capitalism: A Love Story,Documentary,2009-09-06,7.0,,,20000000.0,no,yes,yes,no,,,,,
12573,A Serious Man,"Comedy, Drama",2009-10-02,6.6,31430334.0,,7000000.0,yes,yes,yes,yes,,,,,
28053,City Island,"Drama, Comedy",2009-03-06,6.9,,,6000000.0,yes,no,yes,no,,,,,
22798,Whip It,Drama,2009-09-13,6.7,,,15000000.0,no,no,yes,no,,,,,
23082,The Invention of Lying,"Comedy, Romance, Fantasy",2009-09-13,6.0,32406507.0,,18500000.0,yes,yes,yes,no,,,,,
18176,Assassination of a High School President,"Comedy, Crime, Mystery, Thriller",2008-01-17,6.1,,,11500000.0,yes,no,yes,no,,,,,
26688,Sorority Row,"Horror, Mystery, Thriller",2009-09-09,5.3,27206120.0,,12500000.0,yes,no,yes,no,,,,,
22787,Whiteout,"Action, Crime, Mystery, Thriller",2009-09-09,5.3,,,40000000.0,yes,yes,yes,yes,,,,,
24684,An Education,"Drama, Romance",2009-10-29,6.9,26096852.0,,7500000.0,yes,no,no,yes,,,,,
18710,Capone,"Crime, Drama",1975-04-16,6.0,,,970000.0,yes,yes,no,no,,,,,
19899,Couples Retreat,"Comedy, Romance",2009-09-19,5.3,171844840.0,,70000000.0,yes,no,yes,no,,,,,
23706,All About Steve,Comedy,2009-09-04,4.7,40105542.0,,15000000.0,no,yes,yes,no,,,,,
11807,Jab We Met,"Drama, Comedy, Romance",2007-10-26,7.2,,,2300000.0,yes,yes,no,no,,,,,
16523,Where the Wild Things Are,"Family, Fantasy",2009-10-16,6.4,100140096.0,,100000000.0,yes,no,yes,no,,,,,
12572,"New York, I Love You","Comedy, Drama, Romance",2008-09-06,5.7,,,14700000.0,yes,yes,no,no,,,,,
22803,Law Abiding Citizen,"Drama, Crime, Thriller",2009-10-15,7.2,127944208.0,,53000000.0,yes,no,yes,no,,,,,
8915,Amelia,Adventure,2009-10-22,5.4,19643086.0,,40000000.0,no,no,yes,no,,,,,
24238,Mary and Max,"Animation, Comedy, Drama",2009-02-09,7.8,,,590235.0,yes,yes,no,no,,,,,
22947,Up in the Air,"Drama, Romance",2009-09-05,6.7,166842739.0,,25000000.0,yes,no,yes,no,,,,,
22804,Saw VI,"Horror, Mystery",2009-10-22,6.0,68234154.0,,11000000.0,yes,no,yes,yes,,,,,
24418,Cirque du Freak: The Vampire's Assistant,"Adventure, Fantasy, Action, Thriller",2009-10-23,5.5,39291383.0,,40000000.0,yes,no,no,no,,,,,
22821,The Boondock Saints II: All Saints Day,"Action, Thriller, Crime",2009-11-24,5.8,,,8000000.0,yes,yes,yes,no,,,,,
24804,Black Dynamite,"Action, Comedy",2009-10-16,7.3,,,2900000.0,yes,yes,yes,no,,,,,
29150,Big Fan,"Comedy, Drama",2009-01-18,6.1,,,250000.0,yes,no,no,no,,,,,
16577,Astro Boy,"Animation, Action, Family, Science Fiction",2009-10-15,6.1,39886986.0,,65000000.0,yes,no,yes,yes,,,,,
17979,A Christmas Carol,"Animation, Drama",2009-11-04,6.6,325286646.0,,200000000.0,yes,no,yes,no,,,,,
24293,Goemon,"Action, Drama, Fantasy",2009-03-17,6.8,,,9000000.0,yes,no,no,no,,,,,
14161,2012,"Action, Adventure, Science Fiction",2009-10-10,5.6,769679473.0,,200000000.0,yes,yes,yes,yes,,,,,
22825,The Box,"Thriller, Science Fiction",2009-09-17,5.4,33333531.0,,30000000.0,yes,no,yes,no,,,,,
22824,The Fourth Kind,"Mystery, Science Fiction, Thriller",2009-11-06,5.8,47709193.0,,10000000.0,yes,no,yes,no,,,,,
25793,Precious,Drama,2009-11-06,6.9,63649529.0,,10000000.0,no,yes,no,no,,,,,
11699,The Bad Lieutenant: Port of Call - New Orleans,"Drama, Crime",2009-09-11,6.0,,,25000000.0,yes,yes,yes,no,,,,,
18239,The Twilight Saga: New Moon,"Adventure, Fantasy, Drama, Romance",2009-03-15,5.6,709827462.0,,50000000.0,yes,yes,yes,no,,,,,
28089,The Messenger,"Drama, History",2009-11-13,7.0,,,6500000.0,yes,yes,no,no,,,,,
22832,Ninja Assassin,"Action, Crime, Thriller",2009-09-29,6.2,61601280.0,,40000000.0,yes,no,yes,yes,,,,,
33273,Celda 211,"Action, Thriller, Drama",2009-11-06,7.3,,,5700000.0,yes,yes,yes,yes,,,,,
7445,Brothers,"Drama, Thriller, War",2009-01-27,6.8,43474578.0,,26000000.0,yes,yes,yes,no,,,,,
20764,Sleep Dealer,"Drama, Science Fiction, Thriller",2008-12-10,6.0,,,2500000.0,yes,yes,no,yes,,,,,
22881,The Blind Side,Drama,2009-11-20,7.2,309208309.0,,29000000.0,no,no,yes,no,,,,,
16866,Planet 51,"Science Fiction, Animation, Family, Comedy, Adventure",2009-11-19,5.6,105647102.0,,70000000.0,yes,yes,yes,yes,,,,,
12404,Me and Orson Welles,"Comedy, Drama, Romance",2009-11-25,6.6,,,25000000.0,yes,no,yes,no,,,,,
7980,The Lovely Bones,"Fantasy, Drama",2009-12-26,6.6,93621340.0,,65000000.0,yes,no,yes,yes,,,,,
22954,Invictus,"Drama, History",2009-12-10,7.0,122233971.0,,60000000.0,yes,no,yes,no,,,,,
10198,The Princess and the Frog,"Romance, Family, Animation, Music",2009-12-08,6.7,267045765.0,,105000000.0,yes,yes,yes,no,,,,,
31909,Invaders from Mars,"Mystery, Science Fiction, Horror",1986-01-01,5.5,,,12000000.0,yes,no,no,no,,,,,
24438,Did You Hear About the Morgans?,Comedy,2009-12-17,5.1,85280250.0,,58000000.0,no,yes,yes,no,,,,,
19995,Avatar,"Action, Adventure, Fantasy, Science Fiction",2009-12-10,7.2,2743577587.0,,237000000.0,yes,yes,yes,yes,,,,,
10197,Nine,"Drama, Music, Romance",2009-12-03,5.1,54004950.0,,80000000.0,yes,yes,yes,yes,,,,,
22897,It's Complicated,"Comedy, Romance",2009-12-23,6.2,219103655.0,,85000000.0,yes,yes,yes,no,,,,,
10528,Sherlock Holmes,"Action, Adventure, Crime, Mystery",2009-12-23,7.0,524028679.0,,90000000.0,yes,yes,yes,yes,,,,,
25196,Crazy Heart,"Drama, Music, Romance",2009-12-16,6.8,47405566.0,,7000000.0,yes,yes,yes,no,,,,,
25137,Beyond a Reasonable Doubt,"Crime, Drama, Mystery",2009-02-05,5.5,,,25000000.0,yes,no,yes,no,,,,,
40494,Trapeze,Drama,1956-05-30,6.4,,,4000000.0,no,yes,no,no,,,,,
23963,Pontypool,"Horror, Mystery, Science Fiction",2009-03-06,6.6,,,1500000.0,yes,yes,yes,no,,,,,
19901,Daybreakers,"Fantasy, Horror, Action, Thriller, Science Fiction",2009-01-06,6.0,51416464.0,,20000000.0,yes,no,yes,yes,,,,,
28178,Hachi: A Dog's Tale,"Drama, Family",2009-06-13,7.7,,,16000000.0,yes,yes,yes,yes,,,,,
25195,Leap Year,"Romance, Comedy",2010-01-08,6.5,32686500.0,,19000000.0,yes,no,yes,yes,,,,,
20504,The Book of Eli,"Action, Thriller, Science Fiction",2010-01-14,6.6,157107755.0,,80000000.0,yes,no,yes,no,,,,,
18476,Horsemen,"Crime, Drama, Horror, Mystery, Thriller",2009-02-06,5.5,,,20000000.0,yes,no,yes,yes,,,,,
31175,Soul Kitchen,"Drama, Comedy",2009-09-09,7.0,,,5000000.0,yes,yes,yes,no,,,,,
40229,The House on Sorority Row,"Horror, Mystery, Thriller",1983-01-21,6.0,,,425000.0,yes,no,no,no,,,,,
17606,The Other Man,"Drama, Thriller, Mystery, Romance",2008-12-25,5.1,,,15000000.0,yes,no,no,yes,,,,,
20453,3 Idiots,"Drama, Comedy, Romance",2009-12-23,7.8,60262836.0,,9000000.0,yes,yes,no,no,,,,,
22894,Legion,Horror,2010-01-21,5.2,67918658.0,,26000000.0,no,no,no,no,,,,,
27569,Extraordinary Measures,Drama,2010-01-21,6.0,,,31000000.0,no,no,yes,no,,,,,
12201,Edge of Darkness,"Crime, Drama, Mystery, Thriller",2010-01-29,6.2,81126522.0,,80000000.0,yes,no,yes,yes,,,,,
8952,I Love You Phillip Morris,"Comedy, Drama, Romance",2009-01-18,6.4,20768906.0,,13000000.0,yes,no,no,no,,,,,
24469,Fish Tank,Drama,2009-05-14,6.9,,,3000000.0,no,no,yes,yes,,,,,
32856,Valentine's Day,"Comedy, Romance",2010-02-10,5.7,216485654.0,,52000000.0,yes,no,yes,no,,,,,
11324,Shutter Island,"Drama, Thriller, Mystery",2010-02-18,7.8,294804195.0,,80000000.0,yes,yes,yes,no,,,,,
38448,Ondine,"Drama, Romance",2009-09-14,6.5,,,12000000.0,yes,yes,yes,yes,,,,,
32657,Percy Jackson & the Olympians: The Lightning Thief,"Adventure, Fantasy, Family",2010-02-01,6.0,226497209.0,,95000000.0,yes,no,yes,yes,,,,,
23742,Cop Out,"Action, Comedy, Crime",2010-02-26,5.3,55611001.0,,30000000.0,yes,yes,no,no,,,,,
11439,The Ghost Writer,"Thriller, Mystery",2010-02-12,6.7,60331447.0,,45000000.0,yes,no,yes,yes,,,,,
23172,The Spy Next Door,"Action, Comedy, Family",2010-01-15,5.5,45236543.0,,28000000.0,yes,no,yes,no,,,,,
26428,Agora,"Adventure, Drama, History",2009-05-17,6.9,39457342.0,,70000000.0,yes,no,yes,no,,,,,
12273,Singh Is Kinng,"Action, Comedy",2008-01-01,5.3,,,14000000.0,yes,yes,no,no,,,,,
29427,The Crazies,"Mystery, Horror, Action",2010-02-26,6.2,54806823.0,,20000000.0,yes,no,yes,no,,,,,
22971,Dear John,"Drama, Romance, War",2010-02-04,6.6,114991723.0,,25000000.0,yes,no,no,no,,,,,
23023,Tooth Fairy,"Comedy, Family, Fantasy",2010-01-14,5.2,112462508.0,,48000000.0,yes,no,yes,yes,,,,,
26022,My Name Is Khan,"Drama, Romance",2010-02-12,7.7,42345360.0,,12000000.0,yes,yes,yes,yes,,,,,
12155,Alice in Wonderland,"Family, Fantasy, Adventure",2010-03-03,6.4,1025467110.0,,200000000.0,yes,no,yes,no,,,,,
22972,Green Zone,"War, Action, Adventure, Drama, Thriller",2010-03-11,6.4,94882549.0,,100000000.0,yes,yes,yes,yes,,,,,
26389,From Paris with Love,"Action, Crime, Thriller",2010-02-05,6.2,52830951.0,,52000000.0,yes,yes,yes,yes,,,,,
26390,Brooklyn's Finest,"Crime, Drama, Thriller",2009-01-16,6.2,36440201.0,,17000000.0,yes,no,yes,no,,,,,
34016,She's Out of My League,"Comedy, Romance",2010-03-11,5.9,49779728.0,,20000000.0,yes,no,yes,no,,,,,
25941,Harry Brown,"Thriller, Crime, Drama, Action",2009-11-11,6.7,,,7300000.0,yes,no,yes,no,,,,,
23169,Remember Me,"Drama, Romance",2010-03-12,6.9,56032889.0,,16000000.0,yes,no,no,no,,,,,
34563,Our Family Wedding,Comedy,2010-03-12,5.7,21409028.0,,14000000.0,no,no,yes,no,,,,,
27573,The Bounty Hunter,Action,2010-03-16,5.6,136333522.0,,40000000.0,no,no,yes,no,,,,,
12834,Leaves of Grass,"Comedy, Crime, Drama, Thriller",2009-09-13,5.9,,,9000000.0,yes,no,yes,no,,,,,
31723,Women in Trouble,"Comedy, Drama",2009-11-13,5.2,,,3000000.0,yes,no,no,no,,,,,
24973,The Egyptian,"History, Drama",1954-08-25,6.0,,,5000000.0,yes,yes,no,no,,,,,
31867,Repo Men,"Action, Science Fiction, Thriller, Crime",2010-03-18,6.2,,,32000000.0,yes,no,yes,yes,,,,,
28355,Case 39,"Horror, Mystery, Thriller",2009-08-13,6.1,28190603.0,,27000000.0,yes,no,yes,yes,,,,,
23048,Hot Tub Time Machine,"Science Fiction, Comedy, Adventure",2010-03-26,5.9,64735752.0,,36000000.0,yes,yes,yes,no,,,,,
28211,Chloe,"Drama, Thriller, Mystery",2009-03-25,5.9,,,15000000.0,yes,no,yes,yes,,,,,
10191,How to Train Your Dragon,"Fantasy, Adventure, Animation, Family",2010-03-05,7.5,494878759.0,,165000000.0,yes,no,yes,no,,,,,
28510,Universal Soldier: Regeneration,"Adventure, Action, Science Fiction, Thriller",2009-10-01,5.2,,,14000000.0,yes,yes,yes,no,,,,,
18823,Clash of the Titans,"Adventure, Fantasy, Action",2010-04-01,5.6,493214993.0,,125000000.0,yes,no,yes,no,,,,,
34769,Defendor,"Drama, Action, Comedy, Crime",2009-09-12,6.5,,,3500000.0,yes,no,yes,yes,,,,,
23483,Kick-Ass,"Action, Crime",2010-03-22,7.1,96188903.0,,28000000.0,yes,no,yes,yes,,,,,
35056,Date Night,Comedy,2010-04-08,5.9,152263880.0,,55000000.0,no,yes,yes,no,,,,,
36419,After.Life,"Drama, Horror, Mystery, Thriller",2010-04-09,5.4,,,4500000.0,yes,no,yes,no,,,,,
27586,The Runaways,"Drama, Music",2010-03-19,6.3,,,10000000.0,yes,no,yes,no,,,,,
26178,Razorback,Horror,1984-04-19,5.6,,,5500000.0,no,no,yes,no,,,,,
34803,Death at a Funeral,Comedy,2010-04-15,5.5,49050886.0,,21000000.0,no,no,yes,no,,,,,
37861,Valhalla Rising,"Adventure, Drama, Action, Fantasy",2009-09-04,5.9,,,5641880.0,yes,no,yes,yes,,,,,
33217,Diary of a Wimpy Kid,"Comedy, Family",2010-03-19,5.9,76196538.0,,15000000.0,yes,no,yes,yes,,,,,
34813,The Losers,"Action, Adventure, Crime, Mystery, Thriller",2010-04-23,6.2,29397654.0,,25000000.0,yes,no,yes,no,,,,,
32985,Solomon Kane,"Adventure, Fantasy, Action, Science Fiction",2009-09-16,5.6,,,45000000.0,yes,yes,yes,yes,,,,,
10138,Iron Man 2,"Adventure, Action, Science Fiction",2010-04-28,6.6,623933331.0,,200000000.0,yes,yes,no,no,,,,,
37931,MacGruber,"Action, Adventure, Comedy",2010-05-21,5.1,,,10000000.0,yes,yes,no,no,,,,,
23437,A Nightmare on Elm Street,"Horror, Mystery, Thriller",2010-04-30,5.5,115694863.0,,35000000.0,yes,no,yes,no,,,,,
37495,Four Lions,"Comedy, Crime, Drama",2010-05-07,7.1,,,967686.0,yes,yes,yes,no,,,,,
35169,Furry Vengeance,Comedy,2010-04-02,4.6,36288132.0,,35000000.0,no,no,yes,yes,,,,,
38542,The Disappearance of Alice Creed,"Crime, Drama, Thriller",2009-09-12,6.4,,,800000.0,yes,no,yes,no,,,,,
20662,Robin Hood,"Action, Adventure",2010-05-12,6.2,321669741.0,,200000000.0,yes,yes,yes,yes,,,,,
31261,Halo Legends,"Action, Animation, Science Fiction",2010-02-16,6.9,,,100000.0,yes,no,no,yes,,,,,
46705,Blue Valentine,"Drama, Romance",2010-12-27,6.9,,,3500000.0,yes,no,yes,no,,,,,
37821,Killers,"Action, Comedy, Thriller, Romance",2010-06-04,5.7,98159963.0,,75000000.0,yes,no,yes,no,,,,,
26388,Buried,"Drama, Thriller, Mystery",2010-09-24,6.6,19439764.0,,1987650.0,yes,no,yes,yes,,,,,
9543,Prince of Persia: The Sands of Time,"Adventure, Fantasy, Action, Romance",2010-05-19,6.2,336365676.0,,150000000.0,yes,no,yes,no,,,,,
37786,Sex and the City 2,"Comedy, Drama, Romance",2010-05-26,5.5,290745055.0,,100000000.0,yes,yes,yes,no,,,,,
32823,Get Him to the Greek,Comedy,2010-06-04,5.9,91720255.0,,40000000.0,no,no,yes,no,,,,,
34806,The Back-Up Plan,"Comedy, Romance",2010-04-23,5.7,,,35000000.0,yes,no,yes,no,,,,,
34544,The A-Team,"Thriller, Action, Adventure, Comedy, Crime",2010-06-10,6.2,177238796.0,,110000000.0,yes,yes,yes,no,,,,,
10193,Toy Story 3,"Animation, Family, Comedy",2010-06-16,7.6,1066969703.0,,200000000.0,yes,yes,yes,no,,,,,
39013,Winter's Bone,Drama,2010-06-11,6.8,,,2000000.0,no,no,yes,no,,,,,
10192,Shrek Forever After,"Comedy, Adventure, Fantasy, Animation, Family",2010-05-16,6.0,752600867.0,,165000000.0,yes,no,no,no,,,,,
24021,The Twilight Saga: Eclipse,"Adventure, Fantasy, Drama, Romance",2010-06-23,5.9,698491347.0,,68000000.0,yes,no,yes,no,,,,,
36691,Solitary Man,"Comedy, Drama, Romance",2009-09-07,5.8,,,15000000.0,yes,no,yes,no,,,,,
34647,Enter the Void,"Fantasy, Drama",2009-05-05,7.2,,,13000000.0,yes,yes,yes,yes,,,,,
10196,The Last Airbender,"Action, Adventure, Family, Fantasy",2010-06-30,4.7,319713881.0,,150000000.0,yes,no,yes,no,,,,,
34851,Predators,"Action, Science Fiction, Adventure, Thriller",2010-07-03,6.0,127233108.0,,40000000.0,yes,yes,yes,no,,,,,
20352,Despicable Me,"Animation, Family",2010-07-08,7.1,543239815.0,,69000000.0,yes,no,yes,no,,,,,
27205,Inception,"Action, Thriller, Science Fiction, Mystery, Adventure",2010-07-14,8.1,828258695.0,,160000000.0,yes,no,yes,yes,,,,,
38365,Grown Ups,Comedy,2010-06-24,6.0,271430189.0,,80000000.0,no,no,yes,no,,,,,
27022,The Sorcerer's Apprentice,"Fantasy, Adventure, Action, Comedy, Drama",2010-07-13,5.9,215283742.0,,150000000.0,yes,no,yes,no,,,,,
37834,Knight and Day,"Action, Comedy",2010-06-15,5.9,,,117000000.0,yes,yes,yes,no,,,,,
38575,The Karate Kid,"Action, Adventure, Drama, Family",2010-06-10,6.2,359126022.0,,40000000.0,yes,yes,yes,yes,,,,,
22556,The Yellow Handkerchief,"Drama, Romance",2008-12-17,6.4,,,15000000.0,yes,no,no,no,,,,,
39781,The Kids Are All Right,"Comedy, Drama",2010-07-09,6.5,34705850.0,,3500000.0,yes,no,yes,no,,,,,
27576,Salt,"Action, Mystery, Thriller",2010-07-21,6.2,293503354.0,,110000000.0,yes,yes,yes,no,,,,,
31011,Mr. Nobody,"Science Fiction, Drama, Romance, Fantasy",2009-09-11,7.9,,,47000000.0,yes,no,yes,yes,,,,,
38778,Dinner for Schmucks,Comedy,2010-07-30,5.5,86855739.0,,69000000.0,no,no,yes,no,,,,,
35019,Nanny McPhee and the Big Bang,"Comedy, Fantasy",2010-03-26,6.0,,,35000000.0,yes,no,yes,yes,,,,,
37950,Charlie St. Cloud,Drama,2010-05-01,6.8,48190704.0,,44000000.0,no,no,yes,no,,,,,
27581,The Other Guys,"Action, Comedy, Crime",2010-08-06,6.1,170458922.0,,100000000.0,yes,no,yes,no,,,,,
27578,The Expendables,"Thriller, Adventure, Action",2010-08-03,6.0,274470394.0,,80000000.0,yes,yes,no,no,,,,,
22538,Scott Pilgrim vs. the World,"Action, Adventure, Comedy",2010-07-27,7.2,47664559.0,,60000000.0,yes,no,yes,yes,,,,,
44629,Animal Kingdom,"Drama, Thriller, Crime",2010-06-03,6.7,,,5000000.0,yes,no,no,no,,,,,
23759,Centurion,"Adventure, Action, Drama",2010-02-15,6.0,,,12000000.0,yes,yes,yes,yes,,,,,
39800,Life During Wartime,"Comedy, Drama",2009-10-10,6.3,,,4500000.0,yes,no,no,no,,,,,
41479,The Joneses,"Comedy, Drama",2009-09-13,6.1,,,10000000.0,yes,yes,yes,no,,,,,
42194,TEKKEN,"Crime, Drama, Action, Thriller, Science Fiction",2010-03-20,5.2,,,30000000.0,yes,yes,yes,yes,,,,,
20200,Narco,Comedy,2004-12-01,6.1,,,823258.0,no,no,yes,no,,,,,
27579,The American,"Crime, Drama, Thriller",2010-08-31,5.8,67876281.0,,20000000.0,yes,yes,yes,yes,,,,,
41210,The Switch,"Comedy, Romance, Drama",2010-05-11,5.9,49830607.0,,19000000.0,yes,no,yes,no,,,,,
23631,Machete,"Action, Comedy, Thriller",2010-09-01,6.3,45491656.0,,20000000.0,yes,yes,yes,no,,,,,
41233,Step Up 3D,"Drama, Romance",2010-08-04,6.6,159291809.0,,30000000.0,yes,no,yes,no,,,,,
38073,Going the Distance,"Comedy, Drama, Romance",2010-09-01,6.0,42059111.0,,32000000.0,yes,no,yes,no,,,,,
35791,Resident Evil: Afterlife,"Action, Adventure, Horror, Science Fiction",2010-09-09,5.8,300228084.0,,60000000.0,yes,yes,yes,yes,,,,,
37799,The Social Network,Drama,2010-09-30,7.1,224920315.0,,40000000.0,no,no,yes,no,,,,,
23168,The Town,"Crime, Drama, Thriller",2010-09-15,7.0,154026136.0,,37000000.0,yes,no,yes,no,,,,,
37735,Easy A,Comedy,2010-09-10,6.7,75026216.0,,8000000.0,no,no,yes,no,,,,,
38167,Eat Pray Love,Drama,2010-08-12,5.8,204594016.0,,60000000.0,no,yes,yes,no,,,,,
33909,Wall Street: Money Never Sleeps,"Drama, Crime",2010-09-02,5.8,134748021.0,,70000000.0,yes,no,yes,no,,,,,
41216,Legend of the Guardians: The Owls of Ga'Hoole,"Animation, Adventure, Family, Fantasy",2010-07-10,6.5,140073390.0,,80000000.0,yes,no,yes,yes,,,,,
43923,It's Kind of a Funny Story,"Comedy, Drama",2010-07-06,6.9,,,8000000.0,yes,no,no,no,,,,,
41402,Let Me In,"Drama, Horror, Mystery",2010-10-01,6.7,27093592.0,,20000000.0,yes,no,yes,yes,,,,,
39486,Secretariat,Drama,2010-08-20,6.8,60321861.0,,35000000.0,no,no,yes,no,,,,,
38303,You Again,"Comedy, Romance",2010-09-24,6.0,32054369.0,,20000000.0,yes,no,yes,no,,,,,
38408,Life As We Know It,"Comedy, Romance, Drama",2010-10-02,6.6,,,38000000.0,yes,no,yes,no,,,,,
44113,Stone,Drama,2010-10-07,5.2,,,22000000.0,no,no,yes,no,,,,,
44639,Inside Job,Documentary,2010-10-08,7.7,,,2000000.0,no,no,yes,no,,,,,
43933,Monsters,"Drama, Thriller, Science Fiction",2010-06-18,6.2,,,500000.0,yes,yes,no,no,,,,,
45094,Conviction,Drama,2010-09-11,7.0,,,12500000.0,no,no,yes,no,,,,,
70695,Dirty Girl,"Drama, Comedy",2010-09-12,6.4,,,4000000.0,yes,no,no,no,,,,,
42188,Never Let Me Go,"Drama, Romance, Science Fiction",2010-09-15,6.8,,,15000000.0,yes,no,yes,yes,,,,,
41505,Shelter,"Horror, Mystery, Thriller",2010-03-27,5.7,,,22000000.0,yes,no,yes,no,,,,,
16290,Jackass 3D,"Comedy, Documentary, Action",2010-10-15,6.4,171685792.0,,20000000.0,yes,yes,no,yes,,,,,
39514,RED,"Action, Adventure, Comedy, Crime, Thriller",2010-10-13,6.6,199006387.0,,58000000.0,yes,yes,yes,no,,,,,
43931,My Soul to Take,"Drama, Horror, Mystery, Thriller",2010-10-08,5.2,21500813.0,,25000000.0,yes,no,yes,no,,,,,
14397,Whisper,"Crime, Drama, Horror, Thriller",2007-11-27,6.2,,,12000000.0,yes,no,yes,yes,,,,,
41436,Paranormal Activity 2,"Horror, Thriller",2010-10-20,5.7,177512032.0,,3000000.0,yes,no,yes,no,,,,,
44603,Hereafter,"Drama, Fantasy",2010-10-15,5.8,106956330.0,,50000000.0,yes,yes,yes,no,,,,,
41733,Due Date,"Comedy, Drama",2010-11-04,6.2,211780824.0,,65000000.0,yes,yes,yes,no,,,,,
44115,127 Hours,"Adventure, Drama, Thriller",2010-11-05,7.0,60738797.0,,18000000.0,yes,no,yes,yes,,,,,
38055,Megamind,"Animation, Action, Comedy, Family, Science Fiction",2010-10-28,6.7,321885765.0,,130000000.0,yes,no,no,no,,,,,
44214,Black Swan,"Drama, Thriller",2010-12-02,7.3,329398046.0,,13000000.0,yes,yes,yes,no,,,,,
38363,Fair Game,"Drama, Thriller",2010-05-20,6.5,25798915.0,,22000000.0,yes,no,yes,yes,,,,,
44048,Unstoppable,"Action, Thriller",2010-11-04,6.3,167805466.0,,100000000.0,yes,no,yes,no,,,,,
38357,Morning Glory,"Comedy, Drama, Romance",2010-01-12,6.1,60040976.0,,40000000.0,yes,yes,yes,no,,,,,
43539,The Next Three Days,"Romance, Drama, Thriller, Crime",2010-11-18,6.9,67448651.0,,30000000.0,yes,no,yes,yes,,,,,
44147,Wild Target,"Action, Comedy",2010-06-17,6.4,,,8000000.0,yes,no,yes,yes,,,,,
12444,Harry Potter and the Deathly Hallows: Part 1,"Adventure, Fantasy, Family",2010-10-17,7.5,960283305.0,,250000000.0,yes,no,yes,yes,,,,,
45269,The King's Speech,"Drama, History",2010-09-06,7.6,412018551.0,,15000000.0,yes,no,yes,no,,,,,
38757,Tangled,"Animation, Family",2010-11-24,7.4,591794936.0,,260000000.0,yes,no,yes,no,,,,,
45317,The Fighter,Drama,2010-12-17,7.2,129190869.0,,25000000.0,no,no,no,no,,,,,
47088,The Extra Man,Comedy,2010-08-01,5.9,,,7000000.0,no,no,yes,yes,,,,,
45324,Casino Jack,"Crime, Comedy, Drama",2010-09-16,6.0,,,12500000.0,yes,yes,yes,no,,,,,
48838,London Boulevard,"Drama, Crime",2010-11-10,5.7,,,25000000.0,yes,no,yes,yes,,,,,
42684,Skyline,Science Fiction,2010-11-11,4.7,66984887.0,,10000000.0,no,no,yes,no,,,,,
43347,Love & Other Drugs,"Drama, Comedy, Romance",2010-11-22,6.6,102820008.0,,30000000.0,yes,no,yes,no,,,,,
10140,The Chronicles of Narnia: The Voyage of the Dawn Treader,"Adventure, Family, Fantasy",2010-08-13,6.2,415686217.0,,155000000.0,yes,no,yes,no,,,,,
47607,Tiny Furniture,"Romance, Comedy, Drama",2010-11-12,5.6,,,65000.0,yes,no,no,no,,,,,
37710,The Tourist,"Action, Thriller, Romance",2010-12-08,6.0,278780441.0,,100000000.0,yes,yes,yes,yes,,,,,
43930,"Tomorrow, When the War Began",Action,2010-08-08,6.2,,,27000000.0,no,no,yes,no,,,,,
44264,True Grit,"Drama, Adventure, Western",2010-12-22,7.2,252276927.0,,38000000.0,yes,no,yes,no,,,,,
20526,TRON: Legacy,"Adventure, Action, Science Fiction",2010-12-10,6.3,400062763.0,,170000000.0,yes,no,yes,no,,,,,
44009,Another Year,"Comedy, Drama",2010-11-05,7.0,19722766.0,,8000000.0,yes,no,yes,no,,,,,
42888,How Do You Know,"Comedy, Drama, Romance",2010-12-17,4.9,48668907.0,,120000000.0,yes,no,yes,no,,,,,
46829,Barney's Version,"Comedy, Drama",2010-10-26,7.2,,,30000000.0,yes,no,no,yes,,,,,
44129,The Company Men,Drama,2010-10-21,6.4,,,15000000.0,no,no,yes,no,,,,,
41283,Faster,"Crime, Drama, Action, Thriller",2010-11-23,6.1,35626958.0,,24000000.0,yes,no,yes,no,,,,,
27585,Rabbit Hole,Drama,2010-12-16,6.8,,,5000000.0,no,no,no,no,,,,,
39451,Little Fockers,"Comedy, Romance",2010-12-21,5.5,310650585.0,,100000000.0,yes,no,yes,no,,,,,
33870,Mao's Last Dancer,"Drama, Romance",2009-10-01,6.8,23914731.0,,25000000.0,yes,yes,no,no,,,,,
42297,Burlesque,"Drama, Romance",2010-11-23,6.9,89519773.0,,55000000.0,yes,no,no,no,,,,,
46689,Waste Land,Documentary,2010-01-24,7.6,,,1500000.0,no,yes,yes,yes,,,,,
23830,Last Night,"Drama, Romance",2010-05-11,6.1,,,7000000.0,yes,no,yes,yes,,,,,
40805,The Green Hornet,"Action, Crime, Comedy",2011-01-12,5.5,227817248.0,,120000000.0,yes,yes,yes,no,,,,,
49009,The Way Back,"Drama, Adventure, History",2010-09-03,6.8,24172201.0,,30000000.0,yes,yes,yes,yes,,,,,
46528,The Warrior's Way,"Adventure, Fantasy, Action, Western, Thriller",2010-12-02,6.3,,,42000000.0,yes,yes,no,yes,,,,,
23047,Season of the Witch,"Adventure, Fantasy, Action",2011-01-07,5.2,91627228.0,,40000000.0,yes,yes,yes,no,,,,,
49849,Cowboys & Aliens,"Action, Science Fiction, Thriller, Western",2011-07-29,5.4,174822325.0,,163000000.0,yes,no,yes,no,,,,,
44564,The Dilemma,"Comedy, Drama",2011-01-13,5.2,69721966.0,,70000000.0,yes,no,yes,no,,,,,
51876,Limitless,"Thriller, Mystery, Science Fiction",2011-03-08,7.1,161849455.0,,27000000.0,yes,yes,yes,no,,,,,
43947,I Spit on Your Grave,"Thriller, Crime, Horror",2010-06-17,6.3,,,2000000.0,yes,no,yes,no,,,,,
41630,No Strings Attached,"Comedy, Romance",2011-01-21,6.1,149228077.0,,25000000.0,yes,no,yes,no,,,,,
50348,The Lincoln Lawyer,"Crime, Drama, Thriller",2011-03-17,7.0,86752352.0,,40000000.0,yes,no,yes,no,,,,,
48171,The Rite,"Drama, Thriller, Horror",2011-01-28,5.8,96560591.0,,37000000.0,yes,yes,yes,yes,,,,,
45272,Country Strong,"Drama, Romance",2010-12-22,5.9,20529194.0,,15000000.0,yes,no,yes,no,,,,,
48138,Unknown,"Action, Mystery, Thriller",2011-02-16,6.5,135710029.0,,30000000.0,yes,yes,yes,yes,,,,,
48340,Sanctum,"Action, Thriller",2011-02-03,5.8,108609310.0,,30000000.0,yes,no,yes,yes,,,,,
50204,Burke & Hare,"Comedy, Thriller",2010-10-29,6.1,,,10000000.0,yes,no,yes,no,,,,,
43552,Vanishing on 7th Street,"Mystery, Horror, Thriller",2010-09-11,4.8,,,10000000.0,yes,no,yes,no,,,,,
39513,Paul,"Adventure, Comedy, Science Fiction",2011-02-14,6.5,97984015.0,,40000000.0,yes,no,yes,yes,,,,,
4704,At Long Last Love,"Comedy, Music, Romance",1975-03-01,5.6,,,6000000.0,yes,no,yes,no,,,,,
47327,Drive Angry,"Fantasy, Thriller, Action, Crime",2011-02-24,5.3,40909909.0,,50000000.0,yes,no,yes,no,,,,,
44896,Rango,"Animation, Comedy, Family, Western, Adventure",2011-03-02,6.6,245724603.0,,135000000.0,yes,no,yes,no,,,,,
50725,Take Me Home Tonight,"Comedy, Drama, Romance",2011-03-04,6.2,,,19000000.0,yes,no,yes,yes,,,,,
38050,The Adjustment Bureau,"Science Fiction, Thriller, Romance",2011-03-03,6.5,127869379.0,,50200000.0,yes,no,yes,no,,,,,
27582,The Mechanic,"Action, Thriller, Crime",2011-01-13,6.3,76130093.0,,40000000.0,yes,no,yes,no,,,,,
48988,Hall Pass,Comedy,2011-02-25,5.4,86157237.0,,36000000.0,no,no,yes,no,,,,,
49494,The Eagle,"Adventure, Drama",2011-02-08,5.9,37989684.0,,25000000.0,yes,no,yes,no,,,,,
46529,I Am Number Four,"Action, Thriller, Science Fiction, Adventure",2011-02-18,5.9,149878437.0,,50000000.0,yes,yes,yes,no,,,,,
44943,Battle: Los Angeles,"Action, Science Fiction",2011-03-08,5.5,,,70000000.0,yes,no,yes,no,,,,,
50546,Just Go with It,"Romance, Comedy",2011-02-10,6.3,214945591.0,,80000000.0,yes,no,yes,no,,,,,
49730,Red Riding Hood,"Fantasy, Thriller, Horror",2011-03-11,5.7,90260376.0,,42000000.0,yes,no,yes,yes,,,,,
38322,"Big Mommas: Like Father, Like Son","Crime, Comedy, Action",2011-02-16,5.3,82686066.0,,32000000.0,yes,no,yes,no,,,,,
45132,Super,"Comedy, Action, Drama",2010-09-09,6.6,,,2500000.0,yes,no,yes,no,,,,,
45612,Source Code,"Thriller, Science Fiction, Mystery",2011-03-30,7.1,147332697.0,,32000000.0,yes,no,yes,yes,,,,,
23629,Sucker Punch,"Action, Fantasy, Thriller",2011-03-24,5.9,89792502.0,,82000000.0,yes,yes,yes,no,,,,,
58232,Chalet Girl,"Comedy, Romance",2011-02-02,6.4,,,8000000.0,yes,yes,yes,yes,,,,,
49018,Insidious,"Horror, Thriller",2010-09-13,6.8,99557032.0,,1500000.0,yes,no,yes,yes,,,,,
55725,Win Win,"Drama, Comedy",2011-03-18,6.7,,,10831173.0,yes,no,yes,no,,,,,
44898,The Time That Remains,"Drama, History, Foreign",2009-08-12,6.3,,,6500000.0,yes,yes,yes,yes,,,,,
60307,Diary of a Wimpy Kid: Rodrick Rules,"Family, Comedy",2011-03-25,6.3,72526996.0,,21000000.0,yes,no,yes,no,,,,,
53172,Henry's Crime,"Crime, Comedy",2010-01-14,5.8,,,12000000.0,yes,no,yes,no,,,,,
50359,Hop,"Animation, Comedy, Family",2011-03-30,5.5,183953723.0,,63000000.0,yes,yes,yes,no,,,,,
73191,The Nutcracker,"Family, Fantasy, Music",1993-11-24,5.6,,,19000000.0,yes,no,no,no,,,,,
50456,Hanna,"Action, Thriller, Adventure",2011-04-07,6.5,63782078.0,,30000000.0,yes,yes,yes,yes,,,,,
49012,Arthur,"Comedy, Romance",2011-04-08,5.3,,,40000000.0,yes,no,no,no,,,,,
41446,Scream 4,"Horror, Mystery",2011-04-11,6.1,97138686.0,,40000000.0,yes,no,no,no,,,,,
46195,Rio,"Animation, Adventure, Comedy, Family",2011-04-03,6.5,483866518.0,,90000000.0,yes,yes,yes,no,,,,,
57695,La Princesse de Montpensier,"Action, Drama, History, Romance",2010-11-03,6.4,,,14734000.0,yes,no,no,yes,,,,,
62215,Melancholia,"Drama, Science Fiction",2011-05-26,7.0,,,7400000.0,yes,no,yes,yes,,,,,
10195,Thor,"Adventure, Fantasy, Action",2011-04-21,6.6,449326618.0,,150000000.0,yes,no,no,no,,,,,
56780,Atlas Shrugged Part I,"Drama, Thriller, Science Fiction, Mystery",2011-04-14,5.0,,,15000000.0,yes,no,no,no,,,,,
55787,Water for Elephants,"Drama, Romance",2011-03-15,6.7,117094902.0,,38000000.0,yes,yes,yes,no,,,,,
51497,Fast Five,"Action, Thriller, Crime",2011-04-20,7.1,626137675.0,,125000000.0,yes,yes,yes,no,,,,,
46738,Incendies,"Drama, War, Mystery",2010-09-04,7.9,,,6800000.0,yes,yes,yes,yes,,,,,
43959,Soul Surfer,"Family, Action, Drama",2011-04-08,6.9,47120948.0,,18000000.0,yes,no,yes,no,,,,,
49022,Something Borrowed,"Comedy, Drama, Romance",2011-05-05,5.9,65100369.0,,35000000.0,yes,no,yes,no,,,,,
55721,Bridesmaids,"Comedy, Romance",2011-04-28,6.5,288383523.0,,32500000.0,yes,no,yes,no,,,,,
46849,Eye of the Dolphin,Drama,2007-08-24,7.1,,,2500000.0,no,no,yes,no,,,,,
50780,The Beaver,Drama,2011-02-11,6.2,,,21000000.0,no,no,yes,yes,,,,,
1865,Pirates of the Caribbean: On Stranger Tides,"Adventure, Action, Fantasy",2011-05-14,6.4,1045713802.0,,380000000.0,yes,yes,yes,no,,,,,
59436,Midnight in Paris,"Fantasy, Comedy, Romance",2011-05-11,7.4,151672318.0,,30000000.0,yes,yes,yes,yes,,,,,
8967,The Tree of Life,"Drama, Fantasy",2011-05-18,6.5,58386787.0,,32000000.0,yes,no,yes,no,,,,,
45243,The Hangover Part II,Comedy,2011-05-25,6.2,586764305.0,,80000000.0,no,yes,yes,no,,,,,
57276,Pina,Documentary,2011-02-24,7.3,,,4317946.0,no,yes,yes,yes,,,,,
49950,The Roommate,"Thriller, Drama, Horror",2011-02-04,5.3,40492652.0,,16000000.0,yes,no,yes,no,,,,,
44945,Trust,"Crime, Drama, Thriller",2010-09-10,6.6,,,9500000.0,yes,no,yes,no,,,,,
49444,Kung Fu Panda 2,"Animation, Family",2011-05-25,6.7,665692281.0,,150000000.0,yes,no,no,no,,,,,
49538,X-Men: First Class,"Action, Science Fiction, Adventure",2011-05-24,7.1,352616690.0,,160000000.0,yes,yes,yes,no,,,,,
52505,The Other Woman,Drama,2010-10-28,6.0,196710396.0,,30000000.0,no,no,yes,no,,,,,
45658,Everything Must Go,"Comedy, Drama, Romance",2010-10-15,6.0,,,5000000.0,yes,no,yes,no,,,,,
55347,Beginners,"Drama, Romance, Comedy",2010-09-11,6.8,,,3200000.0,yes,yes,yes,no,,,,,
37686,Super 8,"Thriller, Science Fiction, Mystery",2011-06-08,6.6,260095986.0,,50000000.0,yes,no,yes,no,,,,,
44912,Green Lantern,"Adventure, Action, Thriller, Science Fiction",2011-06-16,5.1,237201172.0,,200000000.0,yes,no,yes,no,,,,,
58224,Mr. Popper's Penguins,"Comedy, Family",2011-06-17,5.7,187361754.0,,55000000.0,yes,no,yes,no,,,,,
52449,Bad Teacher,Comedy,2011-05-16,5.4,216197492.0,,20000000.0,no,no,yes,no,,,,,
35688,Why Did I Get Married Too?,"Comedy, Romance",2010-04-02,6.1,60673972.0,,20000000.0,yes,no,yes,no,,,,,
38356,Transformers: Dark of the Moon,"Action, Science Fiction, Adventure",2011-06-28,6.1,1123794079.0,,195000000.0,yes,no,yes,no,,,,,
59861,Larry Crowne,"Comedy, Romance, Drama",2011-06-30,5.7,75055070.0,,30000000.0,yes,no,yes,no,,,,,
38319,Your Highness,Comedy,2011-04-08,5.2,28013733.0,,49900000.0,no,no,yes,no,,,,,
60062,Judy Moody and the Not Bummer Summer,"Comedy, Family",2011-06-10,5.1,,,20000000.0,yes,no,yes,no,,,,,
22907,Takers,"Action, Crime, Drama, Thriller",2010-08-26,6.1,69055695.0,,32000000.0,yes,no,no,no,,,,,
38317,Zookeeper,"Comedy, Romance, Family",2011-07-06,5.3,169852759.0,,80000000.0,yes,no,yes,no,,,,,
51540,Horrible Bosses,"Comedy, Crime",2011-07-08,6.4,209838559.0,,35000000.0,yes,no,yes,no,,,,,
49013,Cars 2,"Animation, Family, Adventure, Comedy",2011-06-11,5.8,559852396.0,,200000000.0,yes,yes,yes,no,,,,,
67109,Delhi Belly,"Action, Comedy, Foreign",2011-07-01,7.0,,,4090000.0,yes,yes,no,no,,,,,
59860,Monte Carlo,"Adventure, Comedy, Romance",2011-07-01,6.0,39782683.0,,20000000.0,yes,no,yes,yes,,,,,
12445,Harry Potter and the Deathly Hallows: Part 2,"Family, Fantasy, Adventure",2011-07-07,7.9,1341511219.0,,125000000.0,yes,no,yes,yes,,,,,
64690,Drive,"Drama, Action, Thriller, Crime",2011-08-06,7.4,76319533.0,,15000000.0,yes,no,yes,no,,,,,
58882,Snow Flower and the Secret Fan,"Drama, History",2011-07-15,5.3,,,134005.0,yes,yes,no,no,,,,,
1771,Captain America: The First Avenger,"Action, Adventure, Science Fiction",2011-07-22,6.6,370569774.0,,140000000.0,yes,yes,yes,no,,,,,
50646,"Crazy, Stupid, Love.","Comedy, Drama, Romance",2011-07-29,7.0,145051197.0,,50000000.0,yes,no,no,no,,,,,
51828,One Day,"Drama, Romance",2011-03-02,7.0,59389433.0,,15000000.0,yes,no,yes,yes,,,,,
67913,The Guard,"Action, Comedy, Thriller, Crime",2011-07-07,6.8,,,6000000.0,yes,yes,yes,no,,,,,
41513,The Smurfs,"Animation, Family, Adventure, Comedy, Fantasy",2011-07-29,5.5,563749323.0,,110000000.0,yes,no,yes,no,,,,,
43935,Dylan Dog: Dead of Night,"Action, Comedy, Horror, Mystery, Science Fiction, Thriller",2011-03-16,4.5,,,20000000.0,yes,yes,yes,no,,,,,
50544,Friends with Benefits,"Romance, Comedy",2011-07-21,6.5,149542245.0,,35000000.0,yes,no,yes,no,,,,,
55846,Blitz,"Crime, Action, Thriller",2011-05-20,6.0,,,15774948.0,yes,no,yes,yes,,,,,
59968,Our Idiot Brother,"Comedy, Drama",2011-08-26,5.9,25804448.0,,10000000.0,yes,no,yes,no,,,,,
63943,West Is West,Comedy,2010-10-19,6.3,,,3837625.0,no,yes,yes,no,,,,,
61791,Rise of the Planet of the Apes,"Thriller, Action, Drama, Science Fiction",2011-08-03,7.0,481800873.0,,93000000.0,yes,no,yes,no,,,,,
49520,The Change-Up,Comedy,2011-08-05,5.9,75450437.0,,52000000.0,no,no,yes,no,,,,,
50014,The Help,Drama,2011-08-09,7.9,216639112.0,,25000000.0,no,no,yes,yes,,,,,
55779,Final Destination 5,"Horror, Mystery",2011-08-12,5.9,157887643.0,,47000000.0,yes,yes,yes,no,,,,,
60309,The Conspirator,"Crime, Drama, History",2010-09-10,6.2,,,25000000.0,yes,no,yes,no,,,,,
55465,A Very Harold & Kumar Christmas,Comedy,2011-11-04,6.0,36192775.0,,19000000.0,no,no,yes,no,,,,,
46261,Don't Be Afraid of the Dark,"Fantasy, Horror, Thriller",2010-11-06,5.4,38269529.0,,25000000.0,yes,no,yes,yes,,,,,
58151,Fright Night,"Horror, Comedy",2011-08-18,6.0,41002607.0,,17000000.0,yes,no,no,yes,,,,,
55420,Another Earth,"Drama, Science Fiction",2011-07-22,6.8,,,100000.0,yes,no,no,no,,,,,
44835,Hesher,Drama,2010-01-22,6.7,,,7000000.0,no,no,yes,no,,,,,
52015,Stake Land,"Drama, Horror, Action, Thriller, Science Fiction",2010-09-30,6.2,,,650000.0,yes,no,yes,no,,,,,
48289,The Debt,"Drama, Thriller",2010-04-11,6.2,45636368.0,,20000000.0,yes,yes,yes,no,,,,,
62835,Colombiana,"Action, Thriller, Crime, Drama",2011-07-27,6.5,63458440.0,,40000000.0,yes,yes,yes,no,,,,,
43942,Freakonomics,Documentary,2010-10-01,6.7,,,3000000.0,no,no,yes,no,,,,,
37430,Conan the Barbarian,"Adventure, Fantasy, Action",2011-08-17,5.2,63523283.0,,90000000.0,yes,no,yes,no,,,,,
51588,Prom,Comedy,2011-04-29,5.7,,,8000000.0,no,no,yes,no,,,,,
55720,A Better Life,Drama,2011-06-24,7.0,,,10000000.0,no,yes,yes,no,,,,,
65055,Shark Night,"Horror, Thriller",2011-09-02,4.9,41363927.0,,28000000.0,yes,yes,no,no,,,,,
39538,Contagion,"Drama, Thriller, Science Fiction",2011-09-08,6.2,136515867.0,,60000000.0,yes,yes,yes,yes,,,,,
64639,Straw Dogs,"Drama, Thriller",2011-09-16,5.5,,,25000000.0,yes,no,no,no,,,,,
60308,Moneyball,Drama,2011-09-22,7.0,110206216.0,,50000000.0,no,no,yes,no,,,,,
47760,Restless,"Drama, Romance",2011-09-16,6.3,,,8000000.0,yes,no,yes,no,,,,,
24428,The Avengers,"Science Fiction, Action, Adventure",2012-04-25,7.4,1518812988.0,,220000000.0,yes,no,yes,no,,,,,
48231,A Dangerous Method,"Drama, Thriller",2011-09-30,6.2,30519436.0,,15000000.0,yes,no,yes,yes,,,,,
59440,Warrior,"Action, Drama",2011-09-09,7.7,23308615.0,,25000000.0,yes,no,yes,no,,,,,
10316,The Ides of March,Drama,2011-09-24,6.5,76338111.0,,12500000.0,no,no,yes,no,,,,,
74725,Kill List,"Horror, Thriller, Crime",2011-09-02,6.0,,,500000.0,yes,yes,yes,no,,,,,
49021,Killer Elite,"Action, Adventure, Thriller",2011-09-23,6.1,57084522.0,,66000000.0,yes,no,yes,yes,,,,,
40807,50/50,"Comedy, Drama",2011-09-30,7.0,41097853.0,,8000000.0,yes,no,yes,no,,,,,
74643,The Artist,"Drama, Comedy, Romance",2011-05-15,7.3,133432856.0,,15000000.0,yes,no,yes,yes,,,,,
64720,Take Shelter,"Thriller, Drama",2011-11-25,7.1,,,5000000.0,yes,no,yes,no,,,,,
42707,Road to Nowhere,"Mystery, Thriller",2011-04-13,5.0,,,5000000.0,yes,no,no,no,,,,,
56401,The Music Never Stopped,Drama,2011-03-18,7.3,,,4000000.0,no,no,yes,no,,,,,
39254,Real Steel,"Action, Science Fiction, Drama",2011-09-28,6.6,299268508.0,,110000000.0,yes,no,yes,yes,,,,,
68817,Footloose,"Drama, Music, Romance",2011-10-06,6.4,80038660.0,,24000000.0,yes,no,yes,no,,,,,
60935,The Thing,"Horror, Science Fiction, Mystery, Thriller",2011-10-12,6.0,31505287.0,,35000000.0,yes,yes,yes,yes,,,,,
71859,We Need to Talk About Kevin,"Drama, Thriller",2011-09-28,7.4,,,7000000.0,yes,no,yes,yes,,,,,
52451,The Three Musketeers,"Adventure, Action, Thriller",2011-08-31,5.6,132274484.0,,75000000.0,yes,no,yes,yes,,,,,
49530,In Time,"Action, Thriller, Science Fiction",2011-10-27,6.7,173930596.0,,40000000.0,yes,no,yes,no,,,,,
44754,Margaret,Drama,2011-09-30,6.1,,,14000000.0,no,no,yes,no,,,,,
50839,Margin Call,"Thriller, Drama",2011-09-28,6.7,,,3500000.0,yes,no,yes,no,,,,,
58233,Johnny English Reborn,"Crime, Adventure, Action, Comedy, Thriller",2011-09-15,6.0,160078586.0,,45000000.0,yes,yes,no,yes,,,,,
59965,Abduction,"Thriller, Action, Mystery",2011-09-22,5.6,82087155.0,,35000000.0,yes,no,yes,no,,,,,
53487,This Must Be the Place,Drama,2011-10-01,6.7,,,25000000.0,no,yes,yes,yes,,,,,
76025,Shame,Drama,2011-10-02,7.0,,,6500000.0,no,no,yes,no,,,,,
63492,What's Your Number?,"Comedy, Romance",2011-09-30,6.2,30426096.0,,20000000.0,yes,no,yes,no,,,,,
45610,Machine Gun Preacher,"Action, Thriller, Crime",2011-09-23,6.4,,,30000000.0,yes,yes,yes,no,,,,,
61891,Anonymous,"Drama, History, Thriller",2011-10-21,6.3,,,30000000.0,yes,no,yes,yes,,,,,
59108,Tower Heist,"Action, Comedy",2011-11-02,5.8,152930623.0,,75000000.0,yes,no,yes,no,,,,,
88794,J. Edgar,"Drama, Crime, History",2011-11-09,6.0,84920539.0,,35000000.0,yes,no,yes,no,,,,,
73499,The Double,"Action, Drama, Crime",2011-10-27,5.8,,,17000000.0,yes,no,yes,no,,,,,
17578,The Adventures of Tintin,"Adventure, Animation, Mystery",2011-10-25,6.7,373993951.0,,130000000.0,yes,no,yes,yes,,,,,
44826,Hugo,"Adventure, Drama, Family",2011-11-22,7.0,185770160.0,,170000000.0,yes,no,yes,yes,,,,,
70578,Trespass,"Crime, Drama, Thriller",2011-10-13,5.4,,,36000000.0,yes,no,yes,no,,,,,
37958,Immortals,"Fantasy, Action, Drama",2011-11-10,5.7,226904017.0,,75000000.0,yes,yes,yes,no,,,,,
71880,Jack and Jill,Comedy,2011-11-11,4.0,149673788.0,,79000000.0,no,no,yes,no,,,,,
62630,The Devil's Double,"Drama, Action, Thriller, Crime, War",2011-02-11,6.5,,,19100000.0,yes,no,yes,yes,,,,,
60422,Another Happy Day,"Comedy, Drama",2011-11-18,6.2,,,4000000.0,yes,yes,no,no,,,,,
9364,Wuthering Heights,"Drama, Romance",2011-09-05,6.0,,,8000000.0,yes,no,yes,no,,,,,
65057,The Descendants,"Comedy, Drama",2011-09-09,6.7,177243185.0,,20000000.0,yes,no,yes,no,,,,,
60420,Like Crazy,"Drama, Romance",2011-10-28,6.5,,,250000.0,yes,no,yes,no,,,,,
64328,The Muppets,"Comedy, Family, Music",2011-11-22,6.5,165184237.0,,45000000.0,yes,no,no,no,,,,,
50619,The Twilight Saga: Breaking Dawn - Part 1,"Adventure, Fantasy, Romance",2011-03-15,5.8,712205856.0,,110000000.0,yes,yes,yes,no,,,,,
57212,War Horse,"Drama, War",2011-12-25,7.0,177584879.0,,66000000.0,yes,yes,yes,no,,,,,
23514,The Rum Diary,"Drama, Comedy",2011-10-13,5.6,30134958.0,,45000000.0,yes,yes,yes,no,,,,,
75900,My Week with Marilyn,Drama,2011-10-17,6.6,35057696.0,,6400000.0,no,no,yes,no,,,,,
70590,Singham,"Drama, Action, Crime",2011-07-22,7.0,,,3062000.0,yes,yes,no,no,,,,,
20002,Chandni Chowk To China,"Action, Adventure, Comedy, Drama",2009-01-16,5.3,,,10500000.0,yes,yes,no,no,,,,,
64685,Extremely Loud & Incredibly Close,Drama,2011-12-24,6.9,55247881.0,,40000000.0,no,no,yes,no,,,,,
75622,Rampart,"Crime, Drama",2011-11-23,5.3,,,12000000.0,yes,no,yes,no,,,,,
65759,Happy Feet Two,"Animation, Comedy, Family",2011-11-17,5.8,159196259.0,,130000000.0,yes,no,yes,no,,,,,
56601,The Perfect Game,"Drama, Family",2010-04-01,6.3,,,12500000.0,yes,no,yes,no,,,,,
70074,Bullet to the Head,"Action, Crime, Thriller",2013-01-31,5.2,,,55000000.0,yes,no,yes,yes,,,,,
76163,The Expendables 2,"Action, Adventure, Thriller",2012-08-08,6.1,314975955.0,,100000000.0,yes,no,yes,no,,,,,
43546,Bathing Beauty,"Comedy, Music",1944-07-01,7.0,,,2361000.0,yes,yes,no,no,,,,,
70160,The Hunger Games,"Science Fiction, Adventure, Fantasy",2012-03-12,6.9,694394724.0,,75000000.0,yes,no,yes,no,,,,,
49026,The Dark Knight Rises,"Action, Crime, Drama, Thriller",2012-07-16,7.6,1084939099.0,,250000000.0,yes,no,yes,no,,,,,
49040,The Bourne Legacy,"Action, Thriller",2012-08-08,6.0,276144750.0,,130000000.0,yes,yes,yes,no,,,,,
58574,Sherlock Holmes: A Game of Shadows,"Adventure, Action, Crime, Mystery",2011-11-22,7.0,543848418.0,,125000000.0,yes,no,yes,no,,,,,
101173,Coriolanus,"Drama, Thriller",2011-02-14,5.9,,,7700000.0,yes,no,yes,yes,,,,,
57157,Young Adult,"Comedy, Drama",2011-12-16,5.6,22939027.0,,12000000.0,yes,no,yes,no,,,,,
62838,New Year's Eve,"Comedy, Romance",2011-12-08,5.7,142044638.0,,56000000.0,yes,no,no,no,,,,,
56292,Mission: Impossible - Ghost Protocol,"Action, Thriller, Adventure",2011-12-07,6.8,694713380.0,,145000000.0,yes,yes,yes,yes,,,,,
74465,We Bought a Zoo,"Drama, Comedy, Family",2011-12-22,6.5,120081841.0,,50000000.0,yes,no,yes,no,,,,,
65754,The Girl with the Dragon Tattoo,"Thriller, Crime, Mystery, Drama",2011-12-14,7.2,232617430.0,,90000000.0,yes,no,yes,yes,,,,,
73873,Albert Nobbs,Drama,2011-12-21,6.2,,,8000000.0,no,yes,no,yes,,,,,
79777,In the Land of Blood and Honey,"Drama, Romance, War",2011-12-23,5.8,,,10000000.0,yes,yes,no,no,,,,,
77866,Contraband,"Thriller, Action, Drama, Crime",2012-01-12,6.1,96262212.0,,25000000.0,yes,no,yes,yes,,,,,
62837,Dolphin Tale,"Drama, Family",2011-09-23,6.6,95932565.0,,37000000.0,yes,no,yes,no,,,,,
71688,The Iron Lady,"History, Drama",2011-12-30,6.2,115890699.0,,13000000.0,yes,no,yes,yes,,,,,
38541,The Divide,"Horror, Science Fiction, Drama",2011-03-13,5.7,,,3000000.0,yes,no,yes,yes,,,,,
75174,The Grey,"Action, Drama, Thriller",2012-01-26,6.4,79781695.0,,25000000.0,yes,no,yes,yes,,,,,
49527,Man on a Ledge,"Action, Thriller, Crime",2012-01-13,6.2,47636031.0,,42000000.0,yes,no,yes,no,,,,,
70435,Haywire,"Action, Thriller",2011-11-06,5.6,34513760.0,,23000000.0,yes,yes,yes,yes,,,,,
74998,Seeking Justice,"Action, Drama, Thriller",2011-09-02,5.8,,,17000000.0,yes,no,yes,no,,,,,
72431,Red Tails,"Drama, Action, Adventure, History, War",2012-01-19,5.9,50365498.0,,58000000.0,yes,yes,yes,no,,,,,
77338,Intouchables,"Drama, Comedy",2011-11-02,8.2,,,13000000.0,yes,yes,yes,no,,,,,
54054,One for the Money,"Action, Comedy, Crime",2012-01-26,5.3,38080789.0,,40000000.0,yes,no,yes,no,,,,,
80591,W.E.,"Drama, Romance",2011-09-01,5.8,,,15000000.0,yes,yes,yes,no,,,,,
58428,The Innkeepers,"Horror, Thriller",2011-12-01,5.4,,,750000.0,yes,no,yes,no,,,,,
78698,Big Miracle,"Adventure, Drama, Romance",2012-02-02,6.6,24719215.0,,40000000.0,yes,no,yes,yes,,,,,
65086,The Woman in Black,"Drama, Horror, Thriller",2012-02-01,6.1,128955898.0,,17000000.0,yes,no,yes,yes,,,,,
59961,Safe House,"Action, Thriller",2012-02-09,6.3,208076205.0,,85000000.0,yes,yes,yes,no,,,,,
72570,The Vow,"Drama, Romance",2012-02-05,7.0,196114570.0,,30000000.0,yes,no,yes,no,,,,,
72545,Journey 2: The Mysterious Island,"Adventure, Action, Science Fiction",2012-01-19,5.8,335260290.0,,79000000.0,yes,no,yes,no,,,,,
71676,Ghost Rider: Spirit of Vengeance,"Action, Fantasy, Thriller",2011-12-10,4.7,132563930.0,,57000000.0,yes,no,yes,yes,,,,,
72213,Courageous,Drama,2011-09-30,6.8,35185884.0,,1000000.0,no,no,yes,no,,,,,
73937,The Big Year,Comedy,2011-10-13,5.6,,,41000000.0,no,no,yes,no,,,,,
75674,Act of Valor,"Action, Thriller, War",2012-02-24,6.3,82497035.0,,12000000.0,yes,yes,yes,no,,,,,
59962,This Means War,"Action, Comedy, Romance",2012-02-14,5.9,156491279.0,,65000000.0,yes,no,yes,no,,,,,
49529,John Carter,"Action, Adventure, Science Fiction",2012-03-07,6.1,284139100.0,,260000000.0,yes,no,no,no,,,,,
77949,The Awakening,"Horror, Thriller",2011-08-17,6.3,,,4798235.0,yes,yes,yes,no,,,,,
63493,The Ledge,"Drama, Thriller",2011-05-06,5.9,,,10000000.0,yes,no,yes,yes,,,,,
64688,21 Jump Street,"Action, Comedy, Crime",2012-03-12,6.7,201585328.0,,42000000.0,yes,no,yes,no,,,,,
81796,Lockout,"Action, Thriller, Science Fiction",2012-04-12,5.8,32948113.0,,20000000.0,yes,no,yes,no,,,,,
81390,A Lonely Place to Die,"Adventure, Action, Thriller, Crime",2011-04-09,6.2,,,4000000.0,yes,yes,yes,no,,,,,
61984,Space Battleship Yamato,Science Fiction,2010-12-01,6.3,,,12000000.0,no,no,yes,no,,,,,
81025,Salmon Fishing in the Yemen,Drama,2011-09-10,6.3,34564651.0,,5000000.0,no,no,yes,no,,,,,
57165,Wrath of the Titans,Adventure,2012-03-27,5.5,301970083.0,,150000000.0,no,no,yes,yes,,,,,
10679,Iron Sky,"Action, Comedy, Science Fiction",2012-03-10,5.6,,,7500000.0,yes,yes,yes,yes,,,,,
71552,American Reunion,Comedy,2012-04-04,6.1,234989584.0,,50000000.0,no,no,no,no,,,,,
22970,The Cabin in the Woods,"Horror, Thriller",2012-04-12,6.6,69935600.0,,30000000.0,yes,yes,yes,no,,,,,
91070,L!fe Happens,Comedy,2011-06-18,5.3,,,930000.0,no,no,yes,yes,,,,,
76489,The Three Stooges,Comedy,2012-04-13,4.9,54819301.0,,30000000.0,no,no,no,no,,,,,
70436,The Raven,"Crime, Thriller, Mystery",2012-03-09,6.1,29699345.0,,26000000.0,yes,no,no,yes,,,,,
62764,Mirror Mirror,"Adventure, Fantasy, Drama, Comedy, Science Fiction, Family",2012-03-15,5.5,183018522.0,,85000000.0,yes,no,yes,no,,,,,
44833,Battleship,"Thriller, Action, Adventure, Science Fiction",2012-04-11,5.5,303025485.0,,209000000.0,yes,yes,yes,no,,,,,
74534,The Best Exotic Marigold Hotel,"Drama, Comedy",2011-11-28,6.9,136836156.0,,10000000.0,yes,yes,yes,yes,,,,,
72207,The Five-Year Engagement,Comedy,2012-04-27,5.7,54169363.0,,30000000.0,no,no,yes,no,,,,,
67660,Think Like a Man,"Comedy, Romance",2012-04-16,6.9,96070507.0,,12000000.0,yes,no,no,no,,,,,
77877,The Lucky One,"Drama, Romance",2012-04-19,6.8,99357138.0,,25000000.0,yes,no,yes,no,,,,,
17347,Bride Flight,Drama,2008-10-15,6.9,,,6400000.0,no,yes,no,yes,,,,,
72387,Safe,"Action, Crime, Thriller",2012-04-16,6.3,41564670.0,,30000000.0,yes,yes,yes,no,,,,,
57119,Jumping the Broom,Comedy,2011-05-06,6.0,38158601.0,,6600000.0,no,no,yes,no,,,,,
62213,Dark Shadows,"Comedy, Fantasy",2012-05-08,5.7,245527149.0,,150000000.0,yes,no,yes,yes,,,,,
41154,Men in Black 3,"Action, Comedy, Science Fiction",2012-05-23,6.3,,,225000000.0,yes,no,yes,no,,,,,
58595,Snow White and the Huntsman,"Adventure, Fantasy, Drama",2012-05-30,5.8,396592829.0,,170000000.0,yes,no,yes,no,,,,,
70981,Prometheus,"Science Fiction, Adventure, Mystery",2012-05-30,6.3,403354469.0,,130000000.0,yes,yes,yes,yes,,,,,
92591,Bernie,"Comedy, Crime, Drama",2012-04-27,6.5,,,5000000.0,yes,no,yes,no,,,,,
12645,Inhale,"Drama, Action, Thriller",2010-08-27,6.3,,,10000000.0,yes,no,no,no,,,,,
50647,Wanderlust,Comedy,2012-02-23,5.3,23812816.0,,35000000.0,no,no,yes,no,,,,,
83666,Moonrise Kingdom,"Comedy, Drama, Romance",2012-05-16,7.6,68263166.0,,16000000.0,yes,no,yes,no,,,,,
50601,5 Days of War,"War, Drama",2011-04-14,5.8,,,20000000.0,yes,yes,yes,no,,,,,
85435,A Few Best Men,Comedy,2011-10-14,5.9,,,12468389.0,no,no,yes,yes,,,,,
49014,Cosmopolis,Drama,2012-05-25,5.1,,,20500000.0,no,no,yes,yes,,,,,
72358,A Thousand Words,"Drama, Comedy",2012-03-07,6.0,22044277.0,,40000000.0,yes,no,yes,no,,,,,
201703,Love's Deadly Triangle: The Texas Cadet Murder,"Drama, Crime",1997-02-20,5.0,,,14000000.0,yes,no,no,no,,,,,
80321,Madagascar 3: Europe's Most Wanted,"Animation, Family",2012-06-06,6.4,746921274.0,,145000000.0,yes,yes,no,no,,,,,
84355,Your Sister's Sister,"Drama, Comedy",2011-09-11,6.5,,,125000.0,yes,no,no,no,,,,,
62177,Brave,"Animation, Adventure, Comedy, Family, Action, Fantasy",2012-06-21,6.7,538983207.0,,185000000.0,yes,no,yes,no,,,,,
86467,Bel Ami,"Romance, Drama",2012-03-09,5.0,,,9000000.0,yes,yes,yes,yes,,,,,
76494,What to Expect When You're Expecting,"Romance, Comedy, Drama",2012-05-17,5.8,84384002.0,,40000000.0,yes,no,yes,no,,,,,
81836,To Rome with Love,"Romance, Comedy",2012-04-20,5.6,73244881.0,,17000000.0,yes,yes,yes,yes,,,,,
72331,Abraham Lincoln: Vampire Hunter,"Action, Fantasy, Horror",2012-06-20,5.5,116471580.0,,69000000.0,yes,no,yes,no,,,,,
44877,4.3.2.1,"Action, Thriller, Crime, Romance",2010-06-02,5.9,,,4600000.0,yes,no,yes,no,,,,,
96399,For Greater Glory - The True Story of Cristiada,"History, Drama",2012-06-01,6.4,,,12000000.0,yes,yes,no,no,,,,,
80585,Rock of Ages,"Comedy, Drama, Music, Romance",2012-06-13,6.0,59418613.0,,75000000.0,yes,yes,yes,no,,,,,
88005,Seeking a Friend for the End of the World,"Comedy, Drama, Romance, Science Fiction",2012-06-22,6.3,,,10000000.0,yes,no,yes,no,,,,,
72105,Ted,"Comedy, Fantasy",2012-06-29,6.3,549368315.0,,50000000.0,yes,no,yes,no,,,,,
77930,Magic Mike,"Drama, Comedy",2012-06-28,6.1,167221571.0,,7000000.0,yes,no,yes,no,,,,,
83770,On the Road,"Adventure, Drama",2012-05-22,5.5,,,25000000.0,yes,yes,yes,yes,,,,,
1930,The Amazing Spider-Man,"Action, Adventure, Fantasy",2012-06-27,6.5,757930663.0,,215000000.0,yes,no,yes,no,,,,,
84175,Beasts of the Southern Wild,"Drama, Fantasy",2012-06-29,6.8,21107746.0,,1800000.0,yes,no,yes,no,,,,,
98548,People Like Us,Drama,2012-06-29,6.6,,,16000000.0,no,no,yes,no,,,,,
82525,Savages,"Crime, Drama, Thriller",2012-07-06,6.2,82966152.0,,45000000.0,yes,no,yes,no,,,,,
80035,The Watch,Comedy,2012-07-26,5.3,68267862.0,,68000000.0,no,no,yes,no,,,,,
84165,2 Days in New York,Comedy,2012-03-28,5.4,,,8000000.0,no,yes,yes,yes,,,,,
73567,Killer Joe,"Crime, Drama, Thriller",2011-09-10,6.4,,,10000000.0,yes,no,yes,no,,,,,
64635,Total Recall,"Action, Science Fiction, Adventure, Thriller",2012-08-02,5.8,198467168.0,,125000000.0,yes,no,yes,yes,,,,,
37724,Skyfall,"Action, Adventure, Thriller",2012-10-25,6.9,1108561013.0,,200000000.0,yes,no,no,yes,,,,,
82696,Hope Springs,"Drama, Comedy, Romance",2012-08-07,5.8,114281051.0,,30000000.0,yes,no,yes,no,,,,,
77174,ParaNorman,"Family, Animation, Adventure, Comedy",2012-08-03,6.7,107139399.0,,60000000.0,yes,no,yes,no,,,,,
82650,Diary of a Wimpy Kid: Dog Days,"Comedy, Family",2012-08-02,6.0,77229695.0,,22000000.0,yes,no,no,no,,,,,
109513,Hit & Run,"Action, Comedy, Romance",2012-08-22,5.5,,,2000000.0,yes,yes,yes,no,,,,,
49526,Premium Rush,"Crime, Action, Thriller",2012-08-24,6.2,31083599.0,,35000000.0,yes,yes,no,no,,,,,
82633,Lawless,"Crime, Drama",2012-08-29,6.8,55404159.0,,26000000.0,yes,no,yes,no,,,,,
77883,The Possession,"Horror, Thriller",2012-08-30,5.8,85446075.0,,14000000.0,yes,no,yes,yes,,,,,
83686,The Words,"Drama, Thriller",2012-09-07,6.4,,,6000000.0,yes,yes,yes,no,,,,,
114150,Pitch Perfect,"Comedy, Music, Romance",2012-09-28,7.3,115350426.0,,17000000.0,yes,no,no,no,,,,,
77948,The Cold Light of Day,"Action, Thriller",2012-04-04,4.8,,,20000000.0,yes,yes,yes,no,,,,,
59967,Looper,"Action, Thriller, Science Fiction",2012-09-26,6.6,176506819.0,,30000000.0,yes,no,yes,yes,,,,,
87428,That's My Boy,Comedy,2012-06-14,5.5,57719093.0,,70000000.0,no,no,yes,no,,,,,
71679,Resident Evil: Retribution,"Action, Horror, Science Fiction",2012-09-12,5.6,240159255.0,,65000000.0,yes,no,no,yes,,,,,
68722,The Master,Drama,2012-09-07,7.0,28258060.0,,32000000.0,no,no,yes,no,,,,,
49049,Dredd,"Action, Science Fiction",2012-09-07,6.6,41037742.0,,50000000.0,yes,no,yes,yes,,,,,
60599,Arbitrage,"Drama, Thriller",2012-09-14,6.1,35485056.0,,12000000.0,yes,no,yes,no,,,,,
77016,End of Watch,"Crime, Drama, Thriller",2012-09-20,7.2,55078146.0,,7000000.0,yes,yes,yes,no,,,,,
84892,The Perks of Being a Wallflower,"Drama, Romance",2012-09-20,7.7,33384127.0,,13000000.0,yes,no,yes,no,,,,,
91911,Behind the Burly Q,Documentary,2010-04-23,5.5,,,250000.0,no,no,no,no,,,,,
88036,Sparkle,"Drama, Music",2012-08-17,5.8,24637800.0,,14000000.0,yes,yes,yes,no,,,,,
75638,Red Lights,Thriller,2012-03-02,6.0,,,14000000.0,no,no,yes,yes,,,,,
82675,Taken 2,"Action, Crime, Thriller",2012-09-27,6.1,376141306.0,,45000000.0,yes,yes,yes,no,,,,,
82390,The Paperboy,Thriller,2012-09-14,5.4,,,12500000.0,no,no,yes,no,,,,,
82505,House at the End of the Street,"Horror, Thriller",2012-09-21,5.6,44287131.0,,6900000.0,yes,no,yes,no,,,,,
110160,Laurence Anyways,"Drama, Romance",2012-05-18,7.7,,,9500000.0,yes,yes,no,yes,,,,,
101267,Katy Perry: Part of Me,"Documentary, Music",2012-06-28,6.5,32726956.0,,12000000.0,yes,no,yes,no,,,,,
82507,Sinister,"Horror, Thriller, Mystery",2012-03-29,6.8,82515113.0,,3000000.0,yes,yes,yes,no,,,,,
76492,Hotel Transylvania,"Animation, Comedy, Family, Fantasy",2012-09-20,6.8,358375603.0,,85000000.0,yes,no,yes,no,,,,,
68734,Argo,"Drama, Thriller",2012-10-11,7.1,232325503.0,,44500000.0,yes,yes,yes,no,,,,,
86838,Seven Psychopaths,"Comedy, Crime",2012-09-07,6.7,29347202.0,,15000000.0,yes,yes,yes,no,,,,,
82990,Paranormal Activity 4,Horror,2012-10-17,5.2,142802657.0,,5000000.0,no,no,yes,no,,,,,
94348,Alex Cross,"Action, Thriller, Crime, Mystery",2012-10-18,5.1,34618867.0,,45000000.0,yes,yes,no,no,,,,,
83542,Cloud Atlas,"Drama, Science Fiction",2012-10-26,6.6,130482868.0,,102000000.0,yes,no,yes,yes,,,,,
61012,Silent Hill: Revelation 3D,"Thriller, Horror, Mystery",2012-10-10,5.1,,,20000000.0,yes,no,yes,yes,,,,,
64689,Killing Them Softly,"Crime, Thriller",2012-09-20,5.8,37930465.0,,15000000.0,yes,no,yes,no,,,,,
113947,The Sessions,"Drama, Romance, Comedy",2012-05-02,6.6,,,1000000.0,yes,no,yes,no,,,,,
82690,Wreck-It Ralph,"Family, Animation, Comedy, Adventure",2012-11-01,7.1,471222889.0,,165000000.0,yes,no,no,no,,,,,
47878,Lookin' to Get Out,Comedy,1982-10-08,5.3,,,17000000.0,no,no,yes,no,,,,,
82693,Silver Linings Playbook,"Drama, Comedy, Romance",2012-09-08,7.0,236412453.0,,21000000.0,yes,no,no,no,,,,,
87502,Flight,Drama,2012-11-02,6.5,161772375.0,,31000000.0,no,no,yes,no,,,,,
87827,Life of Pi,"Adventure, Drama, Action",2012-11-20,7.2,609016565.0,,120000000.0,yes,yes,yes,yes,,,,,
97430,The Man with the Iron Fists,Action,2012-11-02,5.2,,,15000000.0,no,no,yes,yes,,,,,
127493,Stolen,"Action, Crime, Drama, Thriller",2012-05-17,5.1,,,35000000.0,yes,yes,yes,no,,,,,
86837,Amour,"Drama, Romance",2012-07-01,7.5,29652180.0,,8900000.0,yes,no,yes,yes,,,,,
72976,Lincoln,"History, Drama",2012-11-09,6.7,275293450.0,,65000000.0,yes,no,yes,yes,,,,,
50620,The Twilight Saga: Breaking Dawn - Part 2,"Adventure, Fantasy, Drama, Romance",2012-11-13,6.1,829746820.0,,120000000.0,yes,no,yes,no,,,,,
60747,Red Dawn,"War, Action, Thriller, Science Fiction",2012-11-21,5.3,50950296.0,,65000000.0,yes,yes,yes,no,,,,,
81188,Rise of the Guardians,"Fantasy, Animation, Family",2012-11-21,7.1,306941670.0,,145000000.0,yes,yes,no,no,,,,,
97614,Deadfall,"Crime, Drama, Thriller",2012-11-08,5.6,,,12000000.0,yes,no,yes,yes,,,,,
102780,Byzantium,"Drama, Fantasy, Thriller",2012-09-09,6.1,,,10000000.0,yes,no,yes,yes,,,,,
85446,Step Up Revolution,"Music, Drama, Romance",2012-07-26,6.7,140470746.0,,33000000.0,yes,no,no,no,,,,,
49051,The Hobbit: An Unexpected Journey,"Adventure, Fantasy, Action",2012-11-26,7.0,1017003568.0,,250000000.0,yes,no,yes,yes,,,,,
127501,Barfi!,"Drama, Romance, Comedy",2012-09-14,7.2,,,4437508.0,yes,no,no,no,,,,,
97630,Zero Dark Thirty,"Thriller, Drama, History",2012-12-19,6.7,132820716.0,,40000000.0,yes,yes,yes,no,,,,,
139567,Fire with Fire,"Action, Crime, Drama, Thriller",2012-08-31,5.6,,,20000000.0,yes,no,yes,no,,,,,
82654,Warm Bodies,"Horror, Comedy, Romance",2013-01-31,6.4,116980662.0,,35000000.0,yes,no,no,no,,,,,
82687,The Guilt Trip,Comedy,2012-12-19,5.4,41863726.0,,40000000.0,no,no,yes,no,,,,,
75780,Jack Reacher,"Crime, Drama, Thriller",2012-12-20,6.3,218340595.0,,60000000.0,yes,no,yes,no,,,,,
68718,Django Unchained,"Drama, Western",2012-12-25,7.8,425368238.0,,100000000.0,yes,yes,yes,no,,,,,
89492,This Is 40,Comedy,2012-12-20,5.6,88215156.0,,35000000.0,no,no,no,no,,,,,
128270,Not Fade Away,Drama,2012-12-21,5.4,,,20000000.0,no,no,no,no,,,,,
121826,Quartet,"Drama, Comedy, Romance",2012-09-08,6.4,59520298.0,,11000000.0,yes,yes,yes,no,,,,,
41592,StreetDance 3D,Drama,2010-05-19,6.1,,,5773100.0,no,no,yes,no,,,,,
88042,Parental Guidance,Comedy,2012-12-25,5.8,119772232.0,,25000000.0,no,no,yes,no,,,,,
133694,Promised Land,Drama,2012-09-23,6.0,,,15000000.0,no,no,yes,yes,,,,,
116613,The Sweeney,"Action, Drama, Crime",2012-09-11,5.7,,,3730500.0,yes,yes,yes,no,,,,,
118628,English Vinglish,Drama,2012-09-14,7.3,,,2840000.0,no,yes,no,no,,,,,
76617,Texas Chainsaw 3D,"Horror, Thriller",2013-01-03,5.3,,,20000000.0,yes,no,yes,no,,,,,
82682,Gangster Squad,"Crime, Drama, Action, Thriller",2013-01-10,6.2,105200903.0,,60000000.0,yes,no,yes,no,,,,,
68812,The Iceman,"Thriller, Crime, Drama",2012-09-01,6.4,,,20000000.0,yes,no,yes,no,,,,,
132232,Mama,Horror,2013-01-17,6.0,146428180.0,,15000000.0,no,no,yes,yes,,,,,
145197,Upstream Color,"Drama, Science Fiction",2013-04-05,6.5,,,100000.0,yes,no,no,no,,,,,
98357,Broken City,"Thriller, Crime, Drama",2013-01-18,5.7,34737199.0,,56000000.0,yes,no,yes,no,,,,,
84336,Shadow Dancer,Thriller,2012-02-12,5.7,,,6300000.0,no,no,yes,yes,,,,,
87818,Movie 43,Comedy,2013-01-01,4.5,32438988.0,4.4,6000000.0,no,no,yes,no,United States,2013,94,5.0,4.0
119283,Parker,"Action, Crime",2013-01-23,5.7,46922566.0,,35000000.0,yes,no,no,no,,,,,
87499,The East,"Drama, Thriller",2013-05-31,6.5,,,6500000.0,yes,no,no,yes,,,,,
89750,"Pink Ribbons, Inc.",Documentary,2011-09-11,6.8,,,900000.0,no,no,no,yes,,,,,
58244,Upside Down,"Romance, Science Fiction, Drama, Fantasy",2012-09-27,6.2,22187813.0,,60000000.0,yes,no,yes,yes,,,,,
109421,Side Effects,"Thriller, Crime, Drama",2013-02-07,6.4,63414135.0,,30000000.0,yes,yes,yes,no,,,,,
109431,Identity Thief,"Comedy, Crime",2013-02-07,5.6,173965010.0,,35000000.0,yes,no,yes,no,,,,,
109491,Beautiful Creatures,"Fantasy, Drama, Romance",2013-02-13,5.6,60052138.0,,60000000.0,yes,no,yes,no,,,,,
47964,A Good Day to Die Hard,"Action, Thriller",2013-02-06,5.2,304654182.0,,92000000.0,yes,yes,yes,no,,,,,
107811,21 & Over,Comedy,2013-03-01,5.7,48065672.0,,13000000.0,no,no,yes,no,,,,,
112949,Safe Haven,Romance,2013-02-07,6.9,97594140.0,,28000000.0,no,yes,yes,no,,,,,
85545,Elles,"Drama, Romance",2011-09-09,5.1,,,4000000.0,yes,yes,yes,yes,,,,,
122857,Universal Soldier: Day of Reckoning,"Thriller, Action, Science Fiction, Horror, Mystery",2012-10-04,5.1,,,11500000.0,yes,no,yes,no,,,,,
132344,Before Midnight,"Romance, Drama",2013-04-05,7.3,,,3000000.0,yes,yes,yes,yes,,,,,
134411,Snitch,"Thriller, Drama",2013-02-21,5.8,57824674.0,,35000000.0,yes,yes,yes,yes,,,,,
145135,Dark Skies,"Science Fiction, Thriller, Horror",2013-02-21,6.1,27858103.0,,3500000.0,yes,no,yes,no,,,,,
81005,Jack the Giant Slayer,"Action, Family, Fantasy",2013-02-27,5.5,197687603.0,,195000000.0,yes,no,yes,no,,,,,
72559,G.I. Joe: Retaliation,"Adventure, Action, Science Fiction, Thriller",2013-03-26,5.4,375740705.0,,130000000.0,yes,no,yes,no,,,,,
86825,Stoker,"Drama, Horror, Thriller",2013-02-28,6.5,,,12000000.0,yes,no,yes,no,,,,,
152259,Phantom,Thriller,2013-01-03,5.5,,,10000000.0,no,no,yes,no,,,,,
68728,Oz: The Great and Powerful,"Fantasy, Adventure, Family",2013-03-07,5.7,,,200000000.0,yes,no,yes,no,,,,,
49519,The Croods,"Adventure, Animation, Comedy, Family, Fantasy",2013-03-20,6.8,587204668.0,,135000000.0,yes,no,no,no,,,,,
124459,The Incredible Burt Wonderstone,Comedy,2013-03-14,5.3,27437881.0,,30000000.0,no,no,yes,no,,,,,
122081,Spring Breakers,"Drama, Crime",2013-01-24,5.0,31724284.0,,5000000.0,yes,no,yes,yes,,,,,
158011,The Call,"Crime, Thriller",2013-03-14,6.6,68572631.0,,13000000.0,yes,no,yes,no,,,,,
117263,Olympus Has Fallen,"Action, Thriller",2013-03-20,6.2,170270201.0,,70000000.0,yes,yes,yes,no,,,,,
97367,The Place Beyond the Pines,"Drama, Crime",2013-03-20,6.8,47052899.0,,15000000.0,yes,yes,yes,no,,,,,
72710,The Host,"Action, Adventure, Romance, Science Fiction, Thriller",2013-03-22,6.0,89431890.0,,44000000.0,yes,no,yes,no,,,,,
144340,Admission,"Comedy, Drama, Romance",2013-03-21,5.5,,,13000000.0,yes,no,no,no,,,,,
109428,Evil Dead,Horror,2013-04-05,6.4,97542952.0,,17000000.0,no,no,yes,no,,,,,
68727,Trance,"Thriller, Crime, Drama, Mystery",2013-03-27,6.5,24261569.0,,20000000.0,yes,yes,yes,yes,,,,,
75612,Oblivion,"Action, Science Fiction, Adventure, Mystery",2013-04-10,6.4,286168572.0,,120000000.0,yes,no,yes,no,,,,,
127517,Disconnect,"Drama, Thriller",2012-09-11,6.9,,,10000000.0,yes,no,yes,no,,,,,
134374,Pain & Gain,"Thriller, Crime, Action",2013-04-18,6.1,87305549.0,,25000000.0,yes,no,yes,no,,,,,
176124,Home Run,Drama,2013-04-19,6.3,,,1200000.0,no,yes,yes,no,,,,,
109414,This Is the End,"Action, Comedy",2013-06-12,6.2,126041322.0,,32000000.0,yes,no,yes,no,,,,,
68721,Iron Man 3,"Action, Adventure, Science Fiction",2013-04-18,6.8,1214811252.0,,200000000.0,yes,no,no,yes,,,,,
77221,Black Gold,"Adventure, Drama",2011-12-21,5.9,,,40000000.0,yes,no,yes,yes,,,,,
103731,Mud,Drama,2013-05-01,7.0,32613173.0,,10000000.0,no,no,yes,no,,,,,
64682,The Great Gatsby,"Drama, Romance",2013-05-10,7.3,353641895.0,,105000000.0,yes,no,yes,yes,,,,,
54138,Star Trek Into Darkness,"Action, Adventure, Science Fiction",2013-05-05,7.4,467365246.0,,190000000.0,yes,no,yes,no,,,,,
116741,The Internship,Comedy,2013-06-07,6.1,93492844.0,,58000000.0,no,no,yes,no,,,,,
77987,Only God Forgives,"Drama, Thriller, Crime",2013-05-30,5.6,,,4800000.0,yes,yes,yes,yes,,,,,
109439,The Hangover Part III,Comedy,2013-05-23,6.0,362000072.0,,103000000.0,no,no,yes,no,,,,,
82992,Fast & Furious 6,"Action, Thriller, Crime",2013-05-06,6.7,788679850.0,,160000000.0,yes,yes,yes,no,,,,,
116711,Epic,"Animation, Adventure, Family, Fantasy",2013-05-15,6.4,268426634.0,,100000000.0,yes,no,yes,no,,,,,
104755,The Lords of Salem,"Horror, Thriller",2012-09-10,5.1,,,1500000.0,yes,no,yes,yes,,,,,
119675,Behind the Candelabra,"Drama, Romance",2013-05-26,6.6,,,23000000.0,yes,no,yes,no,,,,,
82700,After Earth,"Science Fiction, Action, Adventure",2013-05-30,5.0,243611982.0,,130000000.0,yes,no,yes,no,,,,,
75656,Now You See Me,"Thriller, Crime",2013-05-29,7.3,351723989.0,,75000000.0,yes,yes,yes,yes,,,,,
77805,Lovelace,Drama,2013-08-08,6.0,,,10000000.0,no,no,yes,no,,,,,
133463,Redd Inc.,"Thriller, Horror, Comedy",2012-11-03,5.5,,,500000.0,yes,no,no,no,,,,,
147773,The Way Way Back,"Comedy, Drama",2013-06-06,7.1,26474920.0,,4600000.0,yes,no,yes,no,,,,,
49521,Man of Steel,"Action, Adventure, Fantasy, Science Fiction",2013-06-12,6.5,670145518.0,,225000000.0,yes,no,yes,yes,,,,,
87567,The Big Wedding,Comedy,2013-04-25,5.7,46522137.0,,35000000.0,no,yes,yes,no,,,,,
96936,The Bling Ring,"Drama, Crime",2013-06-12,5.3,,,15000000.0,yes,no,yes,no,,,,,
62211,Monsters University,"Animation, Family",2013-06-20,7.0,743559607.0,,200000000.0,yes,no,yes,no,,,,,
68726,Pacific Rim,"Action, Science Fiction, Adventure",2013-07-11,6.7,411002906.0,,180000000.0,yes,no,yes,yes,,,,,
72190,World War Z,"Action, Drama, Horror, Science Fiction, Thriller",2013-06-20,6.7,540007876.0,,200000000.0,yes,no,yes,yes,,,,,
68724,Elysium,"Science Fiction, Action, Drama, Thriller",2013-08-07,6.4,286140700.0,,115000000.0,yes,no,yes,no,,,,,
93456,Despicable Me 2,"Animation, Comedy, Family",2013-06-25,7.0,970766005.0,,76000000.0,yes,no,yes,no,,,,,
117251,White House Down,"Action, Drama, Thriller",2013-06-27,6.3,205366737.0,,150000000.0,yes,no,yes,no,,,,,
107985,The World's End,"Comedy, Action, Science Fiction",2013-07-18,6.7,46089287.0,,20000000.0,yes,no,yes,no,,,,,
136418,Hummingbird,"Action, Thriller",2013-05-07,5.9,,,20000000.0,yes,no,no,yes,,,,,
136795,The Heat,"Action, Comedy, Crime",2013-06-27,6.5,229930771.0,,43000000.0,yes,yes,yes,no,,,,,
57201,The Lone Ranger,"Action, Adventure, Western",2013-07-03,5.9,260502115.0,,255000000.0,yes,no,yes,no,,,,,
157386,The Spectacular Now,"Comedy, Drama, Romance",2013-08-02,6.8,,,2500000.0,yes,no,yes,no,,,,,
49524,R.I.P.D.,"Fantasy, Action, Comedy, Crime",2013-07-18,5.4,78324220.0,,130000000.0,yes,no,yes,no,,,,,
138843,The Conjuring,"Horror, Thriller",2013-07-18,7.4,319494638.0,,13000000.0,yes,no,yes,no,,,,,
77950,Turbo,"Animation, Family",2013-07-11,6.1,282570682.0,,135000000.0,yes,no,no,no,,,,,
76170,The Wolverine,"Action, Science Fiction, Adventure, Fantasy",2013-07-23,6.3,414828246.0,,120000000.0,yes,no,yes,yes,,,,,
136400,2 Guns,"Action, Comedy, Crime",2013-08-02,6.6,131940411.0,,61000000.0,yes,yes,yes,no,,,,,
160588,Blue Jasmine,"Comedy, Drama",2013-07-25,7.0,99104804.0,,18000000.0,yes,no,no,no,,,,,
76285,Percy Jackson: Sea of Monsters,"Adventure, Family, Fantasy",2013-08-07,5.9,199850315.0,,90000000.0,yes,no,yes,no,,,,,
77931,The Smurfs 2,"Fantasy, Family, Comedy, Animation",2013-07-30,5.5,347545360.0,,105000000.0,yes,no,yes,no,,,,,
177699,Alan Partridge: Alpha Papa,Comedy,2013-07-24,6.5,,,4000000.0,no,no,yes,no,,,,,
23535,Class of 1999,"Science Fiction, Thriller",1990-05-11,6.3,,,5200000.0,yes,no,yes,no,,,,,
76544,Man of Tai Chi,"Action, Drama",2013-07-04,5.8,,,25000000.0,yes,yes,yes,yes,,,,,
138832,We're the Millers,"Comedy, Crime",2013-08-07,6.8,269994119.0,,37000000.0,yes,no,yes,no,,,,,
109418,Grown Ups 2,Comedy,2013-07-11,5.8,246984278.0,,80000000.0,no,no,yes,no,,,,,
59859,Kick-Ass 2,"Action, Adventure, Crime",2013-07-17,6.3,60795985.0,,28000000.0,yes,no,yes,yes,,,,,
87421,Riddick,"Science Fiction, Action, Thriller",2013-09-02,6.2,98337295.0,,38000000.0,yes,no,yes,no,,,,,
151960,Planes,"Animation, Family, Adventure, Comedy",2013-08-09,5.7,239258712.0,,50000000.0,yes,no,yes,no,,,,,
115348,Paranoia,"Drama, Thriller",2013-08-14,5.6,,,35000000.0,yes,no,yes,yes,,,,,
115782,Jobs,"Drama, History",2013-08-16,6.0,42128352.0,,12000000.0,yes,no,yes,no,,,,,
123553,The Mortal Instruments: City of Bones,"Action, Adventure, Drama, Mystery, Romance, Fantasy",2013-08-21,6.2,95396573.0,,60000000.0,yes,no,yes,no,,,,,
132363,The Butler,Drama,2013-08-16,7.2,177313795.0,,25000000.0,no,no,yes,no,,,,,
157360,In a World...,Comedy,2013-08-09,6.4,,,1000000.0,no,no,yes,yes,,,,,
122906,About Time,"Comedy, Drama, Science Fiction",2013-08-16,7.8,87100449.0,,12000000.0,yes,no,yes,no,,,,,
205022,Chennai Express,"Romance, Comedy, Action",2013-08-09,6.5,,,18000000.0,yes,yes,yes,no,,,,,
199373,The Frozen Ground,"Thriller, Crime",2013-07-18,6.1,,,27220000.0,yes,no,yes,no,,,,,
169209,Empire State,"Action, Drama",2013-09-03,4.9,,,11000000.0,yes,no,yes,no,,,,,
111190,Adore,Drama,2013-04-03,6.1,,,16000000.0,no,no,yes,yes,,,,,
146227,Getaway,"Action, Crime",2013-08-29,4.9,,,18000000.0,yes,no,yes,yes,,,,,
49047,Gravity,"Science Fiction, Thriller, Drama",2013-09-27,7.3,723192705.0,,105000000.0,yes,no,yes,yes,,,,,
212716,What If,"Drama, Comedy, Romance",2013-09-07,6.7,,,11000000.0,yes,no,yes,yes,,,,,
146233,Prisoners,"Drama, Thriller, Crime",2013-09-18,7.9,122126687.0,,46000000.0,yes,no,yes,no,,,,,
164457,Out of the Furnace,"Thriller, Drama, Crime",2013-12-06,6.5,,,22000000.0,yes,no,yes,no,,,,,
156711,Austenland,"Comedy, Romance",2013-08-15,6.6,,,4900000.0,yes,no,yes,yes,,,,,
96721,Rush,"Drama, Action",2013-09-02,7.7,95224595.0,,38000000.0,yes,yes,yes,yes,,,,,
112205,The Family,"Crime, Comedy, Action",2013-09-13,6.1,78418811.0,,30000000.0,yes,no,yes,yes,,,,,
129139,The To Do List,"Comedy, Romance",2013-07-24,5.5,,,1500000.0,yes,no,yes,no,,,,,
109417,Battle of the Year,"Music, Drama",2013-09-21,5.9,,,20000000.0,yes,no,no,no,,,,,
129670,Nebraska,"Drama, Adventure",2013-09-21,7.4,27682872.0,,12000000.0,yes,yes,yes,no,,,,,
193613,Metallica: Through the Never,Music,2013-09-25,6.7,,,18000000.0,no,no,yes,no,,,,,
146238,Runner Runner,"Crime, Thriller, Drama",2013-09-24,5.5,62675095.0,,30000000.0,yes,no,yes,no,,,,,
209262,Parkland,"History, Drama, Thriller, Mystery",2013-10-02,5.8,,,10000000.0,yes,no,yes,no,,,,,
190754,On the Job,"Action, Crime",2013-05-23,6.2,,,1052753.0,yes,yes,yes,no,,,,,
109451,Cloudy with a Chance of Meatballs 2,"Animation, Family, Comedy",2013-09-26,6.4,274325949.0,,78000000.0,yes,no,yes,no,,,,,
109424,Captain Phillips,"Action, Drama, Thriller",2013-10-10,7.6,218791811.0,,55000000.0,yes,yes,no,no,,,,,
106747,Machete Kills,"Action, Crime, Thriller",2013-09-12,5.3,,,12000000.0,yes,yes,yes,no,,,,,
85889,Filth,"Crime, Drama, Comedy",2013-09-23,6.8,,,5000000.0,yes,no,yes,yes,,,,,
175528,Baggage Claim,Comedy,2013-09-27,5.6,,,8500000.0,no,no,no,no,,,,,
107846,Escape Plan,"Action, Thriller",2013-10-09,6.7,137328301.0,,50000000.0,yes,yes,yes,no,,,,,
133805,Carrie,"Drama, Horror",2013-10-16,5.8,84790678.0,,30000000.0,yes,no,yes,no,,,,,
162903,The Fifth Estate,"Drama, Thriller",2013-10-11,5.7,,,28000000.0,yes,no,yes,yes,,,,,
109091,The Counselor,"Thriller, Crime, Drama",2013-10-25,5.0,71009334.0,,25000000.0,yes,no,yes,yes,,,,,
76203,12 Years a Slave,"Drama, History",2013-10-18,7.9,187733202.0,,20000000.0,yes,no,yes,yes,,,,,
152747,All Is Lost,"Action, Adventure, Drama",2013-10-18,6.6,,,9000000.0,yes,no,yes,no,,,,,
80274,Ender's Game,"Science Fiction, Action, Adventure",2013-10-23,6.6,125544024.0,,110000000.0,yes,no,yes,no,,,,,
76338,Thor: The Dark World,"Action, Adventure, Fantasy",2013-10-29,6.8,644783140.0,,170000000.0,yes,no,no,no,,,,,
152532,Dallas Buyers Club,"Drama, History",2013-09-07,7.9,55198285.0,,5000000.0,yes,yes,yes,no,,,,,
175574,Free Birds,"Animation, Comedy, Family",2013-10-30,5.7,110387072.0,,55000000.0,yes,no,yes,no,,,,,
137093,Last Vegas,Comedy,2013-10-31,6.4,134402450.0,,28000000.0,no,no,yes,no,,,,,
205220,Philomena,Drama,2013-11-01,7.4,100129872.0,,12000000.0,no,no,yes,no,,,,,
146304,The Best Man Holiday,Comedy,2013-11-15,6.7,72835710.0,,17000000.0,no,no,no,no,,,,,
101299,The Hunger Games: Catching Fire,"Adventure, Action, Science Fiction",2013-11-15,7.4,865011746.0,,130000000.0,yes,no,yes,no,,,,,
57158,The Hobbit: The Desolation of Smaug,"Adventure, Fantasy",2013-12-11,7.6,958366855.0,,250000000.0,yes,no,yes,yes,,,,,
64686,47 Ronin,"Drama, Action, Adventure, Fantasy",2013-12-06,5.9,151783839.0,,175000000.0,yes,yes,yes,no,,,,,
146239,Delivery Man,Comedy,2013-10-10,6.2,53120346.0,,26000000.0,no,no,yes,no,,,,,
109445,Frozen,"Animation, Adventure, Family",2013-11-27,7.3,1280802282.0,,150000000.0,yes,no,yes,no,,,,,
86829,Inside Llewyn Davis,"Drama, Music",2013-10-06,7.2,32935319.0,,11000000.0,yes,no,yes,yes,,,,,
106646,The Wolf of Wall Street,"Crime, Drama, Comedy",2013-12-25,7.9,392000694.0,,100000000.0,yes,yes,yes,no,,,,,
204082,Homefront,"Action, Thriller",2013-11-27,6.4,48449416.0,,22000000.0,yes,no,yes,no,,,,,
192136,Mandela: Long Walk to Freedom,"Drama, History",2013-12-06,6.5,27985788.0,,35000000.0,yes,yes,yes,yes,,,,,
152737,August: Osage County,"Comedy, Drama",2013-12-26,6.9,74188937.0,,25000000.0,yes,no,yes,no,,,,,
168672,American Hustle,"Drama, Crime",2013-12-12,6.8,251171807.0,,40000000.0,yes,no,yes,no,,,,,
116745,The Secret Life of Walter Mitty,"Adventure, Comedy, Drama, Fantasy",2013-12-18,7.0,188133322.0,,90000000.0,yes,no,yes,no,,,,,
152601,Her,"Romance, Science Fiction, Drama",2013-12-18,7.9,48269269.0,,23000000.0,yes,no,yes,yes,,,,,
193756,Lone Survivor,"Action, Drama, Thriller, War",2013-12-24,7.4,154802912.0,,40000000.0,yes,no,yes,no,,,,,
140823,Saving Mr. Banks,"Comedy, Drama, History",2013-11-16,7.3,117867984.0,,35000000.0,yes,no,yes,yes,,,,,
49852,The Nutcracker: The Untold Story,"Fantasy, Action, Family",2010-11-24,5.3,,,90000000.0,yes,yes,yes,yes,,,,,
87516,Oldboy,"Drama, Thriller, Mystery, Action",2013-11-14,5.9,14980005.0,,30000000.0,yes,no,yes,no,,,,,
109443,Anchorman 2: The Legend Continues,Comedy,2013-12-18,6.0,171464676.0,,50000000.0,no,no,yes,no,,,,,
110415,Snowpiercer,"Action, Science Fiction, Drama",2013-08-01,6.7,86758912.0,,39200000.0,yes,yes,yes,yes,,,,,
169881,The Physician,"Adventure, Drama, History",2013-12-25,7.2,,,32000000.0,yes,no,yes,no,,,,,
64807,Grudge Match,Comedy,2013-12-25,6.0,44907260.0,,40000000.0,no,no,yes,no,,,,,
17478,Dhoom,"Action, Crime, Drama, Thriller",2004-08-27,6.2,,,1500000.0,yes,yes,no,no,,,,,
245775,Yves Saint Laurent,Drama,2014-01-08,6.4,,,12000000.0,no,yes,yes,no,,,,,
204810,Hunting Elephants,"Comedy, Crime",2013-07-03,6.2,,,2300000.0,yes,yes,yes,no,,,,,
127560,The Railway Man,"Drama, History",2013-12-26,6.7,24174885.0,,18000000.0,yes,no,yes,yes,,,,,
118289,Diana,"Drama, Romance",2013-09-19,5.3,,,15000000.0,yes,no,yes,yes,,,,,
168530,Ride Along,"Action, Comedy",2014-01-07,6.1,154468902.0,,25000000.0,yes,no,yes,no,,,,,
137094,Jack Ryan: Shadow Recruit,"Action, Drama, Thriller",2014-01-15,5.9,135503748.0,,60000000.0,yes,no,yes,yes,,,,,
157350,Divergent,"Adventure, Action, Science Fiction",2014-03-14,6.9,288885818.0,,85000000.0,yes,no,yes,no,,,,,
177047,Decoding Annie Parker,Drama,2014-05-02,5.5,,,2000000.0,no,no,yes,no,,,,,
185008,Yeh Jawaani Hai Deewani,Romance,2013-05-31,7.1,,,7700000.0,no,no,no,no,,,,,
92834,Vizontele Tuuba,"Comedy, Drama",2004-01-21,6.5,,,3000000.0,yes,no,no,no,,,,,
100241,"I, Frankenstein","Horror, Thriller",2014-01-22,5.1,76801179.0,,65000000.0,yes,no,yes,yes,,,,,
157099,Better Living Through Chemistry,"Drama, Comedy",2014-03-14,5.9,,,5000000.0,yes,no,yes,yes,,,,,
130150,Labor Day,Drama,2013-12-27,6.7,,,18000000.0,no,no,yes,no,,,,,
157841,The Young and Prodigious T.S. Spivet,"Adventure, Drama, Family",2013-10-16,6.7,,,33000000.0,yes,no,yes,yes,,,,,
152760,The Monuments Men,"War, Drama, History, Action",2014-01-24,5.8,155641650.0,,70000000.0,yes,yes,yes,yes,,,,,
137106,The Lego Movie,"Adventure, Animation, Comedy, Family, Fantasy",2014-02-06,7.5,468060692.0,7.7,60000000.0,yes,no,yes,no,"United States, Denmark, Australia, Norway",2014,100,67.0,72.0
97020,RoboCop,"Action, Science Fiction",2014-01-30,5.7,242688965.0,,120000000.0,yes,no,yes,yes,,,,,
144336,Sabotage,"Action, Drama, Thriller, Crime",2014-03-28,5.5,,,35000000.0,yes,no,yes,no,,,,,
157834,The Zero Theorem,"Drama, Fantasy, Science Fiction",2014-01-02,5.9,,,8500000.0,yes,no,yes,yes,,,,,
226857,Endless Love,"Drama, Romance",2014-02-12,6.7,34718173.0,,20000000.0,yes,no,yes,no,,,,,
137321,Winter's Tale,"Drama, Fantasy, Mystery, Romance",2014-02-13,6.0,30800231.0,,60000000.0,yes,no,yes,no,,,,,
157847,Joe,Drama,2014-04-11,6.5,,,4000000.0,no,no,yes,no,,,,,
222899,About Last Night,"Comedy, Romance",2014-02-14,6.0,50445860.0,,12500000.0,yes,no,yes,no,,,,,
120467,The Grand Budapest Hotel,"Comedy, Drama",2014-02-26,8.0,172936941.0,,30000000.0,yes,yes,yes,yes,,,,,
225565,That Awkward Moment,"Comedy, Romance",2014-01-29,6.1,45640143.0,,8000000.0,yes,no,no,no,,,,,
157336,Interstellar,"Adventure, Drama, Science Fiction",2014-11-05,8.1,681070397.0,,165000000.0,yes,no,yes,yes,,,,,
192102,3 Days to Kill,"Action, Drama, Thriller, Crime",2014-02-14,6.0,53260230.0,,28000000.0,yes,no,yes,yes,,,,,
225574,Non-Stop,"Action, Thriller, Mystery",2014-01-26,6.8,222809600.0,,50000000.0,yes,yes,yes,yes,,,,,
53182,300: Rise of an Empire,"Action, War",2014-03-05,6.1,337580051.0,,110000000.0,yes,no,yes,no,,,,,
82703,Mr. Peabody & Sherman,"Animation, Adventure, Family",2014-02-07,6.7,275698039.0,,145000000.0,yes,no,yes,no,,,,,
97370,Under the Skin,"Thriller, Science Fiction, Drama",2014-03-14,6.0,,,13300000.0,yes,no,yes,yes,,,,,
136797,Need for Speed,"Action, Crime, Drama, Thriller",2014-03-13,6.1,203277636.0,,66000000.0,yes,no,yes,yes,,,,,
242042,Barefoot,"Comedy, Drama, Romance",2014-02-02,6.3,,,6000000.0,yes,no,no,no,,,,,
177494,Veronica Mars,"Comedy, Drama, Crime",2014-03-13,6.5,,,6000000.0,yes,no,yes,no,,,,,
235260,Son of God,Drama,2014-02-28,5.9,70829270.0,,22000000.0,no,yes,yes,no,,,,,
100402,Captain America: The Winter Soldier,"Action, Adventure, Science Fiction",2014-03-20,7.6,714421503.0,,170000000.0,yes,no,no,no,,,,,
86834,Noah,"Drama, Adventure",2014-03-20,5.5,359200044.0,,125000000.0,yes,no,yes,no,,,,,
155084,13 Sins,"Horror, Thriller",2014-04-18,6.2,,,5000000.0,yes,no,yes,no,,,,,
188207,The Legend of Hercules,"Action, Adventure",2014-01-10,4.4,61279452.0,,70000000.0,yes,no,no,no,,,,,
145220,Muppets Most Wanted,"Comedy, Adventure, Crime, Family",2014-03-20,6.2,80383113.0,,50000000.0,yes,yes,yes,no,,,,,
190955,Blood Ties,"Thriller, Crime, Drama",2013-08-22,6.0,,,25500000.0,yes,yes,yes,yes,,,,,
193612,The Quiet Ones,Horror,2014-04-01,5.1,,,200000.0,no,no,yes,yes,,,,,
200505,Draft Day,Drama,2014-04-11,6.5,29824199.0,,25000000.0,no,no,yes,no,,,,,
102382,The Amazing Spider-Man 2,"Action, Adventure, Fantasy",2014-04-16,6.5,708982323.0,,200000000.0,yes,no,yes,no,,,,,
157547,Oculus,Horror,2013-09-08,6.3,44446287.0,,5000000.0,no,no,yes,no,,,,,
249660,God's Not Dead,Drama,2014-03-21,5.9,64667874.0,,17000000.0,no,no,no,no,,,,,
172385,Rio 2,"Animation, Adventure, Comedy, Family",2014-03-19,6.3,498781117.0,,103000000.0,yes,yes,yes,no,,,,,
157353,Transcendence,"Thriller, Science Fiction, Drama, Mystery",2014-04-16,5.9,103039258.0,,100000000.0,yes,no,yes,yes,,,,,
236751,Heaven is for Real,Drama,2014-04-16,6.1,,,12000000.0,no,no,yes,no,,,,,
193610,The Other Woman,"Comedy, Romance",2014-04-16,6.2,196710396.0,,40000000.0,yes,no,yes,no,,,,,
254473,Brick Mansions,"Action, Crime, Drama",2014-04-22,5.7,71416730.0,,28000000.0,yes,no,yes,yes,,,,,
76649,Pompeii,"Action, Adventure, History, Romance, Drama",2014-02-18,5.2,117831631.0,,130000000.0,yes,no,yes,yes,,,,,
195589,Neighbors,Comedy,2014-05-08,6.2,270665134.0,,18000000.0,no,no,yes,no,,,,,
205601,Belle,Drama,2013-09-08,7.2,,,10900000.0,no,no,yes,no,,,,,
152599,The Immigrant,"Drama, Romance",2013-07-03,6.2,,,16000000.0,yes,yes,yes,no,,,,,
252680,Moms' Night Out,Comedy,2014-03-25,5.5,,,5000000.0,no,no,yes,no,,,,,
127585,X-Men: Days of Future Past,"Action, Adventure, Fantasy, Science Fiction",2014-05-15,7.5,746045700.0,,250000000.0,yes,no,yes,yes,,,,,
124905,Godzilla,"Action, Science Fiction, Thriller",2014-05-14,6.1,524976069.0,,160000000.0,yes,yes,yes,yes,,,,,
187596,Walk of Shame,Comedy,2014-05-02,5.8,,,15000000.0,no,no,yes,no,,,,,
212778,Chef,Comedy,2014-05-08,7.2,48428048.0,,11000000.0,no,yes,yes,no,,,,,
232672,Blended,Comedy,2014-05-21,6.6,127994610.0,,40000000.0,no,no,yes,no,,,,,
198277,Begin Again,"Comedy, Music, Romance, Drama",2013-09-07,7.3,63464861.0,,8000000.0,yes,no,yes,no,,,,,
102651,Maleficent,"Fantasy, Adventure, Action, Family, Romance",2014-05-28,7.0,758410378.0,,180000000.0,yes,no,yes,no,,,,,
137113,Edge of Tomorrow,"Action, Science Fiction",2014-05-27,7.6,370541256.0,,178000000.0,yes,no,yes,yes,,,,,
177677,Mission: Impossible - Rogue Nation,"Action, Adventure, Thriller",2015-07-23,7.1,682714267.0,,150000000.0,yes,yes,yes,yes,,,,,
198185,Million Dollar Arm,Drama,2014-05-09,6.6,38483455.0,,25000000.0,no,yes,no,no,,,,,
222935,The Fault in Our Stars,"Romance, Drama",2014-05-16,7.6,307166834.0,,12000000.0,yes,no,yes,no,,,,,
209185,The Grand Seduction,Comedy,2014-05-30,6.7,,,12700000.0,no,no,yes,no,,,,,
175541,Black Nativity,"Drama, Music",2013-11-27,5.8,,,17500000.0,yes,no,yes,no,,,,,
110428,Camille Claudel 1915,Drama,2013-03-13,7.0,,,3512454.0,no,no,yes,no,,,,,
227700,Mindscape,"Thriller, Drama",2013-10-13,6.5,,,4357373.0,yes,no,yes,yes,,,,,
187017,22 Jump Street,"Crime, Comedy, Action",2014-06-05,7.0,331333876.0,,50000000.0,yes,no,yes,no,,,,,
156022,The Equalizer,"Thriller, Action, Crime",2014-09-24,7.1,192330738.0,,55000000.0,yes,no,yes,no,,,,,
82702,How to Train Your Dragon 2,"Fantasy, Action, Adventure, Animation, Comedy, Family",2014-06-12,7.6,621537519.0,,145000000.0,yes,no,yes,no,,,,,
194662,Birdman,"Drama, Comedy",2014-08-27,7.4,,,18000000.0,yes,no,yes,no,,,,,
85350,Boyhood,Drama,2014-06-05,7.5,48137666.0,,4000000.0,no,yes,yes,no,,,,,
184098,Think Like a Man Too,"Comedy, Romance",2014-06-20,6.3,70181428.0,,24000000.0,yes,no,no,no,,,,,
209451,Jersey Boys,"Music, Drama",2014-06-05,6.8,67647013.0,,40000000.0,yes,no,no,no,,,,,
91314,Transformers: Age of Extinction,"Science Fiction, Action, Adventure",2014-06-25,5.8,1104054072.0,,210000000.0,yes,no,yes,no,,,,,
226486,Tammy,Comedy,2014-07-02,5.0,100375432.0,,20000000.0,no,no,yes,no,,,,,
242224,The Babadook,"Drama, Thriller, Horror",2014-05-22,6.5,,,2000000.0,yes,no,yes,yes,,,,,
244786,Whiplash,Drama,2014-10-10,8.3,48982041.0,,3300000.0,no,no,yes,no,,,,,
210577,Gone Girl,"Mystery, Thriller, Drama",2014-10-01,7.9,369330363.0,,61000000.0,yes,no,yes,no,,,,,
119450,Dawn of the Planet of the Apes,"Science Fiction, Action, Drama, Thriller",2014-06-26,7.3,710644566.0,,170000000.0,yes,no,yes,no,,,,,
253235,And So It Goes,"Comedy, Drama, Romance",2014-07-20,5.7,25312387.0,,18000000.0,yes,no,yes,no,,,,,
225886,Sex Tape,Comedy,2014-07-17,5.2,126069509.0,,40000000.0,no,no,yes,no,,,,,
238636,The Purge: Anarchy,"Horror, Thriller",2014-07-17,6.6,111928365.0,,9000000.0,yes,no,yes,yes,,,,,
118340,Guardians of the Galaxy,"Action, Science Fiction, Adventure",2014-07-30,7.9,772776600.0,,170000000.0,yes,no,yes,yes,,,,,
242095,The Signal,"Thriller, Science Fiction",2014-03-15,5.8,,,4000000.0,yes,no,yes,no,,,,,
138103,The Expendables 3,"Action, Adventure, Thriller",2014-08-04,6.1,214657577.0,,90000000.0,yes,no,yes,yes,,,,,
184315,Hercules,"Action, Adventure",2014-07-23,5.6,244819862.0,,100000000.0,yes,no,yes,no,,,,,
157849,A Most Wanted Man,Thriller,2014-07-25,6.5,36233517.0,,15000000.0,no,no,yes,yes,,,,,
231576,Wish I Was Here,"Drama, Comedy",2014-01-18,6.4,,,5500000.0,yes,no,yes,no,,,,,
243683,Step Up All In,"Romance, Drama, Music",2014-07-16,6.7,86165646.0,,45000000.0,yes,no,yes,no,,,,,
244566,Life After Beth,"Romance, Comedy, Horror",2014-08-15,5.0,,,2400000.0,yes,no,yes,no,,,,,
157845,The Rover,"Crime, Drama",2014-05-18,6.1,,,12250000.0,yes,yes,yes,no,,,,,
229297,Magic in the Moonlight,"Comedy, Drama, Romance",2014-07-25,6.5,51029361.0,,16800000.0,yes,no,yes,yes,,,,,
228194,The Hundred-Foot Journey,Drama,2014-08-06,7.3,89078609.0,,22000000.0,no,yes,yes,yes,,,,,
76757,Jupiter Ascending,"Science Fiction, Fantasy, Action, Adventure",2015-02-04,5.2,184287723.0,,176000003.0,yes,no,yes,no,,,,,
98566,Teenage Mutant Ninja Turtles,"Science Fiction, Action, Adventure, Fantasy, Comedy",2014-08-07,5.8,485004754.0,,125000000.0,yes,no,yes,no,,,,,
227156,The Giver,"Drama, Science Fiction",2014-08-11,6.4,66980456.0,,25000000.0,yes,no,yes,no,,,,,
193893,Let's Be Cops,Comedy,2014-08-13,6.4,138224951.0,,17000000.0,no,no,yes,no,,,,,
189,Sin City: A Dame to Kill For,"Crime, Thriller",2014-08-20,6.3,39407616.0,,65000000.0,yes,no,yes,no,,,,,
249164,If I Stay,Drama,2014-08-21,7.3,78274843.0,,11000000.0,no,no,yes,no,,,,,
209189,Life of Crime,"Comedy, Crime",2013-09-14,5.5,,,12000000.0,yes,no,yes,no,,,,,
256274,"As Above, So Below","Horror, Thriller",2014-08-14,6.1,41898409.0,,5000000.0,yes,no,yes,no,,,,,
241848,The Guest,"Mystery, Thriller, Action",2014-09-17,6.5,,,5000000.0,yes,no,yes,no,,,,,
204922,Before I Go to Sleep,"Mystery, Thriller",2014-09-03,6.2,,,22000000.0,yes,no,yes,yes,,,,,
192145,Third Person,"Drama, Romance",2013-09-09,5.8,,,28000000.0,yes,yes,yes,yes,,,,,
154400,The Drop,"Drama, Crime",2014-09-12,6.7,,,12600000.0,yes,no,yes,no,,,,,
198663,The Maze Runner,"Action, Mystery, Science Fiction, Thriller",2014-09-10,7.0,348319861.0,,34000000.0,yes,no,yes,no,,,,,
244506,Camp X-Ray,Drama,2014-10-17,6.7,,,1000000.0,no,no,yes,no,,,,,
169917,A Walk Among the Tombstones,"Crime, Drama, Mystery, Thriller",2014-09-18,6.2,58834384.0,,28000000.0,yes,no,yes,no,,,,,
282296,My Old Lady,"Romance, Comedy, Drama",2014-09-09,6.1,,,5000000.0,yes,no,yes,yes,,,,,
111479,CBGB,"Drama, Music",2013-10-11,6.5,,,5000000.0,yes,yes,yes,no,,,,,
264656,The Homesman,"Western, Drama",2014-05-18,6.4,,,16000000.0,yes,no,yes,yes,,,,,
254904,The November Man,"Crime, Action, Thriller",2014-08-27,6.0,39661919.0,,15000000.0,yes,no,yes,yes,,,,,
170687,The Boxtrolls,"Animation, Comedy, Family, Fantasy",2014-09-10,6.6,108255770.0,,60000000.0,yes,no,no,no,,,,,
239678,This Is Where I Leave You,"Drama, Comedy",2014-09-10,6.5,41296320.0,,19800000.0,yes,no,yes,no,,,,,
190859,American Sniper,"War, Action",2014-12-11,7.4,547626372.0,,58800000.0,yes,no,yes,no,,,,,
246403,Tusk,"Comedy, Horror",2014-09-19,5.1,,,2800000.0,yes,no,yes,no,,,,,
250546,Annabelle,Horror,2014-10-02,5.5,257047661.0,,6500000.0,no,no,yes,no,,,,,
49017,Dracula Untold,"Horror, Action, Drama, Fantasy, War",2014-10-01,6.2,217124280.0,,70000000.0,yes,no,yes,no,,,,,
241254,The Prince,"Thriller, Action",2014-08-22,4.6,,,18000000.0,yes,no,yes,no,,,,,
206487,Predestination,"Science Fiction, Thriller",2014-08-28,7.3,,,5500000.0,yes,no,yes,no,,,,,
239571,The Best of Me,"Drama, Romance",2014-10-16,7.2,38609668.0,,26000000.0,yes,no,no,no,,,,,
245891,John Wick,"Action, Thriller",2014-10-22,7.0,86013056.0,,20000000.0,yes,yes,yes,yes,,,,,
205587,The Judge,Drama,2014-10-08,7.2,84419388.0,,50000000.0,no,no,yes,no,,,,,
228150,Fury,"War, Drama, Action",2014-10-15,7.4,211817906.0,,68000000.0,yes,no,yes,yes,,,,,
266285,The Salvation,"Drama, Western",2014-05-22,6.2,,,10500000.0,yes,yes,yes,yes,,,,,
239563,St. Vincent,Comedy,2014-10-09,7.1,54837234.0,,13000000.0,no,no,yes,no,,,,,
218043,Left Behind,"Thriller, Action, Science Fiction",2014-10-03,3.7,27405896.0,,16000000.0,yes,no,no,no,,,,,
242582,Nightcrawler,"Crime, Drama, Thriller",2014-10-23,7.6,47425835.0,,8500000.0,yes,no,yes,no,,,,,
177572,Big Hero 6,"Adventure, Family, Animation, Action, Comedy",2014-10-24,7.8,657827828.0,,165000000.0,yes,no,yes,no,,,,,
228326,The Book of Life,"Romance, Animation, Adventure, Comedy, Family, Fantasy",2014-10-01,7.3,99783556.0,,50000000.0,yes,no,yes,yes,,,,,
264660,Ex Machina,"Drama, Science Fiction",2015-01-21,7.6,36869414.0,,15000000.0,yes,no,yes,no,,,,,
87492,Foxcatcher,"Drama, Thriller",2014-05-19,6.5,,,24000000.0,yes,no,yes,no,,,,,
199534,Wolf Creek 2,"Horror, Thriller",2013-08-30,5.9,,,8000000.0,yes,yes,yes,no,,,,,
205596,The Imitation Game,"History, Drama, Thriller, War",2014-11-14,8.0,233555708.0,,14000000.0,yes,no,yes,no,,,,,
171274,Inherent Vice,"Comedy, Romance, Crime, Drama, Mystery",2014-12-25,6.5,,,20000000.0,yes,no,yes,no,,,,,
131631,The Hunger Games: Mockingjay - Part 1,"Science Fiction, Adventure, Thriller",2014-11-18,6.6,755356711.0,,125000000.0,yes,no,yes,no,,,,,
147441,Exodus: Gods and Kings,"Adventure, Drama, Action",2014-12-03,5.6,268175631.0,,140000000.0,yes,no,yes,yes,,,,,
100042,Dumb and Dumber To,Comedy,2014-11-12,5.4,169837010.0,,40000000.0,no,no,yes,no,,,,,
266856,The Theory of Everything,"Drama, Romance",2014-11-26,7.8,123726688.0,,15000000.0,yes,yes,no,no,,,,,
227735,Dolphin Tale 2,"Family, Drama",2014-09-12,6.7,57824533.0,,36000000.0,yes,no,yes,no,,,,,
232679,When the Game Stands Tall,Drama,2014-08-22,6.3,30138754.0,,15000000.0,no,no,yes,no,,,,,
192558,Aashiqui 2,"Drama, Romance",2013-04-25,6.8,,,1300000.0,yes,no,yes,no,,,,,
241771,Beyond the Lights,"Romance, Drama",2014-09-10,7.0,,,7000000.0,yes,no,yes,no,,,,,
205775,In the Heart of the Sea,"Thriller, Drama, Adventure, Action, History",2015-11-20,6.5,94320758.0,,100000000.0,yes,no,yes,no,,,,,
135397,Jurassic World,"Action, Adventure, Science Fiction, Thriller",2015-06-09,6.5,1670400637.0,,150000000.0,yes,no,yes,no,,,,,
227159,Horrible Bosses 2,Comedy,2014-11-26,6.1,107645357.0,,42000000.0,no,no,yes,no,,,,,
270946,Penguins of Madagascar,"Family, Animation, Adventure, Comedy",2014-11-22,6.5,373515621.0,,132000000.0,yes,no,no,no,,,,,
253331,Black or White,Drama,2014-09-06,6.5,,,9000000.0,no,no,no,no,,,,,
256917,The Water Diviner,"War, Drama",2014-12-25,6.8,35396641.0,,22500000.0,yes,yes,yes,yes,,,,,
284293,Still Alice,Drama,2014-12-05,7.5,44779195.0,,5000000.0,no,no,yes,no,,,,,
116149,Paddington,"Family, Comedy",2014-11-27,7.0,268047808.0,,55000000.0,yes,no,yes,no,,,,,
294254,Maze Runner: The Scorch Trials,Action,2015-09-09,6.5,312296056.0,,61000000.0,no,no,yes,no,,,,,
246860,Clouds of Sils Maria,Drama,2014-08-20,6.7,,,6600000.0,no,yes,yes,yes,,,,,
245916,Kill the Messenger,"Thriller, Crime, Drama, Mystery",2014-10-09,6.6,,,5000000.0,yes,no,yes,no,,,,,
214086,The Face of Love,"Drama, Romance",2013-10-25,5.9,,,4000000.0,yes,no,no,no,,,,,
122917,The Hobbit: The Battle of the Five Armies,"Action, Adventure, Fantasy",2014-12-10,7.1,956019788.0,,250000000.0,yes,no,yes,yes,,,,,
273895,Selma,"History, Drama",2014-12-25,7.4,66787908.0,,20000000.0,yes,no,yes,yes,,,,,
227306,Unbroken,"Drama, War",2014-12-25,7.3,161459297.0,,65000000.0,yes,yes,yes,no,,,,,
252171,A Girl Walks Home Alone at Night,"Horror, Romance",2014-01-19,6.9,,,1000000.0,yes,no,yes,no,,,,,
265177,Mommy,Drama,2014-05-22,8.2,,,4900000.0,no,yes,yes,no,,,,,
241239,A Most Violent Year,"Crime, Drama, Thriller",2014-12-30,6.5,,,20000000.0,yes,yes,yes,yes,,,,,
228970,Wild,Drama,2014-12-05,7.0,52501541.0,,15000000.0,no,no,yes,no,,,,,
87093,Big Eyes,Drama,2014-12-24,6.8,29253166.0,,10000000.0,no,yes,yes,yes,,,,,
224141,Into the Woods,"Fantasy, Comedy, Music",2014-12-25,5.6,212902372.0,,50000000.0,yes,no,yes,no,,,,,
228967,The Interview,"Action, Comedy",2014-12-25,6.1,,,44000000.0,yes,yes,yes,no,,,,,
207703,Kingsman: The Secret Service,"Crime, Comedy, Action, Adventure",2015-01-29,7.6,414351546.0,,81000000.0,yes,no,yes,yes,,,,,
181533,Night at the Museum: Secret of the Tomb,"Adventure, Comedy, Fantasy, Family",2014-12-17,6.1,363204635.0,,127000000.0,yes,no,yes,yes,,,,,
51017,Madea's Big Happy Family,"Comedy, Drama",2011-04-22,6.7,54161287.0,,25000000.0,yes,no,no,no,,,,,
68737,Seventh Son,"Adventure, Fantasy",2014-12-12,5.2,114178613.0,,95000000.0,yes,no,yes,yes,,,,,
196867,Annie,"Comedy, Drama, Family",2014-12-19,6.0,136853506.0,,65000000.0,yes,no,yes,no,,,,,
297222,PK,"Comedy, Drama, Science Fiction",2014-12-18,7.7,100370104.0,,13000000.0,yes,no,yes,no,,,,,
198184,Chappie,"Crime, Action, Science Fiction",2015-03-04,6.6,102811889.0,,49000000.0,yes,no,yes,yes,,,,,
232175,Gimme Shelter,Drama,2013-10-17,6.4,,,7500000.0,no,no,yes,no,,,,,
260346,Taken 3,"Thriller, Action",2014-12-16,6.1,326479141.0,,48000000.0,yes,no,yes,yes,,,,,
201088,Blackhat,"Crime, Drama, Mystery",2015-01-13,5.1,,,70000000.0,yes,yes,yes,no,,,,,
87101,Terminator Genisys,"Science Fiction, Action, Thriller, Adventure",2015-06-23,5.8,440603537.0,,155000000.0,yes,no,yes,no,,,,,
288158,The Woman in Black 2: Angel of Death,"Thriller, Horror, Drama",2014-12-30,5.0,48854305.0,,1000000.0,yes,no,yes,yes,,,,,
54518,Justin Bieber: Never Say Never,"Documentary, Music, Family",2011-02-11,4.8,99036827.0,,13000000.0,yes,no,yes,no,,,,,
270303,It Follows,"Horror, Thriller",2015-02-04,6.6,,,2000000.0,yes,no,yes,no,,,,,
16191,Highway to Hell,"Fantasy, Action, Comedy, Science Fiction",1991-11-21,6.1,,,9000000.0,yes,no,no,no,,,,,
29996,Solomon and Sheba,"Drama, History, Romance, War",1959-12-25,5.4,,,5000000.0,yes,no,no,no,,,,,
34586,Kandagar,"Drama, Action",2010-02-04,6.4,,,7000000.0,yes,yes,yes,no,,,,,
76341,Mad Max: Fury Road,"Action, Adventure, Science Fiction, Thriller",2015-05-13,7.3,379436354.0,,150000000.0,yes,no,yes,yes,,,,,
280092,Insidious: Chapter 3,"Drama, Horror, Thriller",2015-06-04,6.3,112983889.0,,10000000.0,yes,yes,no,yes,,,,,
140607,Star Wars: The Force Awakens,"Action, Adventure, Science Fiction, Fantasy",2015-12-15,7.5,,,245000000.0,yes,no,yes,no,,,,,
271969,Ben-Hur,"Adventure, Drama, Action",2016-08-17,5.3,94061311.0,,100000000.0,yes,no,yes,no,,,,,
68735,Warcraft,"Action, Adventure, Fantasy",2016-05-25,6.3,439048914.0,,160000000.0,yes,no,yes,yes,,,,,
99861,Avengers: Age of Ultron,"Action, Adventure, Science Fiction",2015-04-22,7.3,1402805868.0,,280000000.0,yes,no,yes,no,,,,,
166426,Pirates of the Caribbean: Dead Men Tell No Tales,"Adventure, Action, Fantasy, Comedy",2017-05-23,6.6,794861794.0,,230000000.0,yes,no,yes,no,,,,,
102899,Ant-Man,"Science Fiction, Action, Adventure",2015-07-14,7.0,519311965.0,,130000000.0,yes,no,no,no,,,,,
166424,Fantastic Four,"Action, Adventure, Science Fiction",2015-08-05,4.4,333535934.0,,120000000.0,yes,no,yes,no,,,,,
293660,Deadpool,"Action, Adventure, Comedy",2016-02-09,7.4,782612155.0,,58000000.0,yes,no,yes,no,,,,,
283995,Guardians of the Galaxy Vol. 2,"Action, Adventure, Comedy, Science Fiction",2017-04-19,7.6,863756051.0,,200000000.0,yes,no,yes,no,,,,,
271110,Captain America: Civil War,"Adventure, Action, Science Fiction",2016-04-27,7.1,1153296293.0,,250000000.0,yes,yes,yes,no,,,,,
284052,Doctor Strange,"Action, Adventure, Fantasy, Science Fiction",2016-10-25,7.1,677718395.0,,165000000.0,yes,no,yes,no,,,,,
246655,X-Men: Apocalypse,Science Fiction,2016-05-18,6.4,543934105.0,,178000000.0,no,no,yes,no,,,,,
68351,Sankofa,Drama,1993-05-28,6.9,,,1000000.0,no,no,yes,yes,,,,,
284276,Cake,Drama,2014-09-07,6.2,,,7000000.0,no,yes,yes,no,,,,,
284536,The Gambler,"Thriller, Crime, Drama",2014-12-25,5.7,39280992.0,,25000000.0,yes,no,yes,no,,,,,
28284,Parrish,"Drama, Romance",1961-05-04,6.0,,,1500000.0,yes,no,no,no,,,,,
210860,Mortdecai,"Comedy, Adventure",2015-01-21,5.4,47275695.0,,60000000.0,yes,no,yes,no,,,,,
216015,Fifty Shades of Grey,"Drama, Romance, Thriller",2015-02-11,5.2,569651467.0,,40000000.0,yes,no,yes,no,,,,,
272693,The DUFF,"Romance, Comedy",2015-02-20,6.8,43709744.0,,8500000.0,yes,no,yes,no,,,,,
227719,Project Almanac,"Science Fiction, Thriller",2015-01-29,6.4,33213241.0,,12000000.0,yes,no,yes,no,,,,,
167073,Brooklyn,"Drama, Romance",2015-10-20,7.2,62076141.0,,11000000.0,yes,no,yes,yes,,,,,
232572,A Walk in the Woods,"Adventure, Comedy, Drama",2015-09-02,5.7,37461274.0,,8000000.0,yes,no,yes,no,,,,,
283235,99 Homes,Drama,2014-10-09,6.8,,,8000000.0,no,no,yes,no,,,,,
251321,Aloft,Drama,2014-02-12,5.1,,,8000000.0,no,yes,yes,yes,,,,,
308453,The Bronze,"Drama, Comedy",2016-01-22,5.5,,,3500000.0,yes,no,no,no,,,,,
250124,The Diary of a Teenage Girl,"Drama, Romance",2015-08-07,6.8,,,2000000.0,yes,no,yes,no,,,,,
308639,Dope,"Crime, Drama, Comedy",2015-06-19,7.2,,,700000.0,yes,no,yes,no,,,,,
230266,Miss Julie,Drama,2014-09-07,5.8,,,5500000.0,no,no,no,yes,,,,,
72784,The Loft,Thriller,2014-10-14,6.4,,,14000000.0,no,no,yes,no,,,,,
167810,Lost River,"Fantasy, Thriller",2015-04-08,5.8,,,2000000.0,yes,no,yes,no,,,,,
273248,The Hateful Eight,"Crime, Drama, Mystery, Western",2015-12-25,7.6,155760117.0,,44000000.0,yes,yes,yes,no,,,,,
286565,Paper Towns,"Drama, Mystery, Romance",2015-06-18,6.1,85512300.0,,12000000.0,yes,no,no,no,,,,,
252838,The Wedding Ringer,Comedy,2015-01-16,6.5,79799880.0,,23000000.0,no,no,yes,no,,,,,
241251,The Boy Next Door,Thriller,2015-01-23,4.1,52425855.0,,4000000.0,no,no,yes,no,,,,,
201085,Crimson Peak,"Mystery, Thriller, Fantasy, Horror, Drama",2015-10-13,6.4,74679822.0,,55000000.0,yes,no,no,yes,,,,,
243938,Hot Tub Time Machine 2,Comedy,2015-02-20,5.0,,,14000000.0,no,no,yes,no,,,,,
256591,Focus,"Romance, Comedy, Crime, Drama",2015-02-25,6.7,159162963.0,,50100000.0,yes,no,yes,no,,,,,
228165,The SpongeBob Movie: Sponge Out of Water,"Animation, Adventure, Comedy, Family",2015-02-05,5.7,325186032.0,6.0,74000000.0,yes,no,yes,no,"United States, South Korea, Australia",2015,92,9.0,1.0
268238,The Second Best Exotic Marigold Hotel,"Drama, Comedy",2015-02-26,6.3,85978266.0,,10000000.0,yes,no,yes,yes,,,,,
290764,Tracers,"Action, Crime, Drama",2015-01-15,5.9,,,11000000.0,yes,no,yes,no,,,,,
239573,Unfinished Business,Comedy,2015-03-05,5.0,,,35000000.0,no,no,yes,no,,,,,
241554,Run All Night,"Action, Crime, Drama, Mystery, Thriller",2015-03-11,6.3,71661644.0,,50000000.0,yes,no,yes,no,,,,,
150689,Cinderella,"Romance, Fantasy, Family, Drama",2015-03-12,6.7,542351353.0,,95000000.0,yes,no,yes,yes,,,,,
243688,Poltergeist,"Horror, Thriller",2015-05-20,5.0,95437994.0,,35000000.0,yes,yes,yes,no,,,,,
266647,Pan,"Adventure, Family, Fantasy",2015-09-24,5.9,128988320.0,,150000000.0,yes,no,yes,no,,,,,
252512,While We're Young,"Comedy, Drama, Mystery",2015-04-03,5.8,,,10000000.0,yes,no,yes,no,,,,,
262500,Insurgent,"Adventure, Science Fiction, Thriller",2015-03-18,6.2,,,110000000.0,yes,no,yes,no,,,,,
230179,Big Game,"Action, Adventure, Thriller",2014-09-05,5.3,,,8500000.0,yes,yes,yes,yes,,,,,
228161,Home,"Fantasy, Comedy, Animation, Science Fiction, Family",2015-03-18,6.8,386041607.0,,135000000.0,yes,no,yes,no,,,,,
245703,Midnight Special,"Adventure, Drama, Science Fiction",2016-02-18,6.2,,,18000000.0,yes,no,yes,no,,,,,
266396,The Gunman,"Action, Drama, Crime",2015-02-16,5.5,,,40000000.0,yes,yes,yes,yes,,,,,
255343,Escobar: Paradise Lost,"Thriller, Romance",2014-10-11,6.1,,,17000000.0,yes,yes,yes,yes,,,,,
168259,Furious 7,Action,2015-04-01,7.3,1515047671.0,,190000000.0,no,no,yes,yes,,,,,
181283,Child 44,"Crime, Thriller",2015-03-15,6.1,,,50000000.0,yes,no,yes,yes,,,,,
257091,Get Hard,Comedy,2015-03-26,5.9,111811453.0,,40000000.0,no,no,yes,no,,,,,
304357,Woman in Gold,Drama,2015-04-10,7.3,61619773.0,,11000000.0,no,yes,yes,yes,,,,,
269148,Samba,"Drama, Comedy",2014-10-15,6.4,39178695.0,,20000000.0,yes,yes,yes,no,,,,,
158852,Tomorrowland,"Adventure, Family, Mystery, Science Fiction",2015-05-19,6.2,209035668.0,,190000000.0,yes,no,yes,no,,,,,
256961,Paul Blart: Mall Cop 2,"Action, Comedy, Family",2015-04-16,5.0,107588225.0,,38000000.0,yes,no,yes,no,,,,,
228205,The Longest Ride,"Drama, Romance",2015-04-09,7.3,62944815.0,,34000000.0,yes,no,yes,no,,,,,
293863,The Age of Adaline,"Fantasy, Drama, Romance",2015-04-16,7.4,65663276.0,,25000000.0,yes,no,yes,no,,,,,
256924,Danny Collins,"Comedy, Drama, Music",2015-03-19,6.6,,,10000000.0,yes,yes,yes,no,,,,,
197583,50 to 1,"Comedy, Drama",2014-03-21,5.7,,,10000000.0,yes,yes,no,no,,,,,
250349,Barbecue,Comedy,2014-04-30,5.8,,,6000000.0,no,no,yes,no,,,,,
254128,San Andreas,"Action, Drama, Thriller",2015-05-27,6.0,474590832.0,,110000000.0,yes,no,yes,yes,,,,,
249070,Hitman: Agent 47,"Action, Crime, Thriller",2015-08-20,5.5,82347656.0,,35000000.0,yes,no,yes,yes,,,,,
160768,Jimmy P.,Drama,2013-09-11,6.0,,,10000000.0,no,no,yes,no,,,,,
275601,Ricki and the Flash,"Comedy, Drama, Music",2015-07-10,5.6,41325328.0,,18000000.0,yes,no,yes,no,,,,,
332835,Piku,"Drama, Comedy",2015-05-08,6.8,,,5500000.0,yes,no,yes,no,,,,,
254470,Pitch Perfect 2,"Comedy, Music",2015-05-07,6.8,287144079.0,,29000000.0,yes,no,yes,no,,,,,
258480,Carol,"Romance, Drama",2015-11-20,7.3,40272135.0,,11800000.0,yes,no,yes,yes,,,,,
245846,Strangerland,"Drama, Thriller",2015-07-01,5.1,,,10000000.0,yes,no,no,no,,,,,
254320,The Lobster,"Thriller, Comedy, Drama, Romance, Science Fiction",2015-10-08,6.7,,,4000000.0,yes,yes,yes,yes,,,,,
287424,Maggie,Horror,2015-05-08,5.2,,,4000000.0,no,no,yes,yes,,,,,
171424,The Green Inferno,"Action, Adventure, Horror, Thriller",2014-09-04,5.0,,,5000000.0,yes,no,yes,yes,,,,,
286217,The Martian,"Drama, Adventure, Science Fiction",2015-09-30,7.6,630161890.0,,108000000.0,yes,yes,yes,no,,,,,
310593,Youth,"Comedy, Drama",2015-05-20,6.7,227091290.0,,13360000.0,yes,yes,yes,yes,,,,,
21570,Rangeela,"Drama, Romance",1995-01-01,7.1,,,2800000.0,yes,yes,no,no,,,,,
20968,Sarkar,"Crime, Action, Drama",2005-07-01,6.9,,,1900000.0,yes,no,no,no,,,,,
238713,Spy,"Action, Comedy, Crime",2015-05-06,6.9,235666219.0,,65000000.0,yes,yes,yes,no,,,,,
271718,Trainwreck,Comedy,2015-07-17,5.9,140795793.0,,35000000.0,no,no,yes,no,,,,,
39895,From a Whisper to a Scream,"Comedy, Horror",1987-09-25,6.8,,,1100000.0,yes,yes,no,no,,,,,
222936,Aloha,"Drama, Comedy, Romance",2015-05-27,5.2,26250020.0,,37000000.0,yes,yes,yes,no,,,,,
74458,Mere Brother Ki Dulhan,"Drama, Comedy, Romance",2011-09-09,6.5,,,5510000.0,yes,yes,no,no,,,,,
188222,Entourage,Comedy,2015-06-03,6.2,49263404.0,,30000000.0,no,no,yes,no,,,,,
286521,5 Flights Up,Drama,2014-09-05,5.9,,,6000000.0,no,no,yes,no,,,,,
150540,Inside Out,"Drama, Comedy, Animation, Family",2015-06-09,7.9,858294430.0,,175000000.0,yes,no,yes,no,,,,,
58333,Tanu Weds Manu,"Drama, Comedy, Romance, Foreign",2011-03-25,6.1,,,400000.0,yes,yes,yes,no,,,,,
131634,The Hunger Games: Mockingjay - Part 2,"Action, Adventure, Science Fiction",2015-11-18,6.6,653428261.0,,160000000.0,yes,no,yes,yes,,,,,
272878,Max,"Adventure, Drama, Family",2015-06-26,6.8,43956255.0,,20000000.0,yes,no,yes,no,,,,,
257344,Pixels,"Action, Comedy, Science Fiction",2015-07-16,5.6,244874809.0,,88000000.0,yes,no,yes,no,,,,,
262504,Allegiant,"Adventure, Science Fiction",2016-03-09,5.9,179246868.0,,110000000.0,yes,no,yes,no,,,,,
259316,Fantastic Beasts and Where to Find Them,"Adventure, Family, Fantasy",2016-11-16,7.2,816037575.0,,180000000.0,yes,no,yes,yes,,,,,
215776,Madras Cafe,Thriller,2013-08-23,6.9,,,5400000.0,no,no,yes,no,,,,,
337876,Gabbar Is Back,"Drama, Action",2015-05-01,7.0,,,11000000.0,yes,no,no,no,,,,,
256962,Little Boy,"Comedy, Drama, War",2015-04-23,7.0,,,20000000.0,yes,no,yes,yes,,,,,
238615,Self/less,"Science Fiction, Mystery, Thriller",2015-07-10,6.3,31807156.0,,26000000.0,yes,no,yes,no,,,,,
302156,Criminal,Action,2016-04-14,5.8,38803993.0,,31500000.0,no,no,yes,yes,,,,,
274854,The Last Witch Hunter,"Fantasy, Action, Adventure",2015-10-21,5.7,146936910.0,,90000000.0,yes,no,yes,no,,,,,
287903,Krampus,"Horror, Comedy, Fantasy",2015-11-26,5.9,61548707.0,,15000000.0,yes,yes,yes,no,,,,,
297761,Suicide Squad,"Action, Adventure, Crime, Fantasy, Science Fiction",2016-08-02,5.9,749200054.0,,175000000.0,yes,no,yes,no,,,,,
47933,Independence Day: Resurgence,"Action, Adventure, Science Fiction",2016-06-22,4.9,389681935.0,,165000000.0,yes,no,yes,no,,,,,
188927,Star Trek Beyond,"Action, Adventure, Science Fiction",2016-07-07,6.6,343471816.0,,185000000.0,yes,no,yes,no,,,,,
139357,Pizza,"Thriller, Comedy, Romance, Horror",2012-10-19,5.5,,,240000.0,yes,yes,no,no,,,,,
15761,Company,"Action, Drama, Foreign",2002-04-15,6.3,,,1500000.0,yes,no,no,no,,,,,
20742,Shootout at Lokhandwala,"Action, Crime, Drama, Foreign",2007-05-25,6.0,,,11000000.0,yes,no,no,no,,,,,
131940,Josh,"Romance, Drama",2000-06-09,6.0,,,6900000.0,yes,yes,no,no,,,,,
14194,Dhoom 2,"Drama, Action, Thriller, Crime",2006-11-24,5.9,32396427.0,,11000000.0,yes,yes,no,no,,,,,
214756,Ted 2,Comedy,2015-06-25,6.2,215863606.0,,68000000.0,no,no,yes,no,,,,,
211672,Minions,"Family, Animation, Adventure, Comedy",2015-06-17,6.4,1159398397.0,,74000000.0,yes,no,yes,no,,,,,
49375,Rough Cut,"Adventure, Comedy, Crime, Mystery, Romance",1980-06-19,6.1,,,14000000.0,yes,no,yes,no,,,,,
105864,The Good Dinosaur,"Adventure, Animation, Family",2015-11-14,6.6,332207671.0,,175000000.0,yes,no,yes,no,,,,,
261023,Black Mass,"Crime, Drama",2015-09-04,6.3,99975678.0,,53000000.0,yes,no,yes,yes,,,,,
206647,Spectre,"Action, Adventure, Crime",2015-10-26,6.3,880674609.0,,245000000.0,yes,yes,yes,yes,,,,,
87533,Bulletproof,"Action, Thriller",1988-04-20,6.5,,,5000000.0,yes,no,no,no,,,,,
321697,Steve Jobs,"Drama, History",2015-10-09,6.8,34441873.0,,30000000.0,yes,no,yes,no,,,,,
225728,Macbeth,"History, Drama, War",2015-08-16,6.4,,,15000000.0,yes,no,yes,yes,,,,,
296099,Vacation,Comedy,2015-07-28,6.1,107228221.0,,31000000.0,no,no,yes,no,,,,,
254905,Manglehorn,Drama,2015-06-03,5.2,,,4000000.0,no,no,no,no,,,,,
209112,Batman v Superman: Dawn of Justice,"Action, Adventure, Fantasy",2016-03-23,5.7,874360194.0,,250000000.0,yes,no,yes,no,,,,,
272435,Gemma Bovery,"Romance, Drama, Comedy",2014-09-10,6.2,,,9700000.0,yes,yes,yes,yes,,,,,
264999,Magic Mike XXL,"Comedy, Drama, Music",2015-07-01,6.2,122613057.0,,14800000.0,yes,no,yes,no,,,,,
278927,The Jungle Book,"Family, Adventure, Drama, Fantasy",2016-04-07,6.7,966550600.0,,175000000.0,yes,no,yes,yes,,,,,
203801,The Man from U.N.C.L.E.,"Comedy, Action, Adventure",2015-08-13,7.1,110045109.0,,75000000.0,yes,yes,yes,no,,,,,
285783,The Walk,"Adventure, Drama, Thriller",2015-09-30,6.9,61181942.0,,35000000.0,yes,yes,yes,no,,,,,
300671,13 Hours: The Secret Soldiers of Benghazi,"Action, Drama, History, Thriller, War",2016-01-13,7.0,,,50000000.0,yes,yes,yes,yes,,,,,
182560,Dark Places,"Drama, Mystery, Thriller",2015-03-31,5.7,,,20000000.0,yes,no,yes,yes,,,,,
336804,Mustang,Drama,2015-06-17,8.0,,,1300000.0,no,no,yes,yes,,,,,
189227,Soodhu Kavvum,"Comedy, Thriller",2013-05-01,7.0,,,310000.0,yes,no,yes,no,,,,,
348892,Bajrangi Bhaijaan,"Adventure, Comedy, Drama",2015-07-17,7.7,75547184.0,,14000000.0,yes,yes,yes,no,,,,,
281957,The Revenant,"Western, Drama, Adventure, Thriller",2015-12-25,7.3,532950503.0,,135000000.0,yes,yes,yes,yes,,,,,
282984,Irrational Man,"Mystery, Drama",2015-07-17,6.3,27391084.0,,11000000.0,yes,no,yes,no,,,,,
256040,Baahubali: The Beginning,"Action, Adventure, History, War",2015-07-10,7.5,,,40000000.0,yes,yes,no,no,,,,,
307081,Southpaw,"Action, Drama",2015-06-15,7.3,91970827.0,,30000000.0,yes,no,yes,no,,,,,
273481,Sicario,"Action, Crime, Drama, Mystery, Thriller",2015-09-17,7.2,84872444.0,,30000000.0,yes,yes,yes,no,,,,,
291270,Anomalisa,"Animation, Comedy, Drama, Romance",2015-12-30,6.9,,,8000000.0,yes,no,no,no,,,,,
318781,Colonia,"Drama, Romance, History",2016-02-18,7.4,,,14000000.0,yes,yes,yes,yes,,,,,
157544,The Vatican Tapes,"Thriller, Horror",2015-07-24,4.6,,,13000000.0,yes,yes,yes,no,,,,,
257211,The Intern,Comedy,2015-09-24,7.1,194764672.0,,35000000.0,no,no,yes,no,,,,,
292431,Love,"Drama, Romance",2015-07-06,5.2,,,3000000.0,yes,no,yes,yes,,,,,
264644,Room,"Drama, Thriller",2015-10-16,8.1,35401758.0,,6000000.0,yes,no,yes,yes,,,,,
328425,The Gift,"Thriller, Mystery",2015-07-30,6.7,58978653.0,,5000000.0,yes,no,yes,no,,,,,
310131,The Witch,"Mystery, Horror",2016-02-19,6.3,40423945.0,,3500000.0,yes,no,yes,yes,,,,,
121640,Zaytoun,"Drama, War, Adventure, Thriller",2012-10-14,6.6,,,8000000.0,yes,yes,yes,yes,,,,,
298312,The Visit,"Horror, Thriller",2015-09-10,6.0,98450062.0,,5000000.0,yes,no,yes,no,,,,,
290751,Secret in Their Eyes,"Crime, Drama, Mystery",2015-10-14,6.2,34854990.0,,19500000.0,yes,no,yes,yes,,,,,
283445,Sinister 2,Horror,2015-08-19,5.5,53329150.0,,10000000.0,no,no,yes,no,,,,,
261392,American Ultra,"Comedy, Action",2015-08-19,6.0,27262374.0,,28000000.0,yes,no,yes,yes,,,,,
192141,No Escape,"Action, Thriller",2015-08-26,6.7,54418872.0,,5000000.0,yes,yes,yes,no,,,,,
277216,Straight Outta Compton,"Drama, Music",2015-08-13,7.7,201634991.0,,28000000.0,yes,no,yes,no,,,,,
274479,Joy,"Drama, Comedy",2015-12-24,6.4,101134059.0,,60000000.0,yes,yes,yes,no,,,,,
228066,Victor Frankenstein,"Drama, Science Fiction, Thriller",2015-11-10,5.6,34227298.0,,40000000.0,yes,no,yes,yes,,,,,
301875,Equals,"Drama, Romance, Science Fiction",2015-07-15,5.9,,,16000000.0,yes,no,yes,no,,,,,
273477,Scouts Guide to the Zombie Apocalypse,"Comedy, Horror",2015-10-23,6.2,,,15000000.0,yes,no,yes,no,,,,,
245168,Suffragette,"Drama, History",2015-10-16,7.1,31972096.0,,14000000.0,yes,yes,yes,no,,,,,
301351,We Are Your Friends,"Drama, Music, Romance",2015-08-26,6.3,,,6000000.0,yes,yes,no,yes,,,,,
323272,War Room,Drama,2015-08-28,6.9,73267874.0,,3000000.0,no,no,yes,no,,,,,
276907,Legend,"Crime, Thriller",2015-09-09,6.7,42972994.0,,25000000.0,yes,no,yes,yes,,,,,
306819,The Danish Girl,Drama,2015-11-27,7.4,64191523.0,,15000000.0,no,yes,yes,yes,,,,,
313922,Green Room,"Horror, Crime, Thriller",2016-04-15,6.7,,,5000000.0,yes,no,yes,no,,,,,
283587,Beasts of No Nation,"Drama, War",2015-09-11,7.6,,,6000000.0,yes,no,yes,no,,,,,
328589,The Lady in the Van,"Comedy, Drama",2015-11-13,6.0,41387687.0,,6000000.0,yes,no,yes,no,,,,,
287948,The Transporter Refueled,"Thriller, Action, Crime",2015-09-03,5.3,72629670.0,,25000000.0,yes,no,no,yes,,,,,
263472,Knock Knock,"Drama, Thriller",2015-06-26,4.9,,,2500000.0,yes,yes,yes,yes,,,,,
303991,Demolition,"Comedy, Drama",2016-04-06,6.6,,,10000000.0,yes,no,yes,no,,,,,
10317,Our Brand Is Crisis,"Comedy, Drama",2015-09-11,5.8,,,28000000.0,yes,no,yes,no,,,,,
84858,Agneepath,"Action, Crime, Drama",2012-01-25,6.3,26001696.0,,11097000.0,yes,yes,no,no,,,,,
118051,Cocktail,"Romance, Drama, Comedy",2012-07-13,6.2,,,6400000.0,yes,no,yes,yes,,,,,
296100,The Night Before,Comedy,2015-11-20,6.1,52395996.0,,25000000.0,no,no,yes,no,,,,,
253412,Everest,"Adventure, Drama",2015-09-10,6.7,203427584.0,,55000000.0,yes,no,yes,yes,,,,,
314365,Spotlight,"Drama, Thriller, History",2015-11-06,7.8,98690254.0,,20000000.0,yes,no,yes,yes,,,,,
245698,Pawn Sacrifice,"Thriller, Drama",2015-09-16,6.7,,,19000000.0,yes,no,yes,no,,,,,
325348,Hardcore Henry,"Action, Adventure, Science Fiction",2015-09-12,6.2,,,10000000.0,yes,yes,yes,yes,,,,,
295964,Burnt,Drama,2015-10-02,6.3,36606743.0,,20000000.0,no,yes,yes,no,,,,,
205017,Lootera,"Drama, Romance",2013-04-04,6.6,,,4100000.0,yes,no,yes,no,,,,,
69407,Varalaru,Drama,2006-10-20,6.1,,,500000.0,no,no,no,no,,,,,
306745,Freeheld,"Romance, Drama",2015-10-02,7.1,,,7000000.0,yes,no,yes,no,,,,,
314385,By the Sea,"Drama, Romance",2015-11-12,5.4,,,10000000.0,yes,yes,yes,yes,,,,,
309809,The Little Prince,"Adventure, Animation, Fantasy",2015-07-29,7.6,97571250.0,,64000000.0,yes,no,yes,no,,,,,
297762,Wonder Woman,"Action, Adventure, Fantasy",2017-05-30,7.2,822963408.0,,149000000.0,yes,yes,yes,no,,,,,
339988,The Circle,"Drama, Thriller, Science Fiction",2017-04-27,5.4,40656399.0,,18000000.0,yes,no,yes,no,,,,,
68730,Silence,"Drama, History",2016-12-22,7.0,23834809.0,,46000000.0,yes,yes,yes,yes,,,,,
296098,Bridge of Spies,"Thriller, Drama",2015-10-15,7.2,165478348.0,,40000000.0,yes,yes,yes,yes,,,,,
270487,"Hail, Caesar!","Comedy, Drama, Mystery",2016-02-05,5.7,63647656.0,,22000000.0,yes,no,yes,no,,,,,
4912,Confessions of a Dangerous Mind,"Comedy, Crime, Drama, Romance, Thriller",2002-12-30,6.6,33013805.0,,30000000.0,yes,no,yes,no,,,,,
257445,Goosebumps,"Adventure, Horror, Comedy",2015-08-05,6.2,158260952.0,,58000000.0,yes,no,yes,yes,,,,,
304372,The Perfect Guy,"Drama, Thriller",2015-09-11,5.6,60273173.0,,12000000.0,yes,no,no,no,,,,,
253414,Rock the Kasbah,"Comedy, Music, War",2015-10-22,5.2,,,15000000.0,yes,no,yes,no,,,,,
346808,Momentum,"Action, Thriller",2015-08-01,5.9,,,20000000.0,yes,no,yes,yes,,,,,
319993,Aferim!,"Drama, History",2015-01-22,7.5,,,1379375.0,yes,yes,yes,yes,,,,,
266639,Jem and the Holograms,"Drama, Music, Adventure, Fantasy",2015-10-22,5.4,,,5000000.0,yes,no,yes,no,,,,,
293646,The 33,"Drama, History",2015-08-06,6.0,27972023.0,,25000000.0,yes,yes,yes,yes,,,,,
298382,The Dressmaker,Drama,2015-10-01,6.9,,,11930000.0,no,no,yes,no,,,,,
294016,Trumbo,Drama,2015-10-27,7.3,,,15000000.0,no,no,yes,no,,,,,
321741,Concussion,Drama,2015-11-12,7.0,48623572.0,,35000000.0,no,no,yes,yes,,,,,
13986,Dil To Pagal Hai,"Drama, Romance, Comedy",1997-10-30,6.6,,,1300000.0,yes,no,no,no,,,,,
312221,Creed,Drama,2015-11-25,7.3,174167581.0,,37000000.0,no,no,yes,no,,,,,
157827,Louder Than Bombs,Drama,2015-05-18,6.7,,,11000000.0,no,yes,yes,yes,,,,,
336004,Heist,"Crime, Action, Thriller",2015-11-13,5.6,28510652.0,,8900000.0,yes,no,yes,no,,,,,
333348,Love the Coopers,"Comedy, Family",2015-11-12,5.4,42426912.0,,17000000.0,yes,no,yes,no,,,,,
257088,Point Break,"Action, Crime, Thriller",2015-12-03,5.5,133782481.0,,105000000.0,yes,no,yes,yes,,,,,
299687,The 5th Wave,"Adventure, Science Fiction",2016-01-14,5.6,109906372.0,,38000000.0,yes,no,yes,no,,,,,
300693,Truth,Drama,2015-09-12,6.5,,,9600000.0,no,no,yes,yes,,,,,
318846,The Big Short,"Comedy, Drama",2015-12-11,7.3,133440870.0,,28000000.0,yes,no,yes,no,,,,,
329833,Zoolander 2,Comedy,2016-02-06,4.7,56722693.0,,50000000.0,no,no,yes,no,,,,,
259694,How to Be Single,"Comedy, Romance",2016-01-21,5.9,112543513.0,,38000000.0,yes,no,yes,no,,,,,
351819,Fifty Shades of Black,"Romance, Comedy",2016-01-28,4.3,,,20000000.0,yes,no,no,no,,,,,
340666,Nocturnal Animals,"Drama, Thriller",2016-11-04,7.2,30311857.0,,22500000.0,yes,no,yes,no,,,,,
274167,Daddy's Home,Comedy,2015-12-25,5.8,242786137.0,,50000000.0,no,no,yes,no,,,,,
266294,Sisters,Comedy,2015-12-18,5.8,105011053.0,,30000000.0,no,no,no,no,,,,,
140300,Kung Fu Panda 3,"Action, Adventure, Animation, Comedy, Family",2016-01-23,6.7,521170825.0,,145000000.0,yes,no,yes,yes,,,,,
362045,Bajirao Mastani,"War, History, Romance",2015-12-18,7.2,,,19500000.0,yes,yes,yes,no,,,,,
58431,Pride and Prejudice and Zombies,"Romance, Horror, Comedy, Thriller",2016-02-04,5.5,,,28000000.0,yes,no,yes,no,,,,,
174751,Jane Got a Gun,"Action, Drama, Western",2016-01-01,5.4,,,25000000.0,yes,no,yes,no,,,,,
370665,Dilwale,"Crime, Action, Comedy",2015-12-18,6.3,31994323.0,,26000000.0,yes,no,yes,no,,,,,
333596,Woodlawn,Drama,2015-10-15,6.8,,,12000000.0,no,no,no,no,,,,,
331190,Captive,"Crime, Drama, Thriller",2015-09-17,5.6,,,2000000.0,yes,no,yes,no,,,,,
329440,The Forest,"Horror, Thriller",2016-01-07,4.8,39712000.0,,10000000.0,yes,no,yes,no,,,,,
275269,Wazir,"Thriller, Action",2016-01-07,6.7,,,5200000.0,yes,no,yes,no,,,,,
54242,Mickey,"Comedy, Drama",1918-08-01,7.5,,,250000.0,yes,no,no,no,,,,,
323675,Ride Along 2,"Action, Comedy",2016-01-14,6.1,124605297.0,,40000000.0,yes,no,yes,no,,,,,
319888,Eddie the Eagle,"Comedy, Drama, History",2016-02-26,7.2,46152800.0,,23000000.0,yes,yes,yes,yes,,,,,
375290,Airlift,"Thriller, Action, Drama, History",2016-01-22,7.3,,,4500000.0,yes,yes,yes,no,,,,,
273899,Stonewall,Drama,2015-09-18,5.2,,,13500000.0,no,no,yes,no,,,,,
321258,The Boy,"Horror, Mystery, Thriller",2016-01-22,5.8,64188367.0,,10000000.0,yes,no,yes,yes,,,,,
343795,90 Minutes in Heaven,Drama,2015-09-11,5.4,,,5000000.0,no,yes,yes,no,,,,,
335778,Risen,Action,2016-02-19,5.7,46432579.0,,20000000.0,no,no,yes,no,,,,,
291870,Dirty Grandpa,Comedy,2016-01-21,5.7,94073028.0,,11500000.0,no,no,yes,no,,,,,
300673,The Finest Hours,"Action, Drama, History, Thriller",2016-01-25,6.3,52099090.0,,80000000.0,yes,no,yes,no,,,,,
339408,The Birth of a Nation,Drama,2016-09-09,6.4,,,8500000.0,no,no,yes,no,,,,,
44566,Anjaana Anjaani,"Comedy, Drama, Music, Romance",2010-09-24,6.1,,,6400000.0,yes,no,yes,no,,,,,
296096,Me Before You,"Drama, Romance",2016-06-02,7.6,208445075.0,,20000000.0,yes,no,yes,no,,,,,
146198,Triple 9,"Action, Thriller",2016-02-19,5.6,23177948.0,,20000000.0,yes,no,yes,no,,,,,
205584,Gods of Egypt,Fantasy,2016-02-25,5.2,150680864.0,,140000000.0,no,no,yes,yes,,,,,
323677,Race,"Action, Drama",2016-02-19,7.0,25070261.0,,5000000.0,yes,no,yes,yes,,,,,
333371,10 Cloverfield Lane,"Thriller, Science Fiction, Drama",2016-03-10,6.8,110216998.0,,15000000.0,yes,no,yes,no,,,,,
267860,London Has Fallen,"Action, Crime, Thriller",2016-03-02,5.8,205754447.0,,60000000.0,yes,no,yes,yes,,,,,
269149,Zootopia,"Animation, Adventure, Family, Comedy",2016-02-11,7.7,1023784195.0,,150000000.0,yes,no,yes,no,,,,,
279641,Whiskey Tango Foxtrot,"War, Comedy",2016-03-04,6.0,24972139.0,,35000000.0,yes,no,yes,no,,,,,
318850,The Young Messiah,Drama,2016-03-10,6.4,,,18500000.0,no,no,no,no,,,,,
14467,Jaane Tu... Ya Jaane Na,"Drama, Comedy, Romance",2008-07-04,6.7,19852786.0,,2300000.0,yes,no,no,no,,,,,
15864,Bachna Ae Haseeno,"Drama, Comedy, Romance",2008-08-14,6.5,,,2400000.0,yes,no,no,yes,,,,,
14071,Dostana,"Drama, Comedy, Romance",2008-11-13,6.4,,,10000000.0,yes,yes,no,no,,,,,
148265,Eega,"Romance, Science Fiction",2012-06-06,6.7,,,5990000.0,yes,yes,yes,no,,,,,
19980,99,"Comedy, Crime",2009-05-15,5.6,,,3000000.0,yes,no,no,no,,,,,
61400,Thank You,"Drama, Comedy, Romance, Foreign",2011-04-08,5.7,,,13100000.0,yes,no,no,no,,,,,
271200,Heropanti,"Romance, Action",2014-05-23,5.4,,,4200000.0,yes,no,no,no,,,,,
301365,The Neon Demon,"Thriller, Horror",2016-06-08,6.4,,,7000000.0,yes,no,yes,yes,,,,,
20049,Ayan,"Action, Romance, Comedy",2009-04-03,6.7,,,3230939.0,yes,no,no,no,,,,,
31626,Bommarillu,"Drama, Foreign, Romance",2006-08-09,5.6,,,1333333.0,yes,no,no,no,,,,,
338065,Dil Dhadakne Do,"Drama, Family, Romance",2015-06-05,6.7,,,13000000.0,yes,no,yes,no,,,,,
333352,Eye in the Sky,"Drama, Thriller, War",2015-09-11,7.2,35259653.0,,13000000.0,yes,yes,yes,no,,,,,
320588,"Hello, My Name Is Doris","Comedy, Drama, Romance",2015-11-27,6.5,,,1000000.0,yes,no,yes,no,,,,,
2989,Roar,"Adventure, Thriller",1981-11-12,5.6,,,17000000.0,yes,no,no,no,,,,,
333385,Mr. Right,"Action, Comedy, Romance",2016-02-29,6.3,,,8000000.0,yes,no,yes,no,,,,,
339984,Miracles from Heaven,Drama,2016-03-17,6.8,73983003.0,,16000000.0,no,no,yes,no,,,,,
315664,Florence Foster Jenkins,"Comedy, Drama",2016-05-06,6.7,48902953.0,,29000000.0,yes,no,yes,yes,,,,,
302688,My Big Fat Greek Wedding 2,"Romance, Comedy, Family",2016-03-23,5.6,90632641.0,,18000000.0,yes,no,yes,yes,,,,,
297806,I Saw the Light,"Drama, Music",2016-02-05,5.9,,,13000000.0,yes,no,yes,no,,,,,
342521,Keanu,"Action, Comedy",2016-04-21,6.0,,,15000000.0,yes,no,no,no,,,,,
296360,Love & Friendship,"Comedy, Drama, Romance",2016-05-27,6.4,,,3000000.0,yes,no,yes,yes,,,,,
295699,Everybody Wants Some!!,Comedy,2016-03-30,6.3,,,10000000.0,no,no,no,no,,,,,
369557,Sing Street,"Romance, Drama, Music",2016-03-11,8.0,,,4000000.0,yes,no,yes,yes,,,,,
370755,Paterson,"Comedy, Drama, Romance",2016-11-17,7.0,,,5000000.0,yes,no,yes,yes,,,,,
290595,The Huntsman: Winter's War,"Action, Adventure, Drama",2016-04-06,6.0,164989338.0,,115000000.0,yes,no,yes,no,,,,,
325133,Neighbors 2: Sorority Rising,Comedy,2016-05-04,5.6,108007109.0,,35000000.0,no,no,yes,no,,,,,
68016,Aadukalam,"Action, Drama, Thriller",2011-01-14,6.8,,,4000000.0,yes,no,no,no,,,,,
377985,Fan,"Action, Drama, Thriller",2016-04-15,6.2,28240000.0,,16000000.0,yes,no,no,no,,,,,
303858,Money Monster,Thriller,2016-05-12,6.5,93282604.0,,27000000.0,no,no,yes,no,,,,,
326423,Barbershop: The Next Cut,Comedy,2016-04-15,6.2,55630051.0,,20000000.0,no,no,yes,no,,,,,
330483,The Choice,"Drama, Romance",2016-02-04,6.7,23064015.0,,10000000.0,yes,no,yes,no,,,,,
127380,Finding Dory,"Adventure, Animation, Comedy, Family",2016-06-16,6.8,1028570889.0,,200000000.0,yes,no,yes,no,,,,,
323676,The Boss,Comedy,2016-04-07,5.5,78844582.0,,29000000.0,no,no,no,no,,,,,
333669,Bastille Day,Action,2016-04-22,6.0,,,20000000.0,no,yes,yes,yes,,,,,
316152,Free State of Jones,"War, Action, Drama, History, Thriller",2016-06-24,6.6,25035950.0,,50000000.0,yes,yes,yes,no,,,,,
153518,The Angry Birds Movie,"Family, Animation",2016-05-11,5.9,352333929.0,6.3,73000000.0,yes,no,yes,yes,"Finland, United States, United Kingdom, Australia, Canada, Slovakia",2016,97,8.0,3.0
384737,Precious Cargo,"Action, Crime, Thriller",2016-07-15,5.1,,,10500000.0,yes,no,yes,no,,,,,
188540,Arrambam,"Action, Thriller, Drama",2013-10-31,6.0,,,9200000.0,yes,no,no,no,,,,,
69417,Villan,"Action, Crime",2002-12-05,6.7,,,500000.0,yes,no,no,no,,,,,
69399,Citizen,"Drama, Action, Crime, Foreign",2001-06-08,5.9,,,500000.0,yes,no,no,no,,,,,
353069,Mother's Day,Comedy,2016-04-28,5.8,48782670.0,,25000000.0,no,no,yes,no,,,,,
302401,Snowden,"Drama, Thriller",2016-09-15,7.0,37357216.0,,40000000.0,yes,no,yes,yes,,,,,
234004,Ratchet & Clank,"Action, Adventure, Animation, Family",2016-04-13,5.4,,,20000000.0,yes,no,yes,yes,,,,,
257440,Term Life,"Thriller, Drama, Crime",2016-04-29,5.7,,,16500000.0,yes,no,yes,no,,,,,
290250,The Nice Guys,"Action, Comedy, Crime, Thriller",2016-05-15,7.0,71261763.0,,50000000.0,yes,no,yes,yes,,,,,
270010,A Hologram for the King,"Comedy, Drama",2016-04-22,5.8,,,30000000.0,yes,yes,yes,yes,,,,,
62756,Singam,"Action, Comedy, Crime",2010-05-28,6.9,,,2200000.0,yes,no,yes,no,,,,,
86718,7Aum Arivu,"Action, Science Fiction, Thriller",2011-10-26,6.6,,,16000000.0,yes,yes,no,no,,,,,
241259,Alice Through the Looking Glass,"Family, Fantasy",2016-05-25,6.5,299457024.0,,170000000.0,yes,no,yes,yes,,,,,
267935,The BFG,"Adventure, Family, Fantasy",2016-06-01,6.0,195243411.0,,140000000.0,yes,no,yes,yes,,,,,
334533,Captain Fantastic,"Adventure, Comedy, Drama, Romance",2016-07-02,7.9,,,5000000.0,yes,yes,yes,no,,,,,
374475,Toni Erdmann,"Comedy, Drama",2016-07-14,7.3,,,3537415.0,yes,yes,yes,yes,,,,,
291805,Now You See Me 2,"Action, Adventure, Comedy, Crime, Mystery, Thriller",2016-06-02,6.7,334897606.0,,90000000.0,yes,yes,yes,yes,,,,,
347031,Swiss Army Man,"Comedy, Drama, Romance, Fantasy, Adventure",2016-06-24,6.8,,,3000000.0,yes,no,yes,no,,,,,
308531,Teenage Mutant Ninja Turtles: Out of the Shadows,"Fantasy, Action, Adventure, Comedy",2016-06-01,5.8,245623848.0,,135000000.0,yes,no,yes,yes,,,,,
257345,The Darkness,"Horror, Thriller",2016-05-13,4.5,,,4000000.0,yes,no,yes,no,,,,,
58522,Boris - Il film,Comedy,2011-04-01,6.8,,,3347850.0,no,no,yes,no,,,,,
259693,The Conjuring 2,Horror,2016-05-13,7.0,321370008.0,,40000000.0,no,no,yes,yes,,,,,
43074,Ghostbusters,"Action, Fantasy, Comedy",2016-07-14,5.3,229379150.0,,144000000.0,yes,no,yes,no,,,,,
302699,Central Intelligence,"Action, Comedy",2016-06-15,6.2,216940871.0,,50000000.0,yes,no,yes,no,,,,,
377213,Te3n,"Mystery, Thriller, Drama",2016-06-10,6.8,,,5069632.0,yes,yes,yes,no,,,,,
324668,Jason Bourne,"Action, Thriller",2016-07-27,5.9,415484914.0,,120000000.0,yes,no,yes,yes,,,,,
258489,The Legend of Tarzan,"Action, Adventure",2016-06-29,5.5,357243061.0,,180000000.0,yes,no,yes,yes,,,,,
316727,The Purge: Election Year,"Action, Horror, Thriller",2016-06-29,6.1,118587880.0,,10000000.0,yes,no,yes,yes,,,,,
316023,Mike and Dave Need Wedding Dates,Comedy,2016-07-07,5.9,77068246.0,,33000000.0,no,no,yes,no,,,,,
278154,Ice Age: Collision Course,"Adventure, Animation, Family, Comedy",2016-06-23,5.6,408579038.0,,105000000.0,yes,no,yes,no,,,,,
294272,Pete's Dragon,"Adventure, Family, Fantasy",2016-08-10,6.2,143695338.0,,65000000.0,yes,no,yes,no,,,,,
328387,Nerve,"Mystery, Adventure, Crime",2016-07-27,7.1,85251425.0,,19000000.0,yes,no,yes,no,,,,,
363676,Sully,"Drama, History",2016-09-07,7.0,243870033.0,,60000000.0,yes,no,yes,no,,,,,
376812,Sultan,"Drama, Action",2016-07-06,7.0,87280000.0,,10400000.0,yes,yes,no,no,,,,,
15467,Kismat Konnection,"Drama, Comedy, Romance, Foreign",2008-07-18,5.0,,,4180000.0,yes,no,no,no,,,,,
325789,The Infiltrator,"Crime, Drama, Thriller",2016-07-13,6.6,,,25000000.0,yes,yes,no,no,,,,,
308266,War Dogs,"Comedy, Crime, Drama",2016-08-17,6.8,86434523.0,,40000000.0,yes,yes,yes,yes,,,,,
376659,Bad Moms,Comedy,2016-07-28,6.3,183936074.0,,20000000.0,no,yes,yes,no,,,,,
338766,Hell or High Water,"Crime, Drama, Thriller, Western",2016-08-12,7.2,37879877.0,,12000000.0,yes,no,yes,no,,,,,
368940,Robinson Crusoe,"Adventure, Animation, Comedy, Family",2016-02-04,5.8,,,13500000.0,yes,yes,yes,yes,,,,,
376660,The Edge of Seventeen,"Comedy, Drama",2016-11-18,7.3,,,9000000.0,yes,no,yes,no,,,,,
351339,Anthropoid,"History, Thriller, War",2016-08-12,6.9,,,9000000.0,yes,yes,yes,yes,,,,,
337674,Elle,"Drama, Thriller",2016-05-25,6.6,,,9804690.0,yes,no,yes,yes,,,,,
278924,Mechanic: Resurrection,"Action, Crime, Thriller",2016-08-25,5.3,125729635.0,,40000000.0,yes,yes,yes,yes,,,,,
333484,The Magnificent Seven,"Adventure, Action, Western",2016-09-14,5.9,162360636.0,,90000000.0,yes,no,yes,no,,,,,
270774,Skiptrace,"Action, Comedy",2016-07-21,5.5,,,32000000.0,yes,yes,yes,yes,,,,,
376867,Moonlight,Drama,2016-10-21,7.3,65172611.0,,4000000.0,no,no,yes,no,,,,,
213681,Masterminds,"Action, Comedy, Crime",2016-09-29,5.6,29674699.0,,25000000.0,yes,yes,yes,yes,,,,,
393841,#Pellichoopulu,"Romance, Comedy",2016-07-29,7.8,,,200000.0,yes,no,yes,no,,,,,
313297,Kubo and the Two Strings,"Animation, Adventure, Family",2016-08-18,7.7,76249438.0,,60000000.0,yes,no,no,no,,,,,
95610,Bridget Jones's Baby,Comedy,2016-09-14,6.3,211952420.0,,35000000.0,no,no,yes,yes,,,,,
283552,The Light Between Oceans,Drama,2016-09-02,6.9,25975621.0,,20000000.0,no,no,yes,no,,,,,
377264,Morgan,"Horror, Science Fiction, Thriller",2016-09-01,5.7,,,8000000.0,yes,yes,yes,no,,,,,
317557,Queen of Katwe,Drama,2016-09-23,7.1,,,15000000.0,no,no,yes,yes,,,,,
296524,Deepwater Horizon,"Drama, Action",2016-09-29,6.5,121790373.0,,110000000.0,yes,no,yes,yes,,,,,
283366,Miss Peregrine's Home for Peculiar Children,"Drama, Fantasy, Adventure",2016-09-28,6.5,296482446.0,,110000000.0,yes,no,yes,yes,,,,,
346685,The Girl on the Train,"Crime, Drama, Mystery, Romance, Thriller",2016-10-05,6.2,173185859.0,,45000000.0,yes,yes,yes,no,,,,,
369883,Middle School: The Worst Years of My Life,"Family, Comedy",2016-10-07,6.9,23316139.0,,8500000.0,yes,yes,yes,no,,,,,
302946,The Accountant,"Crime, Thriller, Drama",2016-10-14,6.9,155560045.0,,44000000.0,yes,no,yes,no,,,,,
347126,God's Not Dead 2,Drama,2016-04-01,5.6,24487848.0,,5000000.0,no,no,no,no,,,,,
402672,Mohenjo Daro,"Adventure, Drama, History, Romance",2016-08-11,6.7,,,15050000.0,yes,no,yes,no,,,,,
368942,A Quiet Passion,Drama,2016-10-07,7.5,,,8138338.0,no,no,yes,yes,,,,,
2324,Local Color,Drama,2006-09-19,6.1,,,3250000.0,no,no,yes,no,,,,,
110669,Wabash Avenue,Music,1950-03-31,7.0,,,2115000.0,no,no,no,no,,,,,
377273,Aquarius,Drama,2016-09-01,7.5,,,762241.0,no,no,yes,yes,,,,,
324786,Hacksaw Ridge,"Drama, History, War",2016-10-07,7.8,180563636.0,,40000000.0,yes,yes,yes,yes,,,,,
293767,Billy Lynn's Long Halftime Walk,"Drama, War",2016-11-10,5.9,30930984.0,,40000000.0,yes,no,yes,yes,,,,,
351211,Blair Witch,"Thriller, Horror",2016-09-15,4.9,45173154.0,,5000000.0,yes,no,yes,yes,,,,,
325346,The Hollars,"Comedy, Drama",2016-08-25,6.4,,,3800000.0,yes,no,yes,no,,,,,
339419,Loving,"Drama, Romance",2016-11-04,6.5,,,9000000.0,yes,no,yes,yes,,,,,
284564,31,"Horror, Thriller",2016-09-15,4.9,,,1500000.0,yes,yes,yes,yes,,,,,
258230,A Monster Calls,"Drama, Fantasy",2016-10-07,6.8,47309313.0,,43000000.0,yes,no,yes,yes,,,,,
329865,Arrival,"Thriller, Drama, Science Fiction, Mystery",2016-11-10,7.2,203388186.0,,47000000.0,yes,yes,yes,no,,,,,
313369,La La Land,"Comedy, Drama, Music, Romance",2016-11-29,7.9,447407695.0,,30000000.0,yes,no,yes,no,,,,,
369885,Allied,"Action, Drama, War, Romance, Thriller",2016-11-17,6.6,119520023.0,,85000000.0,yes,yes,yes,yes,,,,,
207932,Inferno,Thriller,2016-10-13,5.7,220021259.0,,75000000.0,no,no,yes,yes,,,,,
331313,Keeping Up with the Joneses,"Action, Comedy",2016-10-20,5.9,29918745.0,,40000000.0,yes,yes,yes,no,,,,,
335796,Ouija: Origin of Evil,"Horror, Thriller",2016-10-20,5.8,81705746.0,,9000000.0,yes,no,yes,no,,,,,
136799,Trolls,"Adventure, Animation, Family",2016-10-13,6.7,347013487.0,,125000000.0,yes,no,yes,no,,,,,
286567,Max Steel,"Action, Adventure, Science Fiction",2016-10-14,5.1,,,10000000.0,yes,no,yes,yes,,,,,
402298,Denial,"Drama, History",2016-09-30,6.5,,,10000000.0,yes,no,yes,yes,,,,,
343611,Jack Reacher: Never Go Back,Action,2016-10-19,5.3,162146076.0,,60000000.0,no,no,yes,yes,,,,,
334541,Manchester by the Sea,Drama,2016-11-18,7.5,78988148.0,,9000000.0,no,no,yes,no,,,,,
334543,Lion,Drama,2016-11-24,8.0,140312928.0,,12000000.0,no,yes,yes,yes,,,,,
340402,Almost Christmas,"Comedy, Drama",2016-11-11,5.4,42580920.0,,17000000.0,yes,no,yes,no,,,,,
345920,Collateral Beauty,"Drama, Romance",2016-12-06,6.9,88616021.0,,36000000.0,yes,no,yes,no,,,,,
347026,A United Kingdom,"Drama, History",2016-11-25,6.5,,,14000000.0,yes,no,no,no,,,,,
329981,Shut In,"Drama, Thriller",2016-11-11,4.8,,,10000000.0,yes,no,yes,yes,,,,,
277834,Moana,"Adventure, Animation, Family",2016-11-23,7.3,643331111.0,,150000000.0,yes,no,yes,no,,,,,
376866,Jackie,Drama,2016-12-02,6.5,29777777.0,,9000000.0,no,yes,yes,yes,,,,,
384682,Office Christmas Party,Comedy,2016-11-25,5.4,114501299.0,,45000000.0,no,no,yes,no,,,,,
44010,Logan,"Comedy, Drama, Family",2010-09-10,5.3,619021436.0,,135000.0,yes,no,yes,no,,,,,
365942,The Space Between Us,"Romance, Adventure, Science Fiction, Drama",2017-01-26,7.2,,,30000000.0,yes,no,yes,no,,,,,
330459,Rogue One: A Star Wars Story,"Action, Adventure, Science Fiction",2016-12-14,7.4,1056057273.0,,200000000.0,yes,no,yes,no,,,,,
259695,Live by Night,"Crime, Drama",2016-12-25,6.2,,,108000000.0,yes,yes,yes,no,,,,,
381288,Split,"Horror, Thriller",2016-11-15,7.0,278454358.0,,9000000.0,yes,no,yes,no,,,,,
346672,Underworld: Blood Wars,"Action, Fantasy, Horror",2016-11-28,5.2,81093313.0,,35000000.0,yes,yes,yes,no,,,,,
376290,Miss Sloane,"Drama, Thriller",2016-11-25,7.2,,,13000000.0,yes,no,yes,yes,,,,,
291328,Rules Don't Apply,"Comedy, Drama, Romance",2016-11-23,5.9,,,25000000.0,yes,no,yes,no,,,,,
274870,Passengers,"Adventure, Drama, Romance, Science Fiction",2016-12-21,6.7,303144152.0,,110000000.0,yes,no,yes,no,,,,,
381284,Hidden Figures,Drama,2016-12-10,7.8,235956898.0,,25000000.0,no,no,yes,no,,,,,
393457,Fences,Drama,2016-12-16,6.7,64414761.0,,24000000.0,no,no,yes,no,,,,,
332979,Bleed for This,Drama,2016-11-04,6.7,,,6000000.0,no,yes,yes,no,,,,,
342737,20th Century Women,Drama,2016-12-25,7.3,,,7000000.0,no,yes,yes,no,,,,,
311324,The Great Wall,"Action, Adventure, Fantasy",2016-12-16,5.8,334933831.0,,150000000.0,yes,yes,yes,yes,,,,,
310307,The Founder,"Drama, History",2016-11-24,7.0,24121245.0,,25000000.0,yes,no,yes,no,,,,,
356305,Why Him?,Comedy,2016-12-22,6.3,118102725.0,,38000000.0,no,no,yes,no,,,,,
335797,Sing,"Animation, Comedy, Drama, Family, Music",2016-11-23,6.8,634151679.0,,75000000.0,yes,no,yes,no,,,,,
413543,Dear Zindagi,"Drama, Romance",2016-11-24,6.9,,,4300000.0,yes,no,yes,no,,,,,
121856,Assassin's Creed,"Action, Adventure, Science Fiction",2016-12-21,5.4,240697856.0,,125000000.0,yes,yes,yes,yes,,,,,
381289,A Dog's Purpose,"Comedy, Drama, Family, Fantasy",2017-01-19,6.6,205035819.0,,22000000.0,yes,no,yes,no,,,,,
195590,Collide,"Thriller, Action",2016-08-04,5.5,,,21500000.0,yes,yes,yes,yes,,,,,
388399,Patriots Day,"Crime, Drama, Thriller",2016-12-12,6.8,52185751.0,,45000000.0,yes,yes,yes,yes,,,,,
334524,Gold,"Thriller, Adventure, Drama",2016-12-22,6.6,,,20000000.0,yes,yes,yes,no,,,,,
262841,Monster Trucks,"Action, Comedy, Science Fiction",2016-12-21,6.0,64493915.0,,125000000.0,yes,no,yes,no,,,,,
324542,Sleepless,"Action, Crime, Thriller",2017-01-12,5.8,32917353.0,,30000000.0,yes,no,yes,no,,,,,
340837,A Cure for Wellness,"Mystery, Thriller, Horror, Science Fiction",2017-02-15,6.0,26620002.0,,40000000.0,yes,yes,yes,yes,,,,,
404378,A Street Cat Named Bob,"Drama, Family, Comedy",2016-11-04,7.5,,,8000000.0,yes,no,yes,no,,,,,
47971,xXx: Return of Xander Cage,"Action, Adventure, Crime",2017-01-13,5.5,346118277.0,,85000000.0,yes,no,yes,no,,,,,
292280,The Bye Bye Man,"Horror, Thriller",2017-01-12,5.1,29874280.0,,7400000.0,yes,no,yes,no,,,,,
324849,The Lego Batman Movie,"Action, Animation, Comedy, Family, Fantasy",2017-02-08,7.2,312150384.0,7.3,80000000.0,yes,no,yes,yes,"United States, Denmark, Australia",2017,104,68.0,13.0
335791,When the Bough Breaks,"Mystery, Drama, Horror",2016-09-09,5.3,30658387.0,,10000000.0,yes,no,yes,no,,,,,
409502,I'm Not Ashamed,Drama,2016-10-21,7.0,,,1500000.0,no,no,yes,no,,,,,
14564,Rings,Horror,2017-02-01,4.8,83080890.0,,25000000.0,no,no,yes,no,,,,,
324552,John Wick: Chapter 2,"Thriller, Action, Crime",2017-02-08,6.7,171539887.0,,40000000.0,yes,yes,yes,no,,,,,
419430,Get Out,"Mystery, Thriller, Horror",2017-02-24,7.2,255407969.0,,5000000.0,yes,no,yes,no,,,,,
263115,Logan,"Action, Drama, Science Fiction",2017-02-28,7.6,619021436.0,,97000000.0,yes,yes,yes,no,,,,,
293167,Kong: Skull Island,"Action, Adventure, Fantasy",2017-03-08,6.2,568652812.0,,185000000.0,yes,no,yes,no,,,,,
180863,T2 Trainspotting,"Crime, Drama",2017-01-27,7.1,41681746.0,,18000000.0,yes,yes,yes,no,,,,,
397837,Before I Fall,"Mystery, Drama, Thriller",2017-03-02,6.8,,,5000000.0,yes,no,yes,no,,,,,
274857,King Arthur: Legend of the Sword,"Action, Drama, Fantasy",2017-04-27,6.5,149175066.0,,175000000.0,yes,yes,yes,no,,,,,
241258,Incarnate,"Horror, Thriller",2016-12-01,5.1,,,5000000.0,yes,no,yes,no,,,,,
321612,Beauty and the Beast,"Family, Fantasy, Romance",2017-03-16,6.8,1263521126.0,,160000000.0,yes,no,yes,yes,,,,,
295693,The Boss Baby,"Animation, Comedy, Family",2017-03-23,6.1,527965936.0,,125000000.0,yes,no,yes,no,,,,,
173897,Resident Evil: The Final Chapter,"Action, Horror, Science Fiction",2016-12-23,5.9,312242626.0,,40000000.0,yes,no,yes,yes,,,,,
428449,A Ghost Story,"Drama, Fantasy, Romance",2017-07-07,6.8,,,100000.0,yes,no,yes,no,,,,,
315837,Ghost in the Shell,"Action, Science Fiction, Thriller",2017-03-29,5.9,169801921.0,,110000000.0,yes,yes,yes,yes,,,,,
341174,Fifty Shades Darker,"Drama, Romance",2017-02-08,6.0,381545846.0,,55000000.0,yes,no,yes,no,,,,,
330947,Song to Song,"Drama, Music, Romance",2017-03-17,5.4,,,10000000.0,yes,no,yes,no,,,,,
73981,Ayurveda: Art of Being,Documentary,2001-09-20,5.5,,,300000.0,no,yes,yes,yes,,,,,
340101,Their Finest,"Romance, War, Comedy, Drama",2017-04-06,7.1,,,32745300.0,yes,no,yes,no,,,,,
433356,The Ottoman Lieutenant,"Romance, Drama, War",2017-03-10,6.5,,,40000000.0,yes,no,no,yes,,,,,
340676,Personal Shopper,"Drama, Mystery, Thriller",2016-10-19,5.8,,,6000000.0,yes,yes,yes,yes,,,,,
345938,The Shack,"Drama, Fantasy",2017-03-03,6.9,96942115.0,,20000000.0,yes,no,yes,no,,,,,
395992,Life,"Horror, Science Fiction, Thriller",2017-03-22,6.3,100541806.0,,58000000.0,yes,yes,yes,no,,,,,
314095,The Lost City of Z,"Action, Adventure, Drama, History",2016-10-15,6.1,,,30000000.0,yes,yes,yes,yes,,,,,
305470,Power Rangers,"Action, Adventure, Science Fiction",2017-03-23,6.3,142337240.0,,100000000.0,yes,no,yes,yes,,,,,
126889,Alien: Covenant,"Horror, Science Fiction, Thriller",2017-05-09,5.7,240891763.0,,97000000.0,yes,no,yes,yes,,,,,
334521,Free Fire,"Action, Comedy, Crime, Thriller",2017-03-31,6.3,,,10000000.0,yes,no,yes,yes,,,,,
417644,CHiPS,"Action, Comedy, Crime",2017-03-23,6.2,,,25000000.0,yes,yes,yes,no,,,,,
353070,Going in Style,"Crime, Comedy, Drama",2017-04-06,6.6,85218541.0,,25000000.0,yes,no,yes,no,,,,,
403390,Bitter Harvest,"War, Drama, History, Romance",2017-02-23,6.7,,,20000000.0,yes,no,yes,no,,,,,
21778,RRRrrrr!!!,Comedy,2004-01-28,6.2,13315054.0,,17820000.0,no,no,no,no,,,,,
289222,The Zookeeper's Wife,"Drama, History",2017-03-31,7.1,26152835.0,,20000000.0,yes,no,yes,yes,,,,,
400928,Gifted,Drama,2017-04-12,7.7,43046590.0,,7000000.0,no,no,yes,no,,,,,
368006,24,"Action, Science Fiction, Thriller",2016-05-05,7.1,,,10000000.0,yes,no,yes,no,,,,,
417830,Diary of a Wimpy Kid: The Long Haul,"Comedy, Family",2017-05-19,6.1,40140972.0,,22000000.0,yes,no,no,no,,,,,
339846,Baywatch,"Action, Comedy",2017-05-12,6.1,177856751.0,,69000000.0,yes,no,yes,no,,,,,
418437,Unforgettable,"Drama, Thriller",2017-04-20,5.7,,,12000000.0,yes,no,no,no,,,,,
373569,Snatched,"Action, Comedy",2017-05-03,5.2,60845711.0,,42000000.0,yes,yes,yes,no,,,,,
282035,The Mummy,"Thriller, Action, Adventure",2017-06-06,5.4,409231607.0,,125000000.0,yes,yes,yes,no,,,,,
337339,The Fate of the Furious,"Action, Crime, Thriller",2017-04-12,6.8,1236005118.0,,250000000.0,yes,no,yes,no,,,,,
260514,Cars 3,"Family, Comedy, Animation, Adventure",2017-06-15,6.6,383930656.0,,175000000.0,yes,no,yes,no,,,,,
382614,The Book of Henry,"Thriller, Drama, Crime",2017-06-16,7.6,,,10000000.0,yes,no,yes,no,,,,,
333384,Lowriders,Drama,2017-04-28,7.0,,,916000.0,no,no,yes,no,,,,,
350312,Baahubali 2: The Conclusion,"Action, Adventure, History, War",2017-04-27,6.7,254158390.0,,18000000.0,yes,yes,no,no,,,,,
399019,The Beguiled,"Drama, Western",2017-06-23,5.8,27869129.0,,10500000.0,yes,yes,yes,no,,,,,
339403,Baby Driver,"Action, Crime",2017-06-28,7.2,226945087.0,,34000000.0,yes,no,yes,yes,,,,,
397422,Rough Night,"Drama, Comedy",2017-06-15,5.6,47347283.0,,20000000.0,yes,no,yes,no,,,,,
324852,Despicable Me 3,"Action, Animation, Adventure, Family, Comedy",2017-06-15,6.2,1034799409.0,,80000000.0,yes,no,no,no,,,,,
333667,Rock Dog,"Adventure, Animation, Comedy, Family, Music",2016-07-08,5.8,23139802.0,,60000000.0,yes,no,yes,yes,,,,,
375867,Paris Can Wait,"Drama, Romance",2016-09-12,6.4,,,5000000.0,yes,yes,no,no,,,,,
281338,War for the Planet of the Apes,"Drama, Science Fiction, War",2017-07-11,6.7,490719763.0,,152000000.0,yes,no,no,yes,,,,,
293768,Kidnap,"Drama, Thriller",2017-08-04,6.0,34814102.0,,21000000.0,yes,no,yes,yes,,,,,
339964,Valerian and the City of a Thousand Planets,"Adventure, Science Fiction, Action",2017-07-20,6.7,225874228.0,,197471676.0,yes,yes,no,no,,,,,
8453,Fanaa,"Action, Drama, Romance, Thriller",2006-05-26,6.7,22175908.0,,5300000.0,yes,yes,no,no,,,,,
341013,Atomic Blonde,"Action, Thriller",2017-07-26,6.1,100014025.0,,30000000.0,yes,yes,yes,yes,,,,,
374720,Dunkirk,"Action, Drama, History, Thriller, War",2017-07-19,7.5,526045546.0,,100000000.0,yes,yes,yes,yes,,,,,
335988,Transformers: The Last Knight,"Action, Science Fiction, Thriller, Adventure",2017-06-21,6.2,605425157.0,,260000000.0,yes,no,yes,no,,,,,
26147,FC Venus,"Comedy, Romance",2005-12-30,5.6,,,2196531.0,yes,no,no,no,,,,,
353491,The Dark Tower,"Action, Western, Science Fiction, Fantasy, Horror",2017-08-03,5.7,113231078.0,,60000000.0,yes,no,yes,yes,,,,,
395834,Wind River,"Action, Crime, Mystery, Thriller",2017-08-03,7.4,43980821.0,,11000000.0,yes,no,yes,yes,,,,,
